productId,name,cleanName,imageUrl,categoryId,groupId,url,modifiedOn,imageCount,extRarity,extNumber,extDescription,extColor,extCardType,extCost,extPower,extSubtypes,extAttribute,lowPrice,midPrice,highPrice,marketPrice,directLowPrice,subTypeName,extCounterplus,extLife
450299,Monkey.D.Luffy (Promotion Pack 2022),MonkeyDLuffy Promotion Pack 2022,https://tcgplayer-cdn.tcgplayer.com/product/450299_200w.jpg,68,17675,https://cpt.tcgcsv.com/_7D5,2022-10-19T12:45:44.093,1,PR,P-001,"[DON!! x2] This Character gains [Rush]
<br>
<em>(This card can attack on the turn in which it is played.)</em>",Red,Character,6,7000,Straw Hat Crew;Supernovas,Strike,35.7,62.24,200.0,68.05,,Normal,,
450300,Monkey.D.Luffy (Super Pre-Release) [Participant],MonkeyDLuffy Super Pre Release Participant,https://tcgplayer-cdn.tcgplayer.com/product/450300_200w.jpg,68,17675,https://cpt.tcgcsv.com/08D5,2022-10-12T18:54:56.317,1,PR,P-001,"[DON!! x2] This Character gains [Rush]
<br>
<em>(This card can attack on the turn in which it is played.)</em>",Red,Character,6,7000,Straw Hat Crew;Supernovas,Strike,225.99,350.0,500.0,194.79,,Normal,,
450301,Monkey.D.Luffy (Super Pre-Release) [Winner],MonkeyDLuffy Super Pre Release Winner,https://tcgplayer-cdn.tcgplayer.com/product/450301_200w.jpg,68,17675,https://cpt.tcgcsv.com/28D5,2022-10-12T18:55:21.303,1,PR,P-001,"[DON!! x2] This Character gains [Rush]
<br>
<em>(This card can attack on the turn in which it is played.)</em>",Red,Character,6,7000,Straw Hat Crew;Supernovas,Strike,,,,,,,,
450302,I Smell Adventure Ahead! (Promotion Pack 2022),I Smell Adventure Ahead Promotion Pack 2022,https://tcgplayer-cdn.tcgplayer.com/product/450302_200w.jpg,68,17675,https://cpt.tcgcsv.com/38D5,2022-10-19T12:45:31.927,1,PR,P-002,"[Main] Return all cards in your hand to your deck and shuffle your deck. Then, draw cards equal to the number you returned to your deck.
<br><br>
[Trigger] Activate this card's [Main] effect.",Red,Event,1,,Straw Hat Crew,,2.68,7.55,80.0,3.53,,Normal,,
450303,"Eustass""Captain""Kid (Promotion Pack 2022)",EustassCaptainKid Promotion Pack 2022,https://tcgplayer-cdn.tcgplayer.com/product/450303_200w.jpg,68,17675,https://cpt.tcgcsv.com/58D5,2022-10-19T12:45:25.403,1,PR,P-003,"[DON!! x2] This Character gains [Double Attack]
<br>
<em>(This card deals 2 damage.)</em>",Green,Character,3,4000,Kid Pirates;Supernovas,Special,1.82,3.0,26.86,2.02,,Normal,1000,
450304,Crocodile (Promotion Pack 2022),Crocodile Promotion Pack 2022,https://tcgplayer-cdn.tcgplayer.com/product/450304_200w.jpg,68,17675,https://cpt.tcgcsv.com/68D5,2022-10-19T12:45:19.323,1,PR,P-004,"[DON!! x1] This Character gains [Blocker]
<br>
<em>(After your opponent declares an attack, you may rest this card to make it the new target of the attack.)</em>",Blue,Character,4,5000,Baroque Works;The Seven Warlords of the Sea,Special,0.45,2.0,25.0,1.38,,Normal,1000,
450305,Kaido (Promotion Pack 2022),Kaido Promotion Pack 2022,https://tcgplayer-cdn.tcgplayer.com/product/450305_200w.jpg,68,17675,https://cpt.tcgcsv.com/78D5,2022-10-19T12:45:37.77,1,PR,P-005,"[Activate:Main] DON!! -2 <em>(You may return the specified number of DON!! cards from your field to your DON!! deck.)</em>:
<br>
This Character gains [Banish] during this turn.
<br>
<em>(When this card deals damage, the target card is trashed without activating its Trigger.)</em>",Purple,Character,7,8000,Animal Kingdom Pirates;The Four Emperors,Strike,0.75,1.99,16.5,1.13,,Normal,,
451393,Monkey.D.Luffy - ST01-001 [Serial Number],MonkeyDLuffy ST01 001 Serial Number,https://tcgplayer-cdn.tcgplayer.com/product/451393_200w.jpg,68,17675,https://cpt.tcgcsv.com/TzD5,2023-02-06T19:48:45.68,1,PR,ST01-001,[Activate: Main] [Once Per Turn] Give this Leader or 1 of your Characters up to 1 rested DON!! card.,Red,Leader,,5000,Straw Hat Crew;Supernovas,Strike,,,,,,,,5
454250,I'm Gonna Be King of the Pirates!!,Im Gonna Be King of the Pirates,https://tcgplayer-cdn.tcgplayer.com/product/454250_200w.jpg,68,17675,https://cpt.tcgcsv.com/0KF5,2022-12-05T14:22:19.697,1,PR,P-024,"[Main] Your Leader gains +1000 power for each of your Characters during this turn.
<br>
[Trigger] Up to 1 of your Leader or Character cards gains +1000 power during this turn.",Green,Event,2,,Straw Hat Crew;Supernovas,,4.0,17.0,38.0,7.02,,Normal,,
455800,Monkey.D.Luffy - P-006 (Tournament Pack Vol. 1),MonkeyDLuffy P 006 Tournament Pack Vol 1,https://tcgplayer-cdn.tcgplayer.com/product/455800_200w.jpg,68,17675,https://cpt.tcgcsv.com/0lG5,2022-12-05T14:13:55.583,1,PR,P-006,[DON!! x2] [Your Turn] This Character gains +2000 power.,Red,Character,3,3000,Straw Hat Crew;Supernovas,Strike,6.99,10.0,50.0,8.2,,Normal,2000,
455801,Monkey.D.Luffy - P-007 (Tournament Pack Vol. 1),MonkeyDLuffy P 007 Tournament Pack Vol 1,https://tcgplayer-cdn.tcgplayer.com/product/455801_200w.jpg,68,17675,https://cpt.tcgcsv.com/2lG5,2022-12-05T14:14:03.497,1,PR,P-007,"[DON!! x1] This Character cannot be K.O.'d in battle by ""Strike"" attribute Leaders or Characters.",Red,Character,4,5000,Straw Hat Crew;Supernovas,Strike,14.0,19.22,199.0,18.3,,Normal,1000,
455802,Yamato (Tournament Pack Vol. 1),Yamato Tournament Pack Vol 1,https://tcgplayer-cdn.tcgplayer.com/product/455802_200w.jpg,68,17675,https://cpt.tcgcsv.com/3lG5,2022-12-05T14:14:17.633,1,PR,P-008,[Activate: Main] <strong>You may rest this Character:</strong> Rest 1 of your opponent's Characters with a cost of 2 or less.,Green,Character,3,5000,Wano Country,Strike,6.57,9.99,99.9,6.62,,Normal,,
455804,Trafalgar Law (Tournament Pack Vol. 1),Trafalgar Law Tournament Pack Vol 1,https://tcgplayer-cdn.tcgplayer.com/product/455804_200w.jpg,68,17675,https://cpt.tcgcsv.com/6lG5,2022-12-05T14:14:07.863,1,PR,P-009,"[On Play] If your opponent has 6 or more cards in their hand, your opponent adds 1 card from their Life area to their hand.",Blue,Character,6,7000,Heart Pirates;Supernovas,Slash,2.98,5.98,34.99,4.33,,Normal,,
455805,Kaido (Tournament Pack Vol. 1),Kaido Tournament Pack Vol 1,https://tcgplayer-cdn.tcgplayer.com/product/455805_200w.jpg,68,17675,https://cpt.tcgcsv.com/7lG5,2022-12-05T14:13:17.217,1,PR,P-010,[End of Your Turn] Add 1 DON!! card from your DON!! deck and set it as active.,Purple,Character,8,9000,Animal Kingdom Pirates;The Four Emperors,Special,5.0,8.45,99.9,6.11,,Normal,,
455814,Usopp - OP01-004 (Treasure Cup),Usopp OP01 004 Treasure Cup,https://tcgplayer-cdn.tcgplayer.com/product/455814_200w.jpg,68,17675,https://cpt.tcgcsv.com/jlG5,2023-02-06T19:41:44.827,1,PR,OP01-004,[DON!! x1] [Your Turn] [Once Per Turn] Draw 1 card when your opponent activates an Event.,Red,Character,2,3000,Straw Hat Crew,Ranged,,,,,,,2000,
455815,Tony Tony.Chopper - ST01-006 (Treasure Cup),Tony TonyChopper ST01 006 Treasure Cup,https://tcgplayer-cdn.tcgplayer.com/product/455815_200w.jpg,68,17675,https://cpt.tcgcsv.com/klG5,2023-02-06T19:41:48.773,1,PR,ST01-006,"[Blocker] <em>(After your opponent declares an attack, you may rest this card to make it the new target of the attack.)</em>",Red,Character,1,1000,Animal;Straw Hat Crew,Strike,2000.0,2000.0,2000.0,426.88,,Normal,,
455816,Roronoa Zoro - ST01-013 (Treasure Cup),Roronoa Zoro ST01 013 Treasure Cup,https://tcgplayer-cdn.tcgplayer.com/product/455816_200w.jpg,68,17675,https://cpt.tcgcsv.com/llG5,2023-02-06T19:44:05.067,1,PR,ST01-013,[DON!! x1] This Character gains +1000 power.,Red,Character,3,5000,Straw Hat Crew;Supernovas,Slash,3000.0,3000.0,3000.0,,,Foil,,
455819,Portgas.D.Ace (Event Pack Vol. 1),PortgasDAce Event Pack Vol 1,https://tcgplayer-cdn.tcgplayer.com/product/455819_200w.jpg,68,17675,https://cpt.tcgcsv.com/plG5,2023-02-06T19:45:19.297,1,PR,P-028,[Double Attack] <em>(This card deals 2 damage.)</em>,Red,Character,5,6000,Whitebeard Pirates,Special,39.99,43.99,750.0,45.71,,Foil,,
455820,Bartolomeo (Event Pack Vol. 1),Bartolomeo Event Pack Vol 1,https://tcgplayer-cdn.tcgplayer.com/product/455820_200w.jpg,68,17675,https://cpt.tcgcsv.com/qlG5,2023-02-06T19:45:16.017,1,PR,P-029,"[End of your Turn] <strong>You may rest this Character:</strong> Set up to 1 of your ""FILM"" type Characters other than [Bartolomeo] as active.",Green,Character,2,3000,Barto Club Pirates;Film;Supernovas,Special,0.61,1.75,70.0,1.19,,Foil,1000,
455823,Jinbe (Event Pack Vol. 1),Jinbe Event Pack Vol 1,https://tcgplayer-cdn.tcgplayer.com/product/455823_200w.jpg,68,17675,https://cpt.tcgcsv.com/tlG5,2023-02-06T19:45:12.08,1,PR,P-030,[On K.O.] Place up to 1 Character with a cost of 3 or less at the bottom of the owner's deck.,Blue,Character,4,5000,Fish-Man;The Seven Warlords of the Sea;The Sun Pirates,Strike,0.88,2.11,59.99,1.81,,Foil,1000,
455824,Uta (Event Pack Vol. 1),Uta Event Pack Vol 1,https://tcgplayer-cdn.tcgplayer.com/product/455824_200w.jpg,68,17675,https://cpt.tcgcsv.com/vlG5,2023-02-06T19:45:08.583,1,PR,P-031,[On Play] Add up to 1 DON!! card from your DON!! deck and rest it.,Purple,Character,5,6000,Film,Special,12.27,18.18,35.89,12.4,,Foil,,
455825,Sengoku (Event Pack Vol. 1),Sengoku Event Pack Vol 1,https://tcgplayer-cdn.tcgplayer.com/product/455825_200w.jpg,68,17675,https://cpt.tcgcsv.com/wlG5,2023-02-06T19:45:05.067,1,PR,P-032,[DON!! x1] [Your Turn] Give all of your opponent's Characters -2 cost.,Black,Character,5,6000,Navy,Wisdom,3.75,5.94,24.5,5.29,,Foil,,
457013,Tournament Pack Vol. 1,Tournament Pack Vol 1,https://tcgplayer-cdn.tcgplayer.com/product/457013_200w.jpg,68,17675,https://cpt.tcgcsv.com/hQG5,2023-10-13T18:49:32.54,1,,,,,,,,,,17.93,19.66,49.99,18.34,,Normal,,
457017,Winner Pack Vol. 1,Winner Pack Vol 1,https://tcgplayer-cdn.tcgplayer.com/product/457017_200w.jpg,68,17675,https://cpt.tcgcsv.com/mQG5,2023-10-13T18:53:47.787,1,,,,,,,,,,200.0,200.0,200.0,86.03,,Normal,,
457018,Monkey.D.Luffy - P-006 (Winner Pack Vol. 1),MonkeyDLuffy P 006 Winner Pack Vol 1,https://tcgplayer-cdn.tcgplayer.com/product/457018_200w.jpg,68,17675,https://cpt.tcgcsv.com/nQG5,2022-12-05T14:31:07.7,1,PR,P-006,[DON!! x2] [Your Turn] This Character gains +2000 power.,Red,Character,3,3000,Straw Hat Crew;Supernovas,Strike,145.0,209.0,299.99,212.96,,Normal,2000,
457019,Monkey.D.Luffy - P-007 (Winner Pack Vol. 1),MonkeyDLuffy P 007 Winner Pack Vol 1,https://tcgplayer-cdn.tcgplayer.com/product/457019_200w.jpg,68,17675,https://cpt.tcgcsv.com/pQG5,2022-12-05T14:32:19.977,1,PR,P-007,"[DON!! x1] This Character cannot be K.O.'d in battle by ""Strike"" attribute Leaders or Characters.",Red,Character,4,5000,Straw Hat Crew;Supernovas,Strike,189.99,244.5,499.95,261.9,,Normal,1000,
457021,Yamato - P-008 (Winner Pack Vol. 1),Yamato P 008 Winner Pack Vol 1,https://tcgplayer-cdn.tcgplayer.com/product/457021_200w.jpg,68,17675,https://cpt.tcgcsv.com/rQG5,2022-12-05T14:34:56.14,1,PR,P-008,[Activate:Main] <strong>You may rest this Character:</strong> Rest 1 of your opponent's Characters with a cost of 2 or less.,Green,Character,3,5000,Land of Wano,Strike,59.48,101.31,210.0,77.59,,Normal,,
457023,Trafalgar Law - P-009 (Winner Pack Vol. 1),Trafalgar Law P 009 Winner Pack Vol 1,https://tcgplayer-cdn.tcgplayer.com/product/457023_200w.jpg,68,17675,https://cpt.tcgcsv.com/tQG5,2022-12-05T14:47:03.907,1,PR,P-009,"[On Play] If your opponent has 6 or more cards in their hand, your opponent adds 1 card from their Life area to their hand.",Blue,Character,6,7000,Heart Pirates;Supernovas,Slash,78.0,86.3,199.99,46.61,,Normal,,
457024,Kaido - P-010 (Winner Pack Vol. 1),Kaido P 010 Winner Pack Vol 1,https://tcgplayer-cdn.tcgplayer.com/product/457024_200w.jpg,68,17675,https://cpt.tcgcsv.com/vQG5,2022-12-05T14:50:02.21,1,PR,P-010,[End of Your Turn] Add 1 DON!! card from your DON!! deck and set it as active.,Purple,Character,8,9000,Animal Kingdom Pirates;The Four Emperors,Special,74.5,86.47,199.99,38.28,,Normal,,
457025,Uta (One Piece Film Red),Uta One Piece Film Red,https://tcgplayer-cdn.tcgplayer.com/product/457025_200w.jpg,68,17675,https://cpt.tcgcsv.com/wQG5,2022-12-05T14:56:55.383,1,PR,P-011,[Activate:Main] [Once Per Turn] (1) <em>(You may rest the specified number of DON!! cards in your cost area)</em>: Up to 1 of your Characters with no base effect gains +2000 power during this turn.,Red,Leader,,5000,Film,Special,2.49,4.25,45.0,4.13,,Normal,,5
457026,Jellyfish Pirates (One Piece Film Red),Jellyfish Pirates One Piece Film Red,https://tcgplayer-cdn.tcgplayer.com/product/457026_200w.jpg,68,17675,https://cpt.tcgcsv.com/xQG5,2022-12-05T16:01:58.31,1,PR,P-012,,Red,Character,3,5000,Film;Jellyfish Pirates,Special,0.19,0.33,1.72,0.28,,Normal,1000,
457027,Gordon (One Piece Film Red),Gordon One Piece Film Red,https://tcgplayer-cdn.tcgplayer.com/product/457027_200w.jpg,68,17675,https://cpt.tcgcsv.com/zQG5,2022-12-05T16:04:59.703,1,PR,P-013,[Activate:Main] <strong>You may place this Character at the bottom of the owner's deck:</strong> Give up to 1 of your opponent's Characters -3000 power during this turn.,Red,Character,1,2000,Film,Wisdom,0.48,0.99,63.85,0.75,,Normal,,
457029,Koby (One Piece Film Red),Koby One Piece Film Red,https://tcgplayer-cdn.tcgplayer.com/product/457029_200w.jpg,68,17675,https://cpt.tcgcsv.com/CQG5,2022-12-05T16:06:29.337,1,PR,P-014,"[Blocker] <em>(After your opponent declares an attack, you may rest this card to make it the new target of the attack.)</em>
<br>
[Trigger] Play this card.",Red,Character,3,3000,Film;Navy,Strike,0.11,0.49,20.0,0.49,,Normal,,
457031,Sunny-Kun (One Piece Film Red),Sunny Kun One Piece Film Red,https://tcgplayer-cdn.tcgplayer.com/product/457031_200w.jpg,68,17675,https://cpt.tcgcsv.com/FQG5,2022-12-05T16:07:37.57,1,PR,P-015,,Red,Character,1,3000,Film;Straw Hat Crew,Wisdom,4.0,6.5,250.0,6.1,,Normal,1000,
457032,Shanks (One Piece Film Red),Shanks One Piece Film Red,https://tcgplayer-cdn.tcgplayer.com/product/457032_200w.jpg,68,17675,https://cpt.tcgcsv.com/GQG5,2022-12-05T16:08:55.32,1,PR,P-016,,Red,Character,8,10000,Film;The Four Emperors;Red-Haired Pirates,Slash,1.81,4.0,45.0,2.67,,Normal,1000,
457033,Trafalgar Law (One Piece Film Red),Trafalgar Law One Piece Film Red,https://tcgplayer-cdn.tcgplayer.com/product/457033_200w.jpg,68,17675,https://cpt.tcgcsv.com/HQG5,2022-12-05T16:09:57.667,1,PR,P-017,[On Play] Give up to 1 of your opponent's Characters -2000 power during this turn.,Red,Character,4,5000,Film;Heart Pirates;Supernovas,Slash,1.69,2.74,35.0,2.09,,Normal,1000,
457034,Bartolomeo (One Piece Film Red),Bartolomeo One Piece Film Red,https://tcgplayer-cdn.tcgplayer.com/product/457034_200w.jpg,68,17675,https://cpt.tcgcsv.com/JQG5,2022-12-05T16:11:58.883,1,PR,P-018,"[Blocker] <em>(After your opponent declares an attack, you may rest this card to make it the new target of the attack.)</em>",Red,Character,2,3000,Barto Club Pirates;Film;Supernovas,Strike,0.19,0.5,5.0,0.41,,Normal,,
457035,Bepo (One Piece Film Red),Bepo One Piece Film Red,https://tcgplayer-cdn.tcgplayer.com/product/457035_200w.jpg,68,17675,https://cpt.tcgcsv.com/KQG5,2022-12-05T16:14:19.69,1,PR,P-019,[DON!! x1] [When Attacking] K.O. up to 1 of your opponent's Characters with 3000 power or less.,Red,Character,3,2000,Film;Heart Pirates;Minks,Strike,0.4,0.75,9.99,0.64,,Normal,2000,
457036,Helmeppo (One Piece Film Red),Helmeppo One Piece Film Red,https://tcgplayer-cdn.tcgplayer.com/product/457036_200w.jpg,68,17675,https://cpt.tcgcsv.com/LQG5,2022-12-05T16:15:19.25,1,PR,P-020,[On Play] Up to 1 of your Leader or Character cards gains +1000 power during this turn.,Red,Character,1,2000,Film;Navy,Slash,0.2,0.49,25.0,0.36,,Normal,1000,
457038,Benn.Beckman (One Piece Film Red),BennBeckman One Piece Film Red,https://tcgplayer-cdn.tcgplayer.com/product/457038_200w.jpg,68,17675,https://cpt.tcgcsv.com/NQG5,2022-12-05T16:16:22.213,1,PR,P-021,,Red,Character,7,9000,Film;Red-Haired Pirates,Ranged,0.15,0.5,6.25,0.45,,Normal,1000,
457039,Monkey.D.Luffy (One Piece Film Red),MonkeyDLuffy One Piece Film Red,https://tcgplayer-cdn.tcgplayer.com/product/457039_200w.jpg,68,17675,https://cpt.tcgcsv.com/PQG5,2022-12-05T16:17:24.19,1,PR,P-022,,Red,Character,4,6000,Film;Straw Hat Crew;Supernovas,Strike,9.69,25.0,9999.0,17.32,,Normal,1000,
457040,Yasopp (One Piece Film Red),Yasopp One Piece Film Red,https://tcgplayer-cdn.tcgplayer.com/product/457040_200w.jpg,68,17675,https://cpt.tcgcsv.com/QQG5,2022-12-05T16:18:39.177,1,PR,P-023,,Red,Character,6,8000,Film;Red-Haired Pirates,Ranged,0.2,0.5,4.5,0.37,,Normal,1000,
457043,Promotion Pack 2022,Promotion Pack 2022,https://tcgplayer-cdn.tcgplayer.com/product/457043_200w.jpg,68,17675,https://cpt.tcgcsv.com/TQG5,2022-12-05T16:47:59.077,1,,,,,,,,,,52.0,74.5,500.0,62.95,,Normal,,
482215,Smoker (Pre-Release),Smoker Pre Release,https://tcgplayer-cdn.tcgplayer.com/product/482215_200w.jpg,68,17675,https://cpt.tcgcsv.com/kVS5,2023-03-03T20:03:30.183,1,PR,P-025,"[DON!! x1] This Character cannot be K.O.'d in battle by Characters without the ""Special"" attribute.",Black,Character,3,5000,Navy,Special,2.25,3.78,10.0,2.45,,Normal,,
482216,Smoker (Pre-Release) [Winner],Smoker Pre Release Winner,https://tcgplayer-cdn.tcgplayer.com/product/482216_200w.jpg,68,17675,https://cpt.tcgcsv.com/lVS5,2023-03-03T20:03:39.417,1,PR,P-025,"[DON!! x1] This Character cannot be K.O.'d in battle by Characters without the ""Special"" attribute.",Black,Character,3,5000,Navy,Special,81.32,96.25,189.99,83.72,,Foil,,
482218,Trafalgar Law (Online Regional 2023) [Participant],Trafalgar Law Online Regional 2023 Participant,https://tcgplayer-cdn.tcgplayer.com/product/482218_200w.jpg,68,17675,https://cpt.tcgcsv.com/nVS5,2023-04-17T13:18:05.183,1,PR,OP02-035,[Activate:Main] (1) <em>(You may rest the specified number of DON!! cards in your cost area.)</em> <strong>You may return this Character to the owner's hand:</strong> Play up to 1 Character with a cost of 3 from your hand.,Green,Character,2,3000,Heart Pirates;Supernovas,Slash,49.98,49.99,69.69,35.79,,Foil,1000,
482219,Trafalgar Law (Online Regional 2023) [Finalist],Trafalgar Law Online Regional 2023 Finalist,https://tcgplayer-cdn.tcgplayer.com/product/482219_200w.jpg,68,17675,https://cpt.tcgcsv.com/pVS5,2023-04-17T13:18:01.163,1,PR,OP02-035,[Activate:Main] (1) <em>(You may rest the specified number of DON!! cards in your cost area.)</em> <strong>You may return this Character to the owner's hand:</strong> Play up to 1 Character with a cost of 3 from your hand.,Green,Character,2,3000,Heart Pirates;Supernovas,Slash,244.99,281.71,500.0,210.32,,Foil,1000,
482220,Trafalgar Law (Online Regional 2023) [Winner],Trafalgar Law Online Regional 2023 Winner,https://tcgplayer-cdn.tcgplayer.com/product/482220_200w.jpg,68,17675,https://cpt.tcgcsv.com/qVS5,2023-04-17T13:18:08.95,1,PR,OP02-035,[Activate:Main] (1) <em>(You may rest the specified number of DON!! cards in your cost area.)</em> <strong>You may return this Character to the owner's hand:</strong> Play up to 1 Character with a cost of 3 from your hand.,Green,Character,2,3000,Heart Pirates;Supernovas,Slash,,,,,,,1000,
482221,Koby (Online Regional 2023) [Participant],Koby Online Regional 2023 Participant,https://tcgplayer-cdn.tcgplayer.com/product/482221_200w.jpg,68,17675,https://cpt.tcgcsv.com/rVS5,2023-04-17T13:19:43.98,1,PR,OP02-098,[On Play] <strong>You may trash 1 card from your hand:</strong> K.O. up to 1 of your opponent's Characters with a cost of 3 or less.,Black,Character,3,4000,Navy,Strike,46.76,51.95,60.0,51.89,,Foil,1000,
482222,Koby (Online Regional 2023) [Finalist],Koby Online Regional 2023 Finalist,https://tcgplayer-cdn.tcgplayer.com/product/482222_200w.jpg,68,17675,https://cpt.tcgcsv.com/sVS5,2023-04-17T13:19:40.003,1,PR,OP02-098,[On Play] <strong>You may trash 1 card from your hand:</strong> K.O. up to 1 of your opponent's Characters with a cost of 3 or less.,Black,Character,3,4000,Navy,Strike,345.0,560.0,775.0,,,Foil,1000,
482223,Koby (Online Regional 2023) [Winner],Koby Online Regional 2023 Winner,https://tcgplayer-cdn.tcgplayer.com/product/482223_200w.jpg,68,17675,https://cpt.tcgcsv.com/tVS5,2023-04-17T13:19:52.5,1,PR,OP02-098,[On Play] <strong>You may trash 1 card from your hand:</strong> K.O. up to 1 of your opponent's Characters with a cost of 3 or less.,Black,Character,3,4000,Navy,Strike,,,,,,,1000,
482224,Sanji (Online Regional 2023) [Participant],Sanji Online Regional 2023 Participant,https://tcgplayer-cdn.tcgplayer.com/product/482224_200w.jpg,68,17675,https://cpt.tcgcsv.com/vVS5,2023-04-17T13:17:08.187,1,PR,ST01-004,[DON!! x2] This Character gains [Rush]. <em>(This card can attack on the turn in which it is played.</em>,Red,Character,2,4000,Straw Hat Crew,Strike,75.0,79.37,100.0,36.5,,Foil,,
482225,Sanji (Online Regional 2023) [Finalist],Sanji Online Regional 2023 Finalist,https://tcgplayer-cdn.tcgplayer.com/product/482225_200w.jpg,68,17675,https://cpt.tcgcsv.com/wVS5,2023-04-17T13:17:04.13,1,PR,ST01-004,[DON!! x2] This Character gains [Rush]. <em>(This card can attack on the turn in which it is played.</em>,Red,Character,2,4000,Straw Hat Crew,Strike,324.98,373.56,600.0,,,Foil,,
482226,Sanji (Online Regional 2023) [Winner],Sanji Online Regional 2023 Winner,https://tcgplayer-cdn.tcgplayer.com/product/482226_200w.jpg,68,17675,https://cpt.tcgcsv.com/xVS5,2023-04-17T13:17:13.203,1,PR,ST01-004,[DON!! x2] This Character gains [Rush]. <em>(This card can attack on the turn in which it is played.</em>,Red,Character,2,4000,Straw Hat Crew,Strike,,,,,,,,
482227,Marshall.D.Teach (Online Regional 2023) [Participant],MarshallDTeach Online Regional 2023 Participant,https://tcgplayer-cdn.tcgplayer.com/product/482227_200w.jpg,68,17675,https://cpt.tcgcsv.com/zVS5,2023-04-17T13:18:40.527,1,PR,ST03-014,[On Play] Return up to 1 Character with a cost of 3 or less to the owner's hand.,Blue,Character,4,4000,Blackbeard Pirates;The Seven Warlords of the Sea,Special,100.0,100.0,100.0,16.46,,Foil,1000,
482228,Marshall.D.Teach (Online Regional 2023) [Finalist],MarshallDTeach Online Regional 2023 Finalist,https://tcgplayer-cdn.tcgplayer.com/product/482228_200w.jpg,68,17675,https://cpt.tcgcsv.com/BVS5,2023-04-17T13:18:34.783,1,PR,ST03-014,[On Play] Return up to 1 Character with a cost of 3 or less to the owner's hand.,Blue,Character,4,4000,Blackbeard Pirates;The Seven Warlords of the Sea,Special,,,,,,,1000,
482229,Marshall.D.Teach (Online Regional 2023) [Winner],MarshallDTeach Online Regional 2023 Winner,https://tcgplayer-cdn.tcgplayer.com/product/482229_200w.jpg,68,17675,https://cpt.tcgcsv.com/CVS5,2023-04-17T13:18:43.847,1,PR,ST03-014,[On Play] Return up to 1 Character with a cost of 3 or less to the owner's hand.,Blue,Character,4,4000,Blackbeard Pirates;The Seven Warlords of the Sea,Special,,,,,,,1000,
482230,Jack (Online Regional 2023) [Participant],Jack Online Regional 2023 Participant,https://tcgplayer-cdn.tcgplayer.com/product/482230_200w.jpg,68,17675,https://cpt.tcgcsv.com/DVS5,2023-04-17T13:19:09.407,1,PR,ST04-008,[On Play] <strong>You may trash 1 card from your hand: Add up to 1 DON!! card from your DON!! deck and set it as acitve.,Purple,Character,3,4000,Animal Kingdom Pirates,Strike,14.61,15.0,34.48,14.19,,Foil,1000,
482231,Jack (Online Regional 2023) [Finalist],Jack Online Regional 2023 Finalist,https://tcgplayer-cdn.tcgplayer.com/product/482231_200w.jpg,68,17675,https://cpt.tcgcsv.com/FVS5,2023-04-17T13:18:59.59,1,PR,ST04-008,[On Play] <strong>You may trash 1 card from your hand: Add up to 1 DON!! card from your DON!! deck and set it as acitve.,Purple,Character,3,4000,Animal Kingdom Pirates,Strike,149.99,347.72,545.44,68.81,,Foil,1000,
482232,Jack (Online Regional 2023) [Winner],Jack Online Regional 2023 Winner,https://tcgplayer-cdn.tcgplayer.com/product/482232_200w.jpg,68,17675,https://cpt.tcgcsv.com/GVS5,2023-04-17T13:19:13.153,1,PR,ST04-008,[On Play] <strong>You may trash 1 card from your hand: Add up to 1 DON!! card from your DON!! deck and set it as acitve.,Purple,Character,3,4000,Animal Kingdom Pirates,Strike,,,,,,,1000,
482233,Charlotte Pudding (Online Regional 2023) [Participant],Charlotte Pudding Online Regional 2023 Participant,https://tcgplayer-cdn.tcgplayer.com/product/482233_200w.jpg,68,17675,https://cpt.tcgcsv.com/HVS5,2023-04-17T13:20:14.677,1,PR,ST07-008,"[On Play] Look at up to 1 card from the top of yours or your opponent's Life cards, and place it at the top or bottom of the Life cards.",Yellow,Character,2,3000,Big Mom Pirates,Wisdom,85.0,150.0,175.0,29.55,,Foil,2000,
482234,Charlotte Pudding (Online Regional 2023) [Finalist],Charlotte Pudding Online Regional 2023 Finalist,https://tcgplayer-cdn.tcgplayer.com/product/482234_200w.jpg,68,17675,https://cpt.tcgcsv.com/JVS5,2023-04-17T13:20:10.593,1,PR,ST07-008,"[On Play] Look at up to 1 card from the top of yours or your opponent's Life cards, and place it at the top or bottom of the Life cards.",Yellow,Character,2,3000,Big Mom Pirates,Wisdom,230.0,257.22,349.99,,,Foil,2000,
482235,Charlotte Pudding (Online Regional 2023) [Winner],Charlotte Pudding Online Regional 2023 Winner,https://tcgplayer-cdn.tcgplayer.com/product/482235_200w.jpg,68,17675,https://cpt.tcgcsv.com/KVS5,2023-04-17T13:20:18.473,1,PR,ST07-008,"[On Play] Look at up to 1 card from the top of yours or your opponent's Life cards, and place it at the top or bottom of the Life cards.",Yellow,Character,2,3000,Big Mom Pirates,Wisdom,,,,,,,2000,
482236,DON!! Card (Gold),DON Card Gold,https://tcgplayer-cdn.tcgplayer.com/product/482236_200w.jpg,68,17675,https://cpt.tcgcsv.com/LVS5,2023-04-17T13:25:04.79,1,PR,,Your Turn +1000,,DON!!,,,,,6.08,7.5,50.0,6.77,,Foil,,
482237,DON!! Card (Red),DON Card Red,https://tcgplayer-cdn.tcgplayer.com/product/482237_200w.jpg,68,17675,https://cpt.tcgcsv.com/MVS5,2023-04-18T12:37:13.177,1,PR,,Your Turn +1000,,DON!!,,,,,50.0,74.0,375.98,56.6,,Foil,,
482238,DON!! Card (Yellow),DON Card Yellow,https://tcgplayer-cdn.tcgplayer.com/product/482238_200w.jpg,68,17675,https://cpt.tcgcsv.com/NVS5,2023-04-18T12:37:16.71,1,PR,,Your Turn +1000,Green,DON!!,,,Barto Club Pirates;Supernovas,,16.95,18.98,52.94,18.89,,Foil,,
482239,DON!! Card (Blue),DON Card Blue,https://tcgplayer-cdn.tcgplayer.com/product/482239_200w.jpg,68,17675,https://cpt.tcgcsv.com/PVS5,2023-04-18T12:36:59.01,1,PR,,Your Turn +1000,,DON!!,,,,,37.99,42.0,80.0,43.39,,Foil,,
482240,DON!! Card (Purple),DON Card Purple,https://tcgplayer-cdn.tcgplayer.com/product/482240_200w.jpg,68,17675,https://cpt.tcgcsv.com/QVS5,2023-04-18T12:37:02.773,1,PR,,Your Turn +1000,,DON!!,,,,,44.98,50.87,129.99,52.07,,Foil,,
482241,DON!! Card (Silver),DON Card Silver,https://tcgplayer-cdn.tcgplayer.com/product/482241_200w.jpg,68,17675,https://cpt.tcgcsv.com/RVS5,2023-04-18T12:56:25.51,1,PR,,Your Turn +1000,,DON!!,,,,,41.99,45.55,66.6,46.31,,Foil,,
483099,Killer (Promotion Pack 2023),Killer Promotion Pack 2023,https://tcgplayer-cdn.tcgplayer.com/product/483099_200w.jpg,68,17675,https://cpt.tcgcsv.com/_fT5,2023-03-29T12:57:41.807,1,PR,OP01-039,"[Blocker] <em>(After your opponent declares an attack, you may rest this card to make it the new target of the attack.)</em>
<br>
[DON!! x1] [On Block] If you have 3 or more Characters, draw 1 card.",Green,Character,2,2000,Kid Pirates;Supernovas,Slash,0.7,1.5,9.5,1.27,,Normal,1000,
483103,Ms. All Sunday (Promotion Pack 2023),Ms All Sunday Promotion Pack 2023,https://tcgplayer-cdn.tcgplayer.com/product/483103_200w.jpg,68,17675,https://cpt.tcgcsv.com/5gT5,2023-03-29T12:46:52.03,1,PR,OP01-079,"[Blocker] <em>(After your opponent declares an attack, you may rest this card to make it the new target of the attack.)</em>
<br>
[On K.O.] If your Leader has the [Baroque Works] type, add up to 1 Event from your trash to your hand.",Blue,Character,3,1000,Baroque Works,Strike,10.84,21.34,150.0,32.4,,Normal,1000,
483104,Ulti (Promotion Pack 2023),Ulti Promotion Pack 2023,https://tcgplayer-cdn.tcgplayer.com/product/483104_200w.jpg,68,17675,https://cpt.tcgcsv.com/6gT5,2023-03-29T12:58:03.01,1,PR,OP01-093,[On Play] (1) <em>(You may rest the specified number of DON!! cards in your cost area.)</em>: Add up to 1 DON!! card from your DON!! deck and rest it.,Purple,Character,2,3000,Animal Kingdom Pirates,Strike,0.65,1.22,5.0,1.17,,Normal,,
483105,Marco (Promotion Pack 2023),Marco Promotion Pack 2023,https://tcgplayer-cdn.tcgplayer.com/product/483105_200w.jpg,68,17675,https://cpt.tcgcsv.com/7gT5,2023-03-29T12:57:14.387,1,PR,OP02-018,"[Blocker] <em>(After your opponent declares an attack, you may rest this card to make it the new target of the attack.)</em>
<br>
[On K.O.] <strong>You may trash 1 card with a type including ""Whitebeard Pirates"" from your hand</strong>: If you have 2 or less Life cards, play this Character card from your trash rested.",Red,Character,4,5000,Whitebeard Pirates,Special,0.25,1.05,9.75,1.0,,Normal,1000,
483106,Koby (Promotion Pack 2023),Koby Promotion Pack 2023,https://tcgplayer-cdn.tcgplayer.com/product/483106_200w.jpg,68,17675,https://cpt.tcgcsv.com/8gT5,2023-03-29T12:47:53.25,1,PR,ST06-002,[On Play] <strong>You may trash 1 card from your hand</strong>: K.O. up to 1 of your opponent's Characters with a cost of 0.,Black,Character,1,2000,Navy,Strike,0.4,0.66,4.99,0.67,,Normal,1000,
483109,Promotion Pack 2023 Vol. 1,Promotion Pack 2023 Vol 1,https://tcgplayer-cdn.tcgplayer.com/product/483109_200w.jpg,68,17675,https://cpt.tcgcsv.com/cgT5,2023-03-14T12:35:56.707,1,,,,,,,,,,22.0,38.68,100.0,16.16,,Normal,,
483112,Tournament Pack Vol. 2,Tournament Pack Vol 2,https://tcgplayer-cdn.tcgplayer.com/product/483112_200w.jpg,68,17675,https://cpt.tcgcsv.com/ggT5,2023-10-13T18:51:09.34,1,,,,,,,,,,4.48,8.99,25.0,5.03,,Normal,,
483145,DON!! Card (Tournament Pack Vol. 2),DON Card Tournament Pack Vol 2,https://tcgplayer-cdn.tcgplayer.com/product/483145_200w.jpg,68,17675,https://cpt.tcgcsv.com/WgT5,2023-03-06T16:53:23.7,1,PR,,Your Turn +1000,,DON!!,,,,,3.17,4.3,20.0,3.81,,Normal,,
483146,DON!! Card (Tournament Pack Vol. 2) [Winner],DON Card Tournament Pack Vol 2 Winner,https://tcgplayer-cdn.tcgplayer.com/product/483146_200w.jpg,68,17675,https://cpt.tcgcsv.com/XgT5,2023-03-06T16:53:19.05,1,PR,,Your Turn +1000,Red,DON!!,,,Whitebeard Pirates,,12.0,22.0,34.98,18.9,,Normal,,
483151,Franky (Tournament Pack Vol. 2),Franky Tournament Pack Vol 2,https://tcgplayer-cdn.tcgplayer.com/product/483151_200w.jpg,68,17675,https://cpt.tcgcsv.com/2hT5,2023-03-06T16:53:14.643,1,PR,OP01-021,[DON!! x1] This Character can also attack your opponent's active Characters.,Red,Character,3,4000,Straw Hat Crew,Ranged,0.1,0.49,49.0,0.44,,Normal,,
483153,Franky (Tournament Pack Vol. 2) [Winner],Franky Tournament Pack Vol 2 Winner,https://tcgplayer-cdn.tcgplayer.com/product/483153_200w.jpg,68,17675,https://cpt.tcgcsv.com/5hT5,2023-03-06T16:53:10.49,1,PR,OP01-021,[DON!! x1] This Character can also attack your opponent's active Characters.,Red,Character,3,4000,Straw Hat Crew,Ranged,15.0,24.99,150.0,19.02,,Normal,,
483155,Izo (Tournament Pack Vol. 2),Izo Tournament Pack Vol 2,https://tcgplayer-cdn.tcgplayer.com/product/483155_200w.jpg,68,17675,https://cpt.tcgcsv.com/7hT5,2023-03-06T16:53:06.41,1,PR,OP01-033,[On Play] Rest up to 1 of your opponent's Characters with a cost of 4 or less.,Green,Character,3,3000,Former Whitebeard Pirates;Land of Wano,Ranged,0.25,0.75,7.88,0.57,,Normal,2000,
483156,Izo (Tournament Pack Vol. 2) [Winner],Izo Tournament Pack Vol 2 Winner,https://tcgplayer-cdn.tcgplayer.com/product/483156_200w.jpg,68,17675,https://cpt.tcgcsv.com/8hT5,2023-03-06T16:53:02.77,1,PR,OP01-033,[On Play] Rest up to 1 of your opponent's Characters with a cost of 4 or less.,Green,Character,3,3000,Former Whitebeard Pirates;Land of Wano,Ranged,4.32,5.46,100.0,5.08,,Normal,2000,
483159,Black Maria (Tournament Pack Vol. 2),Black Maria Tournament Pack Vol 2,https://tcgplayer-cdn.tcgplayer.com/product/483159_200w.jpg,68,17675,https://cpt.tcgcsv.com/chT5,2023-03-06T16:52:59.037,1,PR,ST04-011,"[Blocker] <em>(After your opponent declares an attack, you may rest this card to make it the new target of the attack.)</em>",Purple,Character,2,2000,Animal Kingdom Pirates,Special,0.1,0.47,8.49,0.39,,Normal,1000,
483160,Black Maria (Tournament Pack Vol. 2) [Winner],Black Maria Tournament Pack Vol 2 Winner,https://tcgplayer-cdn.tcgplayer.com/product/483160_200w.jpg,68,17675,https://cpt.tcgcsv.com/dhT5,2023-03-06T16:52:55.597,1,PR,ST04-011,"[Blocker] <em>(After your opponent declares an attack, you may rest this card to make it the new target of the attack.)</em>",Purple,Character,2,2000,Animal Kingdom Pirates,Special,13.5,18.34,41.99,13.5,,Normal,1000,
483164,Winner Pack Vol. 2,Winner Pack Vol 2,https://tcgplayer-cdn.tcgplayer.com/product/483164_200w.jpg,68,17675,https://cpt.tcgcsv.com/jhT5,2023-10-13T18:55:01.523,1,,,,,,,,,,34.0,50.48,150.0,25.37,,Normal,,
483165,DON!! Card Pack Vol. 2,DON Card Pack Vol 2,https://tcgplayer-cdn.tcgplayer.com/product/483165_200w.jpg,68,17675,https://cpt.tcgcsv.com/khT5,2023-04-17T13:14:32.327,1,,,,,,,,,,99.99,99.99,100.0,90.0,,Normal,,
483166,Event Pack Vol. 1,Event Pack Vol 1,https://tcgplayer-cdn.tcgplayer.com/product/483166_200w.jpg,68,17675,https://cpt.tcgcsv.com/lhT5,2023-02-10T14:30:04.637,1,,,,,,,,,,44.99,69.5,1000.0,34.74,,Normal,,
483167,DON!! Card (Green),DON Card Green,https://tcgplayer-cdn.tcgplayer.com/product/483167_200w.jpg,68,17675,https://cpt.tcgcsv.com/mhT5,2023-04-17T13:15:05.567,1,PR,,Your Turn +1000,,DON!!,,,,,173.94,189.99,199.99,141.16,,Foil,,
483168,DON!! Card (Orange),DON Card Orange,https://tcgplayer-cdn.tcgplayer.com/product/483168_200w.jpg,68,17675,https://cpt.tcgcsv.com/nhT5,2023-04-17T13:15:01.987,1,PR,,Your Turn +1000,,DON!!,,,,,99.87,113.99,134.7,105.85,,Foil,,
483169,DON!! Card (Pink),DON Card Pink,https://tcgplayer-cdn.tcgplayer.com/product/483169_200w.jpg,68,17675,https://cpt.tcgcsv.com/phT5,2023-04-17T13:14:58.647,1,PR,,Your Turn +1000,,DON!!,,,,,45.19,55.89,129.99,58.42,,Foil,,
483170,DON!! Card (Teal),DON Card Teal,https://tcgplayer-cdn.tcgplayer.com/product/483170_200w.jpg,68,17675,https://cpt.tcgcsv.com/qhT5,2023-04-17T13:14:55.03,1,PR,,Your Turn +1000,,DON!!,,,,,48.44,66.14,100.0,65.88,,Foil,,
483171,DON!! Card (Bronze),DON Card Bronze,https://tcgplayer-cdn.tcgplayer.com/product/483171_200w.jpg,68,17675,https://cpt.tcgcsv.com/rhT5,2023-04-17T13:14:51.267,1,PR,,Your Turn +1000,,DON!!,,,,,31.84,34.24,40.0,32.77,,Foil,,
483174,Trafalgar Law (Offline Regional 2023) [Participant],Trafalgar Law Offline Regional 2023 Participant,https://tcgplayer-cdn.tcgplayer.com/product/483174_200w.jpg,68,17675,https://cpt.tcgcsv.com/vhT5,2023-04-17T13:17:53.583,1,PR,OP02-035,[Activate:Main] (1) <em>(You may rest the specified number of DON!! cards in your cost area.)</em> <strong>You may return this Character to the owner's hand</strong>: Play up to 1 Character with a cost of 3 from your hand.,Green,Character,2,3000,Heart Pirates;Supernovas,Slash,10.0,44.5,75.0,20.43,,Foil,1000,
483176,Trafalgar Law (Offline Regional 2023) [Finalist],Trafalgar Law Offline Regional 2023 Finalist,https://tcgplayer-cdn.tcgplayer.com/product/483176_200w.jpg,68,17675,https://cpt.tcgcsv.com/xhT5,2023-04-17T13:17:50.337,1,PR,OP02-035,[Activate:Main] (1) <em>(You may rest the specified number of DON!! cards in your cost area.)</em> <strong>You may return this Character to the owner's hand</strong>: Play up to 1 Character with a cost of 3 from your hand.,Green,Character,2,3000,Heart Pirates;Supernovas,Slash,19.0,494.0,499.98,65.56,,Foil,1000,
483177,Trafalgar Law (Offline Regional 2023) [Winner],Trafalgar Law Offline Regional 2023 Winner,https://tcgplayer-cdn.tcgplayer.com/product/483177_200w.jpg,68,17675,https://cpt.tcgcsv.com/zhT5,2023-04-17T13:17:57.7,1,PR,OP02-035,[Activate:Main] (1) <em>(You may rest the specified number of DON!! cards in your cost area.)</em> <strong>You may return this Character to the owner's hand</strong>: Play up to 1 Character with a cost of 3 from your hand.,Green,Character,2,3000,Heart Pirates;Supernovas,Slash,2499.0,2499.0,2499.0,,,Foil,1000,
483178,Koby (Offline Regional 2023) [Participant],Koby Offline Regional 2023 Participant,https://tcgplayer-cdn.tcgplayer.com/product/483178_200w.jpg,68,17675,https://cpt.tcgcsv.com/BhT5,2023-04-17T13:19:26.37,1,PR,OP02-098,[On Play] <strong>You may trash 1 card from your hand</strong>: K.O. up to 1 of your opponent's Characters with a cost of 3 or less.,Black,Character,3,4000,Navy,Strike,32.93,43.26,120.0,41.89,,Foil,1000,
483179,Koby (Offline Regional 2023) [Finalist],Koby Offline Regional 2023 Finalist,https://tcgplayer-cdn.tcgplayer.com/product/483179_200w.jpg,68,17675,https://cpt.tcgcsv.com/ChT5,2023-04-17T13:19:22.5,1,PR,OP02-098,[On Play] <strong>You may trash 1 card from your hand</strong>: K.O. up to 1 of your opponent's Characters with a cost of 3 or less.,Black,Character,3,4000,Navy,Strike,324.99,348.99,750.0,185.89,,Foil,1000,
483180,Koby (Offline Regional 2023) [Winner],Koby Offline Regional 2023 Winner,https://tcgplayer-cdn.tcgplayer.com/product/483180_200w.jpg,68,17675,https://cpt.tcgcsv.com/DhT5,2023-04-17T13:19:30.973,1,PR,OP02-098,[On Play] <strong>You may trash 1 card from your hand</strong>: K.O. up to 1 of your opponent's Characters with a cost of 3 or less.,Black,Character,3,4000,Navy,Strike,,,,,,,1000,
483182,Sanji (Offline Regional 2023) [Participant],Sanji Offline Regional 2023 Participant,https://tcgplayer-cdn.tcgplayer.com/product/483182_200w.jpg,68,17675,https://cpt.tcgcsv.com/GhT5,2023-04-17T13:16:54.743,1,PR,ST01-004,[DON!! x2] This Character gains [Rush]. <em>(This card can attack on the turn in which it is played.</em>,Red,Character,2,4000,Straw Hat Crew,Strike,70.0,79.0,99.99,35.27,,Foil,,
483183,Sanji (Offline Regional 2023) [Finalist],Sanji Offline Regional 2023 Finalist,https://tcgplayer-cdn.tcgplayer.com/product/483183_200w.jpg,68,17675,https://cpt.tcgcsv.com/HhT5,2023-04-17T13:16:50.753,1,PR,ST01-004,[DON!! x2] This Character gains [Rush]. <em>(This card can attack on the turn in which it is played.</em>,Red,Character,2,4000,Straw Hat Crew,Strike,598.0,599.49,1599.0,100.37,,Foil,,
483184,Sanji (Offline Regional 2023) [Winner],Sanji Offline Regional 2023 Winner,https://tcgplayer-cdn.tcgplayer.com/product/483184_200w.jpg,68,17675,https://cpt.tcgcsv.com/JhT5,2023-04-17T13:17:00.2,1,PR,ST01-004,[DON!! x2] This Character gains [Rush]. <em>(This card can attack on the turn in which it is played.</em>,Red,Character,2,4000,Straw Hat Crew,Strike,,,,,,,,
483185,Marshall.D.Teach (Offline Regional 2023) [Participant],MarshallDTeach Offline Regional 2023 Participant,https://tcgplayer-cdn.tcgplayer.com/product/483185_200w.jpg,68,17675,https://cpt.tcgcsv.com/KhT5,2023-04-17T13:18:27.62,1,PR,ST03-014,[On Play] Return up to 1 Character with a cost of 3 or less to the owner's hand.,Blue,Character,4,4000,Blackbeard Pirates;The Seven Warlords of the Sea,Special,34.98,38.63,50.0,14.59,,Foil,1000,
483186,Marshall.D.Teach (Offline Regional 2023) [Finalist],MarshallDTeach Offline Regional 2023 Finalist,https://tcgplayer-cdn.tcgplayer.com/product/483186_200w.jpg,68,17675,https://cpt.tcgcsv.com/LhT5,2023-04-17T13:18:12.303,1,PR,ST03-014,[On Play] Return up to 1 Character with a cost of 3 or less to the owner's hand.,Blue,Character,4,4000,Blackbeard Pirates;The Seven Warlords of the Sea,Special,700.0,700.0,700.0,92.38,,Foil,1000,
483187,Marshall.D.Teach (Offline Regional 2023) [Winner],MarshallDTeach Offline Regional 2023 Winner,https://tcgplayer-cdn.tcgplayer.com/product/483187_200w.jpg,68,17675,https://cpt.tcgcsv.com/MhT5,2023-04-17T13:18:31.203,1,PR,ST03-014,[On Play] Return up to 1 Character with a cost of 3 or less to the owner's hand.,Blue,Character,4,4000,Blackbeard Pirates;The Seven Warlords of the Sea,Special,,,,,,,1000,
483189,Jack (Offline Regional 2023) [Participant],Jack Offline Regional 2023 Participant,https://tcgplayer-cdn.tcgplayer.com/product/483189_200w.jpg,68,17675,https://cpt.tcgcsv.com/PhT5,2023-04-17T13:18:50.267,1,PR,ST04-008,[On Play] <strong>You may trash 1 card from your hand: Add up to 1 DON!! card from your DON!! deck and set it as acitve.,Purple,Character,3,4000,Animal Kingdom Pirates,Strike,14.24,19.49,50.0,7.24,,Foil,1000,
483192,Jack (Offline Regional 2023) [Finalist],Jack Offline Regional 2023 Finalist,https://tcgplayer-cdn.tcgplayer.com/product/483192_200w.jpg,68,17675,https://cpt.tcgcsv.com/ShT5,2023-04-17T13:18:46.987,1,PR,ST04-008,[On Play] <strong>You may trash 1 card from your hand: Add up to 1 DON!! card from your DON!! deck and set it as acitve.,Purple,Character,3,4000,Animal Kingdom Pirates,Strike,149.99,149.99,569.69,40.44,,Foil,1000,
483193,Jack (Offline Regional 2023) [Winner],Jack Offline Regional 2023 Winner,https://tcgplayer-cdn.tcgplayer.com/product/483193_200w.jpg,68,17675,https://cpt.tcgcsv.com/ThT5,2023-04-17T13:18:54.08,1,PR,ST04-008,[On Play] <strong>You may trash 1 card from your hand: Add up to 1 DON!! card from your DON!! deck and set it as acitve.,Purple,Character,3,4000,Animal Kingdom Pirates,Strike,,,,,,,1000,
483195,Charlotte Pudding (Offline Regional 2023) [Participant],Charlotte Pudding Offline Regional 2023 Participant,https://tcgplayer-cdn.tcgplayer.com/product/483195_200w.jpg,68,17675,https://cpt.tcgcsv.com/WhT5,2023-04-17T13:20:03.33,1,PR,ST07-008,"[On Play] Look at up to 1 card from the top of yours or your opponent's Life cards, and place it at the top or bottom of the Life cards.",Yellow,Character,2,3000,Big Mom Pirates,Wisdom,38.42,38.45,55.79,32.19,,Foil,2000,
483197,Charlotte Pudding (Offline Regional 2023) [Finalist],Charlotte Pudding Offline Regional 2023 Finalist,https://tcgplayer-cdn.tcgplayer.com/product/483197_200w.jpg,68,17675,https://cpt.tcgcsv.com/ZhT5,2023-04-17T13:19:58.617,1,PR,ST07-008,"[On Play] Look at up to 1 card from the top of yours or your opponent's Life cards, and place it at the top or bottom of the Life cards.",Yellow,Character,2,3000,Big Mom Pirates,Wisdom,150.0,200.0,2000.0,124.16,,Foil,2000,
483198,Charlotte Pudding (Offline Regional 2023) [Winner],Charlotte Pudding Offline Regional 2023 Winner,https://tcgplayer-cdn.tcgplayer.com/product/483198_200w.jpg,68,17675,https://cpt.tcgcsv.com/-hT5,2023-04-17T13:20:06.713,1,PR,ST07-008,"[On Play] Look at up to 1 card from the top of yours or your opponent's Life cards, and place it at the top or bottom of the Life cards.",Yellow,Character,2,3000,Big Mom Pirates,Wisdom,,,,,,,2000,
484943,Gift Collection 2023,Gift Collection 2023,https://tcgplayer-cdn.tcgplayer.com/product/484943_200w.jpg,68,17675,https://cpt.tcgcsv.com/T-T5,2023-10-27T04:03:09.963,1,,,,,,,,,,439.0,649.99,998.0,475.68,,Normal,,
485262,Roronoa Zoro - OP01-001 (Alternate Art),Roronoa Zoro OP01 001 Alternate Art,https://tcgplayer-cdn.tcgplayer.com/product/485262_200w.jpg,68,17675,https://cpt.tcgcsv.com/g7V5,2023-07-28T04:03:14.96,1,PR,OP01-001,[DON!! x1] [Your Turn] All of your Characters gain +1000 power.,Red,Leader,,5000,Straw Hat Crew;Supernovas,Slash,140.0,183.99,1000.0,142.79,,Foil,,5
485263,Sanji - OP01-013 (Alternate Art),Sanji OP01 013 Alternate Art,https://tcgplayer-cdn.tcgplayer.com/product/485263_200w.jpg,68,17675,https://cpt.tcgcsv.com/h7V5,2023-07-28T04:03:14.96,1,PR,OP01-013,"[Activate:Main] [Once Per Turn] <strong>You may add 1 card from your Life area to your hand</strong>: This Character gains +2000 power during this turn. Then, give this Character up to 2 rested DON!! cards.",Red,Character,2,3000,Straw Hat Crew,Strike,25.0,40.97,500.0,29.42,,Foil,2000,
485264,Usopp - ST01-002 (Alternate Art),Usopp ST01 002 Alternate Art,https://tcgplayer-cdn.tcgplayer.com/product/485264_200w.jpg,68,17675,https://cpt.tcgcsv.com/j7V5,2023-07-28T04:03:14.96,1,PR,ST01-002,"[DON!! x2] [When Attacking] Your opponent cannot activate a [Blocker] Character that has 5000 or more power during this battle.
<br>
[Trigger] Play this card.",Red,Character,2,2000,Straw Hat Crew,Ranged,14.49,19.86,500.0,19.41,,Foil,1000,
485265,Nami - OP01-016 (Alternate Art),Nami OP01 016 Alternate Art,https://tcgplayer-cdn.tcgplayer.com/product/485265_200w.jpg,68,17675,https://cpt.tcgcsv.com/k7V5,2023-07-28T04:03:14.96,1,PR,OP01-016,"[On Play] Look at 5 cards from the top of your deck; reveal up to 1 [Straw Hat Crew] type Character card other than [Nami] and add it to your hand. Then, place the rest at the bottom of your deck in any order.",Red,Character,1,2000,Straw Hat Crew,Special,88.68,104.83,1000.0,89.92,,Foil,1000,
485266,Nico Robin - ST01-008 (Alternate Art),Nico Robin ST01 008 Alternate Art,https://tcgplayer-cdn.tcgplayer.com/product/485266_200w.jpg,68,17675,https://cpt.tcgcsv.com/l7V5,2023-07-28T04:03:14.96,1,PR,ST01-008,,Red,Character,3,5000,Straw Hat Crew,Wisdom,52.95,65.18,500.0,62.36,,Foil,1000,
485267,Tony Tony.Chopper - ST01-006 (Alternate Art),Tony TonyChopper ST01 006 Alternate Art,https://tcgplayer-cdn.tcgplayer.com/product/485267_200w.jpg,68,17675,https://cpt.tcgcsv.com/m7V5,2023-07-28T04:03:14.96,1,PR,ST01-006,"[Blocker] <em>(After your opponent declares an attack, you may rest this card to make it the new target of the attack.)</em>",Red,Character,1,1000,Animal;Straw Hat Crew,Strike,95.0,131.71,1000.0,110.73,,Foil,,
485268,Franky - ST01-010 (Alternate Art),Franky ST01 010 Alternate Art,https://tcgplayer-cdn.tcgplayer.com/product/485268_200w.jpg,68,17675,https://cpt.tcgcsv.com/n7V5,2024-08-14T10:54:14.477,1,PR,ST01-010,,Red,Character,4,6000,Straw Hat Crew,Strike,13.68,19.23,500.0,16.75,,Foil,1000,
485269,Brook - OP01-022 (Alternate Art),Brook OP01 022 Alternate Art,https://tcgplayer-cdn.tcgplayer.com/product/485269_200w.jpg,68,17675,https://cpt.tcgcsv.com/p7V5,2024-08-14T10:53:34.21,1,PR,OP01-022,[DON!! x1] [When Attacking] Give up to 2 of your opponent's Characters -2000 power during this turn.,Red,Character,4,5000,Straw Hat Crew,Slash,18.0,20.61,500.0,20.3,,Foil,1000,
485270,Jinbe - ST01-005 (Alternate Art),Jinbe ST01 005 Alternate Art,https://tcgplayer-cdn.tcgplayer.com/product/485270_200w.jpg,68,17675,https://cpt.tcgcsv.com/q7V5,2024-08-14T10:52:54.583,1,PR,ST01-005,[DON!! x1] [When Attacking] Up to 1 of your Leader or Character cards other than this card gains +1000 power during this turn.,Red,Character,3,5000,Fish-Man;Straw Hat Crew,Strike,9.49,13.15,500.0,10.76,,Foil,,
485271,Premium Card Collection 25th Edition,Premium Card Collection 25th Edition,https://tcgplayer-cdn.tcgplayer.com/product/485271_200w.jpg,68,17675,https://cpt.tcgcsv.com/r7V5,2023-10-13T18:44:33.18,1,,,,,,,,,,729.99,950.0,9999.99,946.63,,Normal,,
486778,Morgan (Pirates Party Vol. 2),Morgan Pirates Party Vol 2,https://tcgplayer-cdn.tcgplayer.com/product/486778_200w.jpg,68,17675,https://cpt.tcgcsv.com/BKV5,2023-03-06T16:47:19.137,1,PR,P-026,[When Attacking] Give up to 1 of your opponent's Characters -3 cost during this turn.,Black,Character,4,5000,Navy,Slash,0.3,0.92,5.0,0.57,,Normal,1000,
488903,One Piece Film Red Uta Promo Pack,One Piece Film Red Uta Promo Pack,https://tcgplayer-cdn.tcgplayer.com/product/488903_200w.jpg,68,17675,https://cpt.tcgcsv.com/5BW5,2023-10-13T19:12:27.333,1,,,,,,,,,,35.89,53.86,250.0,29.31,,Normal,,
493339,DON!! Card Pack Vol. 1,DON Card Pack Vol 1,https://tcgplayer-cdn.tcgplayer.com/product/493339_200w.jpg,68,17675,https://cpt.tcgcsv.com/PlZ5,2023-04-18T12:36:50.923,1,,,,,,,,,,70.99,80.0,101.01,72.99,,Normal,,
493744,Gift Collection 2023 Display,Gift Collection 2023 Display,https://tcgplayer-cdn.tcgplayer.com/product/493744_200w.jpg,68,17675,https://cpt.tcgcsv.com/VvZ5,2023-10-27T04:03:09.963,1,,,,,,,,,,3800.0,9500.0,19999.99,2180.71,,Normal,,
495984,Boa Hancock (Judge),Boa Hancock Judge,https://tcgplayer-cdn.tcgplayer.com/product/495984_200w.jpg,68,17675,https://cpt.tcgcsv.com/Jp-5,2023-08-04T19:43:30.957,1,PR,OP02-059,"[When Attacking] Draw 1 card and trash 1 card from your hand. Then, trash up to 3 cards from your hand.",Blue,Character,4,5000,Kuja Pirates;The Seven Warlords of the Sea;Impel Down,Special,54.99,103.34,9999.0,86.3,,Foil,1000,
496999,Nami (Tournament Pack Vol. 3) [Participant],Nami Tournament Pack Vol 3 Participant,https://tcgplayer-cdn.tcgplayer.com/product/496999_200w.jpg,68,17675,https://cpt.tcgcsv.com/_P-5,2023-07-10T12:27:24.873,1,PR,ST01-007,[Activate:Main] [Once Per Turn] Give up to 1 rested DON!! card to your Leader or 1 of your Characters.,Red,Character,1,1000,Straw Hat Crew,Special,5.0,8.34,29.99,7.84,,Normal,1000,
497000,Nami (Tournament Pack Vol. 3) [Winner],Nami Tournament Pack Vol 3 Winner,https://tcgplayer-cdn.tcgplayer.com/product/497000_200w.jpg,68,17675,https://cpt.tcgcsv.com/0Q-5,2023-07-10T12:27:20.81,1,PR,ST01-007,[Activate:Main] [Once Per Turn] Give up to 1 rested DON!! card to your Leader or 1 of your Characters.,Red,Character,1,1000,Straw Hat Crew,Special,207.71,235.0,999.99,189.44,,Foil,1000,
497001,Jewelry Bonney (Tournament Pack Vol. 3) [Participant],Jewelry Bonney Tournament Pack Vol 3 Participant,https://tcgplayer-cdn.tcgplayer.com/product/497001_200w.jpg,68,17675,https://cpt.tcgcsv.com/2Q-5,2023-07-10T12:27:16.797,1,PR,ST02-007,"[Activate:Main] (1) <em>(You may rest the specified number of DON!! cards in your cost area.)</em> You may rest this card: Look at 5 cards from the top of your deck; reveal up to 1 [Supernovas] type card and add it to your hand. Then, place the rest at the bottom of your deck in any order.",Green,Character,1,1000,Bonney Pirates;Supernovas,Special,3.66,4.6,19.99,4.25,,Normal,1000,
497002,Jewelry Bonney (Tournament Pack Vol. 3) [Winner],Jewelry Bonney Tournament Pack Vol 3 Winner,https://tcgplayer-cdn.tcgplayer.com/product/497002_200w.jpg,68,17675,https://cpt.tcgcsv.com/3Q-5,2023-07-10T12:27:12.947,1,PR,ST02-007,"[Activate:Main] (1) <em>(You may rest the specified number of DON!! cards in your cost area.)</em> You may rest this card: Look at 5 cards from the top of your deck; reveal up to 1 [Supernovas] type card and add it to your hand. Then, place the rest at the bottom of your deck in any order.",Green,Character,1,1000,Bonney Pirates;Supernovas,Special,39.06,45.78,199.99,39.13,,Foil,1000,
497003,Sentomaru (Tournament Pack Vol. 3) [Participant],Sentomaru Tournament Pack Vol 3 Participant,https://tcgplayer-cdn.tcgplayer.com/product/497003_200w.jpg,68,17675,https://cpt.tcgcsv.com/5Q-5,2023-07-10T12:27:09.073,1,PR,ST03-007,"[DON!! x1] [Activate:Main] [Once Per Turn] (2) <em>(You may rest the specified number of DON!! cards in your cost area.)</em>: Play up to 1 [Pacifista] with a cost of 4 or less from your deck, then shuffle your deck.",Blue,Character,3,4000,Navy,Slash,0.1,0.29,1.59,0.22,,Normal,1000,
497004,Sentomaru (Tournament Pack Vol. 3) [Winner],Sentomaru Tournament Pack Vol 3 Winner,https://tcgplayer-cdn.tcgplayer.com/product/497004_200w.jpg,68,17675,https://cpt.tcgcsv.com/6Q-5,2023-07-10T12:27:05.287,1,PR,ST03-007,"[DON!! x1] [Activate:Main] [Once Per Turn] (2) <em>(You may rest the specified number of DON!! cards in your cost area.)</em>: Play up to 1 [Pacifista] with a cost of 4 or less from your deck, then shuffle your deck.",Blue,Character,3,4000,Navy,Slash,4.25,5.28,49.99,4.71,,Foil,1000,
497005,Who's.Who (Tournament Pack Vol. 3) [Participant],WhosWho Tournament Pack Vol 3 Participant,https://tcgplayer-cdn.tcgplayer.com/product/497005_200w.jpg,68,17675,https://cpt.tcgcsv.com/7Q-5,2023-07-10T12:27:02.2,1,PR,ST04-010,"[On Play] DON!! -1 <em>(You may return the specified number of DON!! cards from your field to your DON!! deck.): K.O. up to 1 of your opponent's Characters with a cost of 3 or less.
<br>
[Trigger] Play this card.",Purple,Character,3,3000,Animal Kingdom Pirates,Slash,0.05,0.25,3.0,0.19,,Normal,,
497006,Who's.Who (Tournament Pack Vol. 3) [Winner],WhosWho Tournament Pack Vol 3 Winner,https://tcgplayer-cdn.tcgplayer.com/product/497006_200w.jpg,68,17675,https://cpt.tcgcsv.com/8Q-5,2023-07-10T12:26:56.34,1,PR,ST04-010,"[On Play] DON!! -1 <em>(You may return the specified number of DON!! cards from your field to your DON!! deck.): K.O. up to 1 of your opponent's Characters with a cost of 3 or less.
<br>
[Trigger] Play this card.",Purple,Character,3,3000,Animal Kingdom Pirates,Slash,5.0,7.75,39.98,5.84,,Foil,,
497007,Tournament Pack Vol. 3,Tournament Pack Vol 3,https://tcgplayer-cdn.tcgplayer.com/product/497007_200w.jpg,68,17675,https://cpt.tcgcsv.com/9Q-5,2023-07-10T12:26:49.433,1,,,,,,,,,,4.95,7.5,19.99,4.94,,Normal,,
497008,Winner Pack Vol. 3,Winner Pack Vol 3,https://tcgplayer-cdn.tcgplayer.com/product/497008_200w.jpg,68,17675,https://cpt.tcgcsv.com/bQ-5,2023-07-10T12:27:48.943,1,,,,,,,,,,82.0,89.99,139.99,92.8,,Normal,,
497384,Usopp (Demo Deck 2023),Usopp Demo Deck 2023,https://tcgplayer-cdn.tcgplayer.com/product/497384_200w.jpg,68,17675,https://cpt.tcgcsv.com/JZ-5,2023-05-18T18:37:35.68,0,R,OP01-004,[DON!! x1] [Your Turn] [Once Per Turn] Draw 1 card when your opponent activates an Event.,Red,Character,2,3000,Straw Hat Crew,Ranged,0.25,0.4,1.06,0.31,,Normal,2000,
497385,Sanji (Demo Deck 2023),Sanji Demo Deck 2023,https://tcgplayer-cdn.tcgplayer.com/product/497385_200w.jpg,68,17675,https://cpt.tcgcsv.com/KZ-5,2023-05-18T18:37:39.633,0,R,OP01-013,"[Activate:Main] [Once Per Turn] <strong>You may add 1 card from your Life area to your hand:</strong> This Character gains +2000 power during this turn. Then, give this Character up to 2 rested DON!! cards.",Red,Character,2,3000,Straw Hat Crew,Strike,0.29,1.13,6.0,0.78,,Normal,2000,
497386,Uta (Demo Deck 2023),Uta Demo Deck 2023,https://tcgplayer-cdn.tcgplayer.com/product/497386_200w.jpg,68,17675,https://cpt.tcgcsv.com/LZ-5,2023-05-18T18:38:00.56,0,R,OP01-005,"[On Play] Add up to 1 red Character card other than [Uta] with a cost of 3 or less from your trash to your hand.
<br><br>
<a href=""https://en.onepiece-cardgame.com/rules/errata_card/#group_20221111-5"">This card has been officially errata'd.</a>",Red,Character,4,4000,,Special,0.56,0.75,2.1,0.62,,Normal,,
497406,Monkey.D.Luffy (Pirates Party Vol. 3),MonkeyDLuffy Pirates Party Vol 3,https://tcgplayer-cdn.tcgplayer.com/product/497406_200w.jpg,68,17675,https://cpt.tcgcsv.com/8--5,2023-06-23T13:19:43.643,1,PR,P-035,[DON!! x1] [When Attacking] <strong>You may trash 1 card from your hand:</strong> K.O. up to 1 of your opponent's Characters with a cost of 0.,Black,Character,6,6000,Straw Hat Crew,Strike,8.67,11.47,100.0,10.03,,Normal,,
497407,Nefeltari Vivi (OP-03 Pre-Release Tournament) [Participant],Nefeltari Vivi OP 03 Pre Release Tournament Participant,https://tcgplayer-cdn.tcgplayer.com/product/497407_200w.jpg,68,17675,https://cpt.tcgcsv.com/9--5,2023-06-23T12:43:14.893,1,PR,ST01-009,,Red,Character,2,4000,Straw Hat Crew,Slash,6.56,16.9,100.0,14.88,,Normal,1000,
497408,Nefeltari Vivi (OP-03 Pre-Release Tournament) [Winner],Nefeltari Vivi OP 03 Pre Release Tournament Winner,https://tcgplayer-cdn.tcgplayer.com/product/497408_200w.jpg,68,17675,https://cpt.tcgcsv.com/b--5,2023-06-23T12:43:18.1,1,PR,ST01-009,,Red,Character,2,4000,Straw Hat Crew,Slash,323.74,375.0,999.95,306.78,,Foil,1000,
498786,Monkey.D.Luffy (Anime Expo 2023),MonkeyDLuffy Anime Expo 2023,https://tcgplayer-cdn.tcgplayer.com/product/498786_200w.jpg,68,17675,https://cpt.tcgcsv.com/Lw_5,2023-07-01T16:18:39.527,1,PR,P-037,"[When Attacking] If you have 2 or more rested Characters, this Character gains +1000 power during this turn.",Green,Character,2,4000,Straw Hat Crew,Strike,30.0,50.95,200.0,42.71,,Normal,,
499428,Kurozumi Higurashi (Judge),Kurozumi Higurashi Judge,https://tcgplayer-cdn.tcgplayer.com/product/499428_200w.jpg,68,17675,https://cpt.tcgcsv.com/BN_5,2023-08-04T19:49:07.057,1,PR,OP01-100,"[Blocker] <em>(After your opponent declares an attack, you may rest this card to make it the new target of the attack.)</em>",Purple,Character,2,3000,Land of Wano;Kurozumi Clan,Special,0.99,5.95,20.0,1.7,,Foil,1000,
499429,Little Sadi (Judge),Little Sadi Judge,https://tcgplayer-cdn.tcgplayer.com/product/499429_200w.jpg,68,17675,https://cpt.tcgcsv.com/CN_5,2023-11-10T16:59:34.74,1,PR,OP02-073,[On Play] Play up to 1 [Jailer Beast] type Character card from your hand.,Purple,Character,3,3000,Impel Down,Wisdom,8.25,15.72,100.34,4.65,,Foil,2000,
499430,Otama (Judge),Otama Judge,https://tcgplayer-cdn.tcgplayer.com/product/499430_200w.jpg,68,17675,https://cpt.tcgcsv.com/DN_5,2023-08-04T19:51:14.09,1,PR,OP01-006,[On Play] Give up to 1 of your of your opponent's Characters -2000 power during this turn.,Red,Character,1,0,Land of Wano,Special,4.5,10.31,99.99,4.39,,Foil,2000,
499431,Helmeppo (Judge),Helmeppo Judge,https://tcgplayer-cdn.tcgplayer.com/product/499431_200w.jpg,68,17675,https://cpt.tcgcsv.com/FN_5,2023-08-04T19:47:26.593,1,PR,ST06-010,[On Play] Give up to 1 of your of your opponent's Characters -3 cost during this turn.,Black,Character,2,3000,Navy,Slash,1.8,3.9,26.0,2.09,,Foil,1000,
499432,Okiku (Judge),Okiku Judge,https://tcgplayer-cdn.tcgplayer.com/product/499432_200w.jpg,68,17675,https://cpt.tcgcsv.com/GN_5,2023-08-04T19:50:25.82,1,PR,OP01-035,[DON!! x1] [When Attacking] [Once Per Turn] Rest up to 1 of your opponent's Characters with a cost of 5 or less.,Green,Character,3,5000,Land of Wano;The Akazaya Nine,Slash,4.0,5.95,30.0,2.12,,Foil,,
499433,Yamato (Judge),Yamato Judge,https://tcgplayer-cdn.tcgplayer.com/product/499433_200w.jpg,68,17675,https://cpt.tcgcsv.com/HN_5,2023-08-04T19:51:48.627,1,PR,OP02-042,"Also treat this card's name as [Kouzuki Oden] according to the rules.
<br>
[On Play] Rest up to 1 of your opponent's Characters with a cost of 6 or less.",Green,Character,4,6000,Land of Wano,Strike,16.99,18.5,99.99,17.15,,Foil,,
499434,Donquixote Doflamingo (Judge),Donquixote Doflamingo Judge,https://tcgplayer-cdn.tcgplayer.com/product/499434_200w.jpg,68,17675,https://cpt.tcgcsv.com/JN_5,2023-08-04T19:43:56.11,1,PR,OP01-073,"[Blocker] <em>(After your opponent declares an attack, you may rest this card to make it the new target of the attack.)</em>
<br>
[On Play] Look at 5 cards from the top of your deck and place them at the top or bottom of the deck in any order.",Blue,Character,3,4000,Donquixote Pirates;The Seven Warlords of the Sea,Special,12.98,19.94,39.99,10.86,,Foil,1000,
501749,Tony Tony.Chopper (3-on-3 Cup) [Winner],Tony TonyChopper 3 on 3 Cup Winner,https://tcgplayer-cdn.tcgplayer.com/product/501749_200w.jpg,68,17675,https://cpt.tcgcsv.com/_J06,2023-08-31T12:39:57.263,1,C,ST01-006,"[Blocker] <em>(After your opponent declares an attack, you may rest this card to make it the new target of the attack.)</em>",Red,Character,1,1000,Animal;Straw Hat Crew,,,,,,,,,
501750,Tony Tony.Chopper (3-on-3 Cup) [Participant],Tony TonyChopper 3 on 3 Cup Participant,https://tcgplayer-cdn.tcgplayer.com/product/501750_200w.jpg,68,17675,https://cpt.tcgcsv.com/0K06,2023-09-13T12:55:43.07,1,C,ST01-006,"[Blocker] <em>(After your opponent declares an attack, you may rest this card to make it the new target of the attack.)</em>",,Character,1,1000,Animal;Straw Hat Crew,,281.12,495.65,900.0,281.12,,Normal,,
502570,Judge Pack Vol. 1,Judge Pack Vol 1,https://tcgplayer-cdn.tcgplayer.com/product/502570_200w.jpg,68,17675,https://cpt.tcgcsv.com/q226,2023-08-04T19:45:55.307,1,,,,,,,,,,35.0,49.98,114.99,27.55,,Normal,,
502973,Jozu (Judge),Jozu Judge,https://tcgplayer-cdn.tcgplayer.com/product/502973_200w.jpg,68,17675,https://cpt.tcgcsv.com/tc26,2023-08-04T19:45:14.027,1,PR,OP02-008,"[DON!! x1] If you have 2 or less Life cards and your Leader's type includes ""Whitebeard Pirates"", this Character gains [Rush]. <em>(This card can attack on the turn in which it is played.)</em>",Red,Character,4,4000,Whitebeard Pirates,Strike,2.3,3.07,24.98,2.66,,Foil,2000,
502974,Koby (Judge),Koby Judge,https://tcgplayer-cdn.tcgplayer.com/product/502974_200w.jpg,68,17675,https://cpt.tcgcsv.com/vc26,2023-08-04T19:48:34.32,1,PR,OP02-098,[On Play] <strong>You may trash 1 card from your hand</strong>: K.O. up to 1 of your opponent's Characters with a cost of 3 or less.,Black,Character,3,4000,Navy,Strike,4.99,14.77,100.33,4.72,,Foil,1000,
503017,Donquixote Rosinante (Store Championship 2023 Participation Pack Vol.1),Donquixote Rosinante Store Championship 2023 Participation Pack Vol1,https://tcgplayer-cdn.tcgplayer.com/product/503017_200w.jpg,68,17675,https://cpt.tcgcsv.com/md26,2026-06-06T20:25:43.593,1,PR,OP02-108,"[Blocker] <em>(After your opponent declares an attack, you may rest this card to make it the new target of the attack.)</em>",Black,Character,2,2000,Donquixote Pirates;Navy,Special,17.0,19.35,49.99,18.84,,Foil,1000,
503018,Tony Tony.Chopper (Store Championship 2023 Participation Pack Vol.1),Tony TonyChopper Store Championship 2023 Participation Pack Vol1,https://tcgplayer-cdn.tcgplayer.com/product/503018_200w.jpg,68,17675,https://cpt.tcgcsv.com/nd26,2026-06-06T20:26:20.633,1,PR,OP02-034,[DON!! x1] [When Attacking] Rest up to 1 of your opponent's Characters with a cost of 2 or less.,Green,Character,2,2000,FILM;Straw Hat Crew,Wisdom,77.99,93.72,180.0,92.01,,Foil,2000,
503019,Hitokiri Kamazo (Store Championship 2023 Participation Pack Vol.1),Hitokiri Kamazo Store Championship 2023 Participation Pack Vol1,https://tcgplayer-cdn.tcgplayer.com/product/503019_200w.jpg,68,17675,https://cpt.tcgcsv.com/pd26,2026-06-06T20:26:00.743,1,PR,OP01-108,[On K.O.] DON!! -1 <em>(You may return the specified number of DON!! cards from your field to your DON!! deck.)</em>: K.O. up to 1 of your opponent's Characters with a cost of 5 or less.,Purple,Character,4,5000,Kid Pirates;Supernovas;SMILE,Slash,2.39,4.79,50.0,2.94,,Foil,1000,
503020,Nico Robin (Store Championship 2023 Participation Pack Vol.1),Nico Robin Store Championship 2023 Participation Pack Vol1,https://tcgplayer-cdn.tcgplayer.com/product/503020_200w.jpg,68,17675,https://cpt.tcgcsv.com/qd26,2026-06-06T20:26:08.96,1,PR,OP01-017,[DON!! x1] [When Attacking] K.O. up to 1 of your opponent's Characters with 3000 power or less.,Red,Character,3,4000,Straw Hat Crew,Strike,43.37,103.48,499.99,77.1,,Foil,1000,
503021,Charlotte Brulee (Store Championship 2023 Participation Pack Vol.1),Charlotte Brulee Store Championship 2023 Participation Pack Vol1,https://tcgplayer-cdn.tcgplayer.com/product/503021_200w.jpg,68,17675,https://cpt.tcgcsv.com/rd26,2026-06-06T20:16:38.223,1,PR,ST07-007,"[Blocker] <em>(After your opponent declares an attack, you may rest this card to make it the new target of the attack.)</em>
<br>
[Trigger] Play this card.",Yellow,Character,3,1000,Big Mom Pirates,Special,2.49,5.0,69.94,3.17,,Foil,1000,
503022,Gecko Moria (Store Championship 2023 Participation Pack Vol.1),Gecko Moria Store Championship 2023 Participation Pack Vol1,https://tcgplayer-cdn.tcgplayer.com/product/503022_200w.jpg,68,17675,https://cpt.tcgcsv.com/sd26,2026-06-06T20:25:52.65,1,PR,ST03-004,[On Play] Add up to 1 [The Seven Warlords of the Sea] or [Thriller Bark Pirates] type Character with a cost of 4 or less other than [Gecko Moria] from your trash to your hand.,Blue,Character,4,5000,The Seven Warlords of the Sea;Thriller Bark Pirates,Special,3.49,5.67,200.0,4.65,,Foil,1000,
503023,Monkey.D.Luffy (Store Championship Trophy Card),MonkeyDLuffy Store Championship Trophy Card,https://tcgplayer-cdn.tcgplayer.com/product/503023_200w.jpg,68,17675,https://cpt.tcgcsv.com/td26,2023-07-07T13:04:32.523,1,PR,P-001,[DON!! x2] This Character gains [Rush]. <em>(This card can attack on the turn in which it is played.)</em>,Red,Character,6,7000,Straw Hat Crew;Supernovas,Strike,1799.99,3449.5,20000.0,1525.0,,Foil,,
503243,Okiku (Tournament Pack Vol. 4),Okiku Tournament Pack Vol 4,https://tcgplayer-cdn.tcgplayer.com/product/503243_200w.jpg,68,17675,https://cpt.tcgcsv.com/Tj26,2023-10-02T12:34:33.877,1,R,OP01-035,[DON!! x1] [When Attacking] [Once Per Turn] Rest up to 1 of your opponent's Characters with a cost of 5 or less.,Green,Character,3,5000,Land of Wano;The Akazaya Nine,Slash,0.18,0.49,4.99,0.38,,Normal,,
503244,Brook (Tournament Pack Vol. 4),Brook Tournament Pack Vol 4,https://tcgplayer-cdn.tcgplayer.com/product/503244_200w.jpg,68,17675,https://cpt.tcgcsv.com/Vj26,2023-10-02T12:34:26.027,1,C,ST01-011,[On Play] Give up to 2 rested DON!! cards to your Leader or 1 of your Characters.,Red,Character,2,3000,Straw Hat Crew,Slash,0.56,0.99,2.16,0.61,,Normal,2000,
503245,Dracule Mihawk (Tournament Pack Vol. 4),Dracule Mihawk Tournament Pack Vol 4,https://tcgplayer-cdn.tcgplayer.com/product/503245_200w.jpg,68,17675,https://cpt.tcgcsv.com/Wj26,2023-10-02T12:34:29.837,1,C,ST03-005,[DON!! x1] [When Attacking] Draw 2 cards and trash 2 cards from your hand.,Blue,Character,4,5000,The Seven Warlords of the Sea,Slash,0.43,0.99,5.99,0.68,,Normal,2000,
503246,Tashigi (Tournament Pack Vol. 4),Tashigi Tournament Pack Vol 4,https://tcgplayer-cdn.tcgplayer.com/product/503246_200w.jpg,68,17675,https://cpt.tcgcsv.com/Xj26,2023-10-02T12:34:39.253,1,C,ST06-006,[Activate:Main] <strong>You may rest this Character</strong>: Give up to 1 of your opponent's Characters -2 cost during this turn.,Black,Character,3,4000,Navy,Slash,0.25,0.94,4.5,0.55,,Normal,2000,
503247,Okiku (Winner Pack Vol. 4),Okiku Winner Pack Vol 4,https://tcgplayer-cdn.tcgplayer.com/product/503247_200w.jpg,68,17675,https://cpt.tcgcsv.com/Zj26,2023-10-02T14:52:29.723,1,R,OP01-035,[DON!! x1] [When Attacking] [Once Per Turn] Rest up to 1 of your opponent's Characters with a cost of 5 or less.,Green,Character,3,5000,Land of Wano;The Akazaya Nine,Slash,6.2,9.68,199.99,8.52,,Foil,,
503248,Brook (Winner Pack Vol. 4),Brook Winner Pack Vol 4,https://tcgplayer-cdn.tcgplayer.com/product/503248_200w.jpg,68,17675,https://cpt.tcgcsv.com/-j26,2023-10-02T14:52:25.953,1,C,ST01-011,[On Play] Give up to 2 rested DON!! cards to your Leader or 1 of your Characters.,Red,Character,2,3000,Straw Hat Crew,Slash,30.35,42.97,400.0,43.94,,Foil,2000,
503249,Dracule Mihawk (Winner Pack Vol. 4),Dracule Mihawk Winner Pack Vol 4,https://tcgplayer-cdn.tcgplayer.com/product/503249_200w.jpg,68,17675,https://cpt.tcgcsv.com/_j26,2023-10-02T14:52:22.317,1,C,ST03-005,[DON!! x1] [When Attacking] Draw 2 cards and trash 2 cards from your hand.,Blue,Character,4,5000,The Seven Warlords of the Sea,Slash,27.0,33.74,199.99,33.66,,Foil,2000,
503250,Tashigi (Winner Pack Vol. 4),Tashigi Winner Pack Vol 4,https://tcgplayer-cdn.tcgplayer.com/product/503250_200w.jpg,68,17675,https://cpt.tcgcsv.com/0k26,2023-10-02T14:52:18.98,1,C,ST06-006,[Activate:Main] <strong>You may rest this Character</strong>: Give up to 1 of your opponent's Characters -2 cost during this turn.,Black,Character,3,4000,Navy,Slash,8.0,19.84,198.95,11.62,,Foil,2000,
503251,Tournament Pack Vol. 4,Tournament Pack Vol 4,https://tcgplayer-cdn.tcgplayer.com/product/503251_200w.jpg,68,17675,https://cpt.tcgcsv.com/2k26,2023-10-13T18:52:41.193,1,,,,,,,,,,5.0,9.9,10.0,2.26,,Normal,,
503252,Winner Pack Vol. 4,Winner Pack Vol 4,https://tcgplayer-cdn.tcgplayer.com/product/503252_200w.jpg,68,17675,https://cpt.tcgcsv.com/3k26,2023-10-13T18:56:11.92,1,,,,,,,,,,39.49,39.97,49.99,31.03,,Normal,,
503253,Roronoa Zoro (3-on-3 Cup) [Participant],Roronoa Zoro 3 on 3 Cup Participant,https://tcgplayer-cdn.tcgplayer.com/product/503253_200w.jpg,68,17675,https://cpt.tcgcsv.com/5k26,2023-08-31T12:39:46.093,1,SR,ST01-013,[DON!! x1] This Character gains +1000 power.,Red,Character,3,5000,Straw Hat Crew;Supernovas,Slash,,,,,,,,
503254,Roronoa Zoro (3-on-3 Cup) [Winner],Roronoa Zoro 3 on 3 Cup Winner,https://tcgplayer-cdn.tcgplayer.com/product/503254_200w.jpg,68,17675,https://cpt.tcgcsv.com/6k26,2023-08-31T12:39:50.263,1,SR,ST01-013,[DON!! x1] This Character gains +1000 power.,,Character,3,5000,,Slash,,,,,,,,
503255,Usopp (3-on-3 Cup) [Participant],Usopp 3 on 3 Cup Participant,https://tcgplayer-cdn.tcgplayer.com/product/503255_200w.jpg,68,17675,https://cpt.tcgcsv.com/7k26,2023-08-31T12:40:00.44,1,R,OP01-004,[DON!! x1] [Your Turn] [Once Per Turn] Draw 1 card when your opponent activates an Event.,Red,Character,2,3000,Straw Hat Crew,Ranged,449.99,499.99,500.0,224.53,,Normal,2000,
503256,Usopp (3-on-3 Cup) [Winner],Usopp 3 on 3 Cup Winner,https://tcgplayer-cdn.tcgplayer.com/product/503256_200w.jpg,68,17675,https://cpt.tcgcsv.com/8k26,2023-08-31T12:40:03.59,1,R,OP01-004,[DON!! x1] [Your Turn] [Once Per Turn] Draw 1 card when your opponent activates an Event.,,Character,2,3000,,Ranged,,,,,,,2000,
504466,Premium Card Collection -ONE PIECE FILM RED Edition-,Premium Card Collection ONE PIECE FILM RED Edition,https://tcgplayer-cdn.tcgplayer.com/product/504466_200w.jpg,68,17675,https://cpt.tcgcsv.com/lP26,2023-11-22T05:03:09.727,1,,,,,,,,,,228.98,400.0,9999.99,272.5,,Normal,,
504468,Uta (Premium Card Collection -ONE PIECE FILM RED Edition-),Uta Premium Card Collection ONE PIECE FILM RED Edition,https://tcgplayer-cdn.tcgplayer.com/product/504468_200w.jpg,68,17675,https://cpt.tcgcsv.com/nP26,2023-11-22T05:03:09.727,1,R,OP01-005,[On Play] Add up to 1 red Character card other than [Uta] with a cost of 3 or less from your trash to your hand.,Red,Character,4,4000,FILM,Special,8.49,14.99,50.0,14.36,,Foil,,
504469,Jinbe (Premium Card Collection -ONE PIECE FILM RED Edition-),Jinbe Premium Card Collection ONE PIECE FILM RED Edition,https://tcgplayer-cdn.tcgplayer.com/product/504469_200w.jpg,68,17675,https://cpt.tcgcsv.com/pP26,2023-11-22T05:03:09.727,1,UC,OP01-014,"[Blocker] <em>(After your opponent declares an attack, you may rest this card to make it the new target of the attack.)</em>
<br>
[DON!! x1] [On Block] Play up to 1 red Character card with a cost of 2 or less from your hand.",Red,Character,4,5000,Fish-Man;Straw Hat Crew,Strike,6.35,9.26,50.0,8.87,,Foil,,
504470,Nico Robin (Premium Card Collection -ONE PIECE FILM RED Edition-),Nico Robin Premium Card Collection ONE PIECE FILM RED Edition,https://tcgplayer-cdn.tcgplayer.com/product/504470_200w.jpg,68,17675,https://cpt.tcgcsv.com/qP26,2023-11-22T05:03:09.727,1,R,OP01-017,[DON!! x1] [When Attacking] K.O. up to 1 of your opponent's Characters with 3000 power or less.,Red,Character,3,4000,Straw Hat Crew,Strike,19.94,33.26,199.99,26.88,,Foil,1000,
504471,Franky (Premium Card Collection -ONE PIECE FILM RED Edition-),Franky Premium Card Collection ONE PIECE FILM RED Edition,https://tcgplayer-cdn.tcgplayer.com/product/504471_200w.jpg,68,17675,https://cpt.tcgcsv.com/rP26,2023-11-22T05:03:09.727,1,UC,OP01-021,[DON!! x1] This Character can also attack your opponent's active Characters.,Red,Character,3,4000,Straw Hat Crew,Ranged,5.01,7.88,70.0,7.66,,Foil,,
504472,Shanks (Premium Card Collection -ONE PIECE FILM RED Edition-),Shanks Premium Card Collection ONE PIECE FILM RED Edition,https://tcgplayer-cdn.tcgplayer.com/product/504472_200w.jpg,68,17675,https://cpt.tcgcsv.com/sP26,2023-11-22T05:03:09.727,1,PR,P-016,,Red,Character,8,10000,FILM;The Four Emperors;Red-Haired Pirates,Slash,14.72,19.2,50.0,18.73,,Foil,1000,
504473,Monkey.D.Luffy (Premium Card Collection -ONE PIECE FILM RED Edition-),MonkeyDLuffy Premium Card Collection ONE PIECE FILM RED Edition,https://tcgplayer-cdn.tcgplayer.com/product/504473_200w.jpg,68,17675,https://cpt.tcgcsv.com/tP26,2023-11-22T05:03:09.727,1,PR,P-022,,Red,Character,4,6000,FILM;Straw Hat Crew;Supernovas,Strike,49.99,63.84,249.95,62.93,,Foil,1000,
504474,Usopp (Premium Card Collection -ONE PIECE FILM RED Edition-),Usopp Premium Card Collection ONE PIECE FILM RED Edition,https://tcgplayer-cdn.tcgplayer.com/product/504474_200w.jpg,68,17675,https://cpt.tcgcsv.com/vP26,2024-03-09T13:56:03.483,1,C,ST01-002,"[DON!! x2] [When Attacking] Your opponent cannot activate a [Blocker] Character that has 5000 or more power during this battle.
<br>
[Trigger] Play this card.",Red,Character,2,2000,Straw Hat Crew,Ranged,8.11,9.42,229.99,9.28,,Foil,1000,
504475,Sanji (Premium Card Collection -ONE PIECE FILM RED Edition-),Sanji Premium Card Collection ONE PIECE FILM RED Edition,https://tcgplayer-cdn.tcgplayer.com/product/504475_200w.jpg,68,17675,https://cpt.tcgcsv.com/wP26,2023-11-22T05:03:09.727,1,C,ST01-004,[DON!! x2] This Character gains [Rush]. <em>(This card can attack on the turn in which is is played.)</em>,Red,Character,2,4000,Straw Hat Crew,Strike,15.03,18.46,147.0,18.46,,Foil,,
504476,Tony Tony.Chopper (Premium Card Collection -ONE PIECE FILM RED Edition-),Tony TonyChopper Premium Card Collection ONE PIECE FILM RED Edition,https://tcgplayer-cdn.tcgplayer.com/product/504476_200w.jpg,68,17675,https://cpt.tcgcsv.com/xP26,2023-11-22T05:03:09.727,1,C,ST01-006,"[Blocker] <em>(After your opponent declares an attack, you may rest this card to make it the new target of the attack.)</em>",Red,Character,1,1000,Animal;Straw Hat Crew,Strike,39.99,50.0,93.99,48.82,,Foil,,
504477,Nami (Premium Card Collection -ONE PIECE FILM RED Edition-),Nami Premium Card Collection ONE PIECE FILM RED Edition,https://tcgplayer-cdn.tcgplayer.com/product/504477_200w.jpg,68,17675,https://cpt.tcgcsv.com/zP26,2023-11-22T05:03:09.727,1,C,ST01-007,[Activate:Main] [Once Per Turn] Give up to 1 rested DON!! card to your Leader or 1 of your Characters.,Red,Character,1,1000,Straw Hat Crew,Special,36.61,44.73,199.95,42.78,,Foil,1000,
504478,Brook (Premium Card Collection -ONE PIECE FILM RED Edition-),Brook Premium Card Collection ONE PIECE FILM RED Edition,https://tcgplayer-cdn.tcgplayer.com/product/504478_200w.jpg,68,17675,https://cpt.tcgcsv.com/BP26,2023-11-22T05:03:09.727,1,C,ST01-011,[On Play] Give up to 2 rested DON!! cards to your Leader or 1 of your Characters.,Red,Character,2,3000,Straw Hat Crew,Slash,10.99,17.0,149.99,11.96,,Foil,2000,
504480,Roronoa Zoro (Premium Card Collection -ONE PIECE FILM RED Edition-),Roronoa Zoro Premium Card Collection ONE PIECE FILM RED Edition,https://tcgplayer-cdn.tcgplayer.com/product/504480_200w.jpg,68,17675,https://cpt.tcgcsv.com/DP26,2023-11-22T05:03:09.727,1,SR,ST01-013,[DON!! x1] This Character gains +1000 power.,Red,Character,3,5000,Straw Hat Crew;Supernovas,Slash,29.99,45.67,139.95,46.13,,Foil,,
504483,Portgas.D.Ace (Special Goods Set -Ace/Sabo/Luffy-),PortgasDAce Special Goods Set Ace Sabo Luffy,https://tcgplayer-cdn.tcgplayer.com/product/504483_200w.jpg,68,17675,https://cpt.tcgcsv.com/HP26,2023-11-10T20:15:14.107,1,L,OP03-001,"When this Leader attacks or is attacked, you may trash any number of Event or Stage cards from your hand. This Leader gains +1000 power during this battle for every card trashed.",Red,Leader,,5000,Whitebeard Pirates,Special,41.56,58.21,150.0,36.14,,Foil,,5
509458,Event Pack Vol. 2,Event Pack Vol 2,https://tcgplayer-cdn.tcgplayer.com/product/509458_200w.jpg,68,17675,https://cpt.tcgcsv.com/bP56,2023-07-27T19:16:22.543,1,,,,,,,,,,199.99,233.98,349.99,137.61,,Normal,,
509459,Raizo (Event Pack Vol. 2),Raizo Event Pack Vol 2,https://tcgplayer-cdn.tcgplayer.com/product/509459_200w.jpg,68,17675,https://cpt.tcgcsv.com/cP56,2023-07-27T19:19:28.823,1,PR,OP01-052,"[When Attacking] [Once Per Turn] If you have 2 or more rested Characters, draw 1 card.",Green,Character,3,4000,Land of Wano;The Akazaya Nine,Slash,0.2,0.5,6.0,0.33,,Normal,1000,
509460,Sasaki (Event Pack Vol. 2),Sasaki Event Pack Vol 2,https://tcgplayer-cdn.tcgplayer.com/product/509460_200w.jpg,68,17675,https://cpt.tcgcsv.com/dP56,2023-07-27T19:20:59.12,1,PR,OP01-101,[DON!! x1] [When Attacking] <strong>You may trash 1 card from your hand</strong>: Add up to 1 DON!! card from your DON!! deck and rest it.,Purple,Character,3,4000,Animal Kingdom Pirates,Slash,1.2,1.95,5.0,1.73,,Normal,2000,
509461,Tsuru (Event Pack Vol. 2),Tsuru Event Pack Vol 2,https://tcgplayer-cdn.tcgplayer.com/product/509461_200w.jpg,68,17675,https://cpt.tcgcsv.com/fP56,2024-05-04T13:04:41.353,1,PR,OP02-106,[On Play] Give up to 1 of your opponent's Characters -2 cost during this turn.,Black,Character,1,0,Navy,Wisdom,0.15,0.5,19.95,0.44,,Normal,2000,
509462,General Franky (Event Pack Vol. 2),General Franky Event Pack Vol 2,https://tcgplayer-cdn.tcgplayer.com/product/509462_200w.jpg,68,17675,https://cpt.tcgcsv.com/gP56,2023-07-27T19:24:12.263,1,PR,P-027,"Also treat this card's name as [Franky] according to the rules.
<br>
[Opponent's Turn] All of your Characters with 3000 base power or less gain +1000 power.",Red,Character,2,4000,Straw Hat Crew,Ranged,15.0,17.99,49.99,12.43,,Foil,,
509463,Monkey.D.Luffy (Event Pack Vol. 2),MonkeyDLuffy Event Pack Vol 2,https://tcgplayer-cdn.tcgplayer.com/product/509463_200w.jpg,68,17675,https://cpt.tcgcsv.com/hP56,2023-07-27T19:25:03.807,1,PR,P-033,[Activate:Main] <strong>You may place this Character at the bottom of the owner's deck</strong>: Draw 1 card.,Blue,Character,4,5000,Straw Hat Crew,Strike,345.0,481.94,1500.0,419.18,,Foil,1000,
509464,Sanji (Event Pack Vol. 2),Sanji Event Pack Vol 2,https://tcgplayer-cdn.tcgplayer.com/product/509464_200w.jpg,68,17675,https://cpt.tcgcsv.com/jP56,2023-07-27T19:27:14.273,1,PR,P-034,"[DON!! x1] [Your Turn] If you have 2 or less Life cards, this Character gains +2000 power.",Yellow,Character,3,4000,The Vinsmoke Family,Strike,10.99,21.49,79.99,13.83,,Foil,1000,
509465,Borsalino (Championship 2023),Borsalino Championship 2023,https://tcgplayer-cdn.tcgplayer.com/product/509465_200w.jpg,68,17675,https://cpt.tcgcsv.com/kP56,2023-07-27T19:33:10.69,1,PR,OP02-114,"[Opponent's Turn] This Character gains +1000 power and cannot be K.O.'d by effects.
<br>
[Blocker] <em>(After your opponent declares an attack, you may rest this card to make it the new target of the attack.)</em>",Black,Character,4,5000,Navy,Special,1800.0,2000.0,50000.0,1049.48,,Foil,1000,
509466,Kuzan (Championship 2023),Kuzan Championship 2023,https://tcgplayer-cdn.tcgplayer.com/product/509466_200w.jpg,68,17675,https://cpt.tcgcsv.com/lP56,2023-07-27T19:34:48.66,1,PR,OP02-096,"[On Play] Draw 1 card.
<br>
[When Attacking] Give up to 1 of your opponent's Characters -4 cost during this turn.",Black,Character,4,5000,Navy,Special,1875.0,1930.0,2000.0,1999.99,,Foil,,
509467,Sakazuki (Championship 2023),Sakazuki Championship 2023,https://tcgplayer-cdn.tcgplayer.com/product/509467_200w.jpg,68,17675,https://cpt.tcgcsv.com/mP56,2023-07-27T19:35:52.577,1,PR,OP02-099,[On Play] <strong>You may trash 1 card from your hand</strong>: K.O. up to 1 of your opponent's Characters with a cost of 5 or less.,Black,Character,6,7000,Navy,Special,,,,,,,,
509752,Monkey.D.Luffy (Alternate Art),MonkeyDLuffy Alternate Art,https://tcgplayer-cdn.tcgplayer.com/product/509752_200w.jpg,68,17675,https://cpt.tcgcsv.com/3W56,2023-07-31T20:30:42.273,1,PR,P-001,[DON!! x2] This Character gains [Rush] <em>(This card can attack on the turn in which it is played.)</em>,Red,Character,6,7000,Straw Hat Crew;Supernovas,Strike,159.9,239.97,450.0,212.23,,Foil,,
510578,Monkey.D.Luffy (Gen Con 2023),MonkeyDLuffy Gen Con 2023,https://tcgplayer-cdn.tcgplayer.com/product/510578_200w.jpg,68,17675,https://cpt.tcgcsv.com/Bf66,2023-08-04T19:09:21.36,1,PR,P-037,"[When Attacking] If you have 2 or more rested Characters, this Character gains +1000 power during this turn.",Green,Character,2,4000,Straw Hat Crew,Strike,90.0,139.93,474.75,151.97,,Foil,,
510688,Bellamy (Pirates Party Vol. 4),Bellamy Pirates Party Vol 4,https://tcgplayer-cdn.tcgplayer.com/product/510688_200w.jpg,68,17675,https://cpt.tcgcsv.com/Nh66,2023-09-18T13:13:10.203,1,PR,P-039,"[Banish] <em>(When this card deals damage, the target card is trashed without activating its Trigger.)</em>
<br>
[DON!! x2] If you have 0 Life cards, this Character gains +2000 power.",Yellow,Character,5,6000,Bellamy Pirates,Strike,0.66,1.48,8.99,0.85,,Normal,,
510707,Mr.2.Bon.Kurei (Bentham) (Store Championship Participation Pack Vol. 2),Mr2BonKurei Bentham Store Championship Participation Pack Vol 2,https://tcgplayer-cdn.tcgplayer.com/product/510707_200w.jpg,68,17675,https://cpt.tcgcsv.com/9j66,2024-01-08T12:57:13.13,1,PR,OP01-084,"[DON!! x1] [When Attacking] Look at 5 cards from the top of your deck; reveal up to 1 [Baroque Works] type Event card and add it to your hand. Then, place the rest at the bottom of your deck in any order.",Blue,Character,3,4000,Baroque Works,Strike,13.99,18.42,59.99,15.04,,Foil,2000,
510712,Jozu (Store Championship Participation Pack Vol. 2),Jozu Store Championship Participation Pack Vol 2,https://tcgplayer-cdn.tcgplayer.com/product/510712_200w.jpg,68,17675,https://cpt.tcgcsv.com/gj66,2023-09-29T12:45:28.883,1,PR,OP02-008,"[DON!! x1] If you have 2 or less Life cards and your Leader's type includes ""Whitebeard Pirates"", this Character gains [Rush]. <em>(This card can attack on the turn in which it is played.)</em>",Red,Character,4,4000,Whitebeard Pirates,Strike,4.06,5.95,34.99,5.06,,Foil,2000,
510718,Pearl (Store Championship Participation Pack Vol. 2),Pearl Store Championship Participation Pack Vol 2,https://tcgplayer-cdn.tcgplayer.com/product/510718_200w.jpg,68,17675,https://cpt.tcgcsv.com/nj66,2023-09-29T12:45:36.73,1,PR,OP03-031,"[Blocker] <em>(After your opponent declares an attack, you may rest this card to make it the new target of the attack.)</em>",Green,Character,2,2000,Krieg Pirates;East Blue,Strike,1.99,3.57,50.0,2.6,,Foil,1000,
510722,Helmeppo (Store Championship Participation Pack Vol. 2),Helmeppo Store Championship Participation Pack Vol 2,https://tcgplayer-cdn.tcgplayer.com/product/510722_200w.jpg,68,17675,https://cpt.tcgcsv.com/sj66,2023-09-29T12:45:25.027,1,PR,OP03-091,[On Play] Set the cost of up to 1 of your opponent's Characters with no base effect to 0 during this turn.,Black,Character,1,0,Navy,Wisdom,1.68,5.0,40.0,3.73,,Foil,0,
510726,Sanji (Store Championship Participation Pack Vol. 2),Sanji Store Championship Participation Pack Vol 2,https://tcgplayer-cdn.tcgplayer.com/product/510726_200w.jpg,68,17675,https://cpt.tcgcsv.com/xj66,2023-09-29T12:45:39.913,1,PR,OP03-102,[DON!! x2] [When Attacking] <strong>You may add 1 card from the top or bottom of your Life cards to your hand</strong>: Add up to 1 card from the top of your deck to the top of your Life cards.,Yellow,Character,2,3000,The Vinsmoke Family,Strike,18.0,24.94,74.99,16.5,,Foil,3000,
510728,Shiki (Store Championship Participation Pack Vol. 2),Shiki Store Championship Participation Pack Vol 2,https://tcgplayer-cdn.tcgplayer.com/product/510728_200w.jpg,68,17675,https://cpt.tcgcsv.com/Bj66,2025-11-05T15:48:49.15,1,PR,ST05-008,"If you have 8 or more DON!! cards on your field, this Character cannot be K.O.'d in battle.",Purple,Character,6,7000,FILM;Golden Lion Pirates,Slash,3.35,6.75,79.99,3.48,,Foil,1000,
510733,"Eustass""Captain""Kid (Store Championship Vol. 2 Winner)",EustassCaptainKid Store Championship Vol 2 Winner,https://tcgplayer-cdn.tcgplayer.com/product/510733_200w.jpg,68,17675,https://cpt.tcgcsv.com/Hj66,2023-09-29T12:45:21.53,1,PR,P-003,[DON!! x2] This Character gains [Double Attack] <em>(This card deals 2 damage.)</em>,Green,Character,3,4000,Kid Pirates;Supernovas,Special,58.96,74.89,500.0,58.96,,Foil,4000,
514032,Otama (Online Regional 2023) [Participant],Otama Online Regional 2023 Participant,https://tcgplayer-cdn.tcgplayer.com/product/514032_200w.jpg,68,17675,https://cpt.tcgcsv.com/GD76,2023-10-06T12:30:55.11,1,PR,OP01-006,[On Play] Give up to 1 of your opponent's Characters -2000 power during this turn.,Red,Character,1,0,Land of Wano,Special,20.0,34.17,1000.0,22.45,,Foil,2000,
514033,Otama (Online Regional 2023) [Finalist],Otama Online Regional 2023 Finalist,https://tcgplayer-cdn.tcgplayer.com/product/514033_200w.jpg,68,17675,https://cpt.tcgcsv.com/HD76,2023-10-06T12:30:51.787,1,PR,OP01-006,[On Play] Give up to 1 of your opponent's Characters -2000 power during this turn.,Red,Character,1,0,Land of Wano,Special,,,,,,,2000,
514034,Crocodile (Online Regional 2023) [Participant],Crocodile Online Regional 2023 Participant,https://tcgplayer-cdn.tcgplayer.com/product/514034_200w.jpg,68,17675,https://cpt.tcgcsv.com/JD76,2023-10-06T12:30:16.17,1,PR,OP02-053,,Blue,Character,5,7000,Impel Down;Former Baroque Works,Special,34.0,36.95,54.99,20.02,,Foil,1000,
514035,Crocodile (Online Regional 2023) [Finalist],Crocodile Online Regional 2023 Finalist,https://tcgplayer-cdn.tcgplayer.com/product/514035_200w.jpg,68,17675,https://cpt.tcgcsv.com/KD76,2023-10-06T12:30:12.207,1,PR,OP02-053,,Blue,Character,5,7000,Impel Down;Former Baroque Works,Special,,,,,,,1000,
514036,Kuroobi (Online Regional 2023) [Participant],Kuroobi Online Regional 2023 Participant,https://tcgplayer-cdn.tcgplayer.com/product/514036_200w.jpg,68,17675,https://cpt.tcgcsv.com/LD76,2023-10-06T12:30:27.98,1,PR,OP03-026,"[On Play] If your Leader has the [East Blue] type, rest up to 1 of your opponent's Characters.
<br>
[Trigger] Play this card.",Green,Character,4,3000,Fish-Man;Arlong Pirates;East Blue,Strike,10.0,13.0,55.0,11.62,,Foil,1000,
514037,Kuroobi (Online Regional 2023) [Finalist],Kuroobi Online Regional 2023 Finalist,https://tcgplayer-cdn.tcgplayer.com/product/514037_200w.jpg,68,17675,https://cpt.tcgcsv.com/MD76,2023-10-06T12:30:24.147,1,PR,OP03-026,"[On Play] If your Leader has the [East Blue] type, rest up to 1 of your opponent's Characters.
<br>
[Trigger] Play this card.",Green,Character,4,3000,Fish-Man;Arlong Pirates;East Blue,Strike,2721.92,2721.92,2721.92,60.93,,Foil,1000,
514038,Minorhinoceros (Online Regional 2023) [Participant],Minorhinoceros Online Regional 2023 Participant,https://tcgplayer-cdn.tcgplayer.com/product/514038_200w.jpg,68,17675,https://cpt.tcgcsv.com/ND76,2023-10-06T12:30:38.8,1,PR,OP03-069,"[On K.O.] If your Leader has the [Impel Down] type, draw 2 cards and trash 1 card from your hand.",Purple,Character,3,5000,Impel Down;Jailer Beast,Strike,10.0,17.49,30.0,5.17,,Foil,,
514039,Minorhinoceros (Online Regional 2023) [Finalist],Minorhinoceros Online Regional 2023 Finalist,https://tcgplayer-cdn.tcgplayer.com/product/514039_200w.jpg,68,17675,https://cpt.tcgcsv.com/PD76,2023-10-06T12:30:34.793,1,PR,OP03-069,"[On K.O.] If your Leader has the [Impel Down] type, draw 2 cards and trash 1 card from your hand.",Purple,Character,3,5000,Impel Down;Jailer Beast,Strike,200.0,349.85,499.69,60.31,,Foil,,
514040,Spandam (Online Regional 2023) [Participant],Spandam Online Regional 2023 Participant,https://tcgplayer-cdn.tcgplayer.com/product/514040_200w.jpg,68,17675,https://cpt.tcgcsv.com/QD76,2023-10-06T12:31:07.08,1,PR,OP03-086,"[On Play] If your Leader's type includes ""CP"", look at 3 cards from the top of your deck; reveal up to 1 card with a type including ""CP"" other than [Spandam] and add it to your hand. Then, trash the rest.",Black,Character,1,2000,CP9,Slash,10.0,12.74,23.99,9.43,,Foil,1000,
514041,Spandam (Online Regional 2023) [Finalist],Spandam Online Regional 2023 Finalist,https://tcgplayer-cdn.tcgplayer.com/product/514041_200w.jpg,68,17675,https://cpt.tcgcsv.com/RD76,2023-10-06T12:31:03.123,1,PR,OP03-086,"[On Play] If your Leader's type includes ""CP"", look at 3 cards from the top of your deck; reveal up to 1 card with a type including ""CP"" other than [Spandam] and add it to your hand. Then, trash the rest.",Black,Character,1,2000,CP9,Slash,200.0,200.0,200.0,82.19,,Foil,1000,
514042,Charlotte Chiffon (Online Regional 2023) [Participant],Charlotte Chiffon Online Regional 2023 Participant,https://tcgplayer-cdn.tcgplayer.com/product/514042_200w.jpg,68,17675,https://cpt.tcgcsv.com/SD76,2023-10-06T12:30:05.64,1,PR,OP03-109,[On Play] <strong>You may trash 1 card from the top or bottom of your Life cards</strong>: Add up to 1 card from the top of your deck to the top of your Life cards.,Yellow,Character,2,3000,Big Mom Pirates,Wisdom,18.71,19.98,19.99,8.63,,Foil,,
514043,Charlotte Chiffon (Online Regional 2023) [Finalist],Charlotte Chiffon Online Regional 2023 Finalist,https://tcgplayer-cdn.tcgplayer.com/product/514043_200w.jpg,68,17675,https://cpt.tcgcsv.com/TD76,2023-10-06T12:30:01.353,1,PR,OP03-109,[On Play] <strong>You may trash 1 card from the top or bottom of your Life cards</strong>: Add up to 1 card from the top of your deck to the top of your Life cards.,Yellow,Character,2,3000,Big Mom Pirates,Wisdom,245.0,245.0,245.0,47.95,,Foil,,
514044,Jozu (Championship 2023),Jozu Championship 2023,https://tcgplayer-cdn.tcgplayer.com/product/514044_200w.jpg,68,17675,https://cpt.tcgcsv.com/VD76,2023-11-08T14:16:59.587,1,PR,OP02-008,"[DON!! x1] If you have 2 or less Life cards and your Leader's type includes ""Whitebeard Pirates"", this Character gains [Rush]. <em>(This card can attack on the turn in which it is played.)</em>",Red,Character,4,4000,Whitebeard Pirates,Strike,333.17,378.95,999.99,312.48,,Foil,2000,
514045,Edward.Newgate (Championship 2023),EdwardNewgate Championship 2023,https://tcgplayer-cdn.tcgplayer.com/product/514045_200w.jpg,68,17675,https://cpt.tcgcsv.com/WD76,2023-12-29T13:42:52.52,1,PR,OP02-004,"[On Play] Up to 1 of your Leader gains +2000 power until the start of your next turn. Then, you cannot add Life cards to your hand using your own effects during this turn.
<br>
[DON!! x2] [When Attacking] K.O. up to 1 of your opponent's Characters with 3000 power or less.",Red,Character,9,10000,The Four Emperors;Whitebeard Pirates,Special,,,,,,,,
514046,Marco (Championship 2023),Marco Championship 2023,https://tcgplayer-cdn.tcgplayer.com/product/514046_200w.jpg,68,17675,https://cpt.tcgcsv.com/XD76,2023-11-08T14:16:55.903,1,PR,OP03-013,"[Your Turn] [On Play] K.O. up to 1 of your opponent's Characters with 3000 power or less.
<br>
[On K.O.] <strong>You may trash 1 Event from your hand</strong>: You may play this Character card from your trash rested.",Red,Character,5,6000,Whitebeard Pirates,Special,1999.99,1999.99,1999.99,999.99,,Foil,1000,
514047,Shanks (Championship 2023) [Serial Number],Shanks Championship 2023 Serial Number,https://tcgplayer-cdn.tcgplayer.com/product/514047_200w.jpg,68,17675,https://cpt.tcgcsv.com/ZD76,2024-04-23T15:17:10.66,1,PR,OP01-120,"[Rush] <em>(This card can attack on the turn in which it is played.)</em>
<br>
[When Attacking] Your opponent cannot activate a [Blocker] Character that has 2000 or less power during this battle.",Red,Character,9,10000,The Four Emperors;Red-Haired Pirates,Slash,100000.0,100000.0,100000.0,,,Foil,,
514048,Otama (Online Regional 2023) [Winner],Otama Online Regional 2023 Winner,https://tcgplayer-cdn.tcgplayer.com/product/514048_200w.jpg,68,17675,https://cpt.tcgcsv.com/-D76,2023-10-06T12:30:59.1,1,PR,OP01-006,[On Play] Give up to 1 of your opponent's Characters -2000 power during this turn.,Red,Character,1,0,Land of Wano,Special,,,,,,,2000,
514049,Crocodile (Online Regional 2023) [Winner],Crocodile Online Regional 2023 Winner,https://tcgplayer-cdn.tcgplayer.com/product/514049_200w.jpg,68,17675,https://cpt.tcgcsv.com/_D76,2023-10-06T12:30:19.707,1,PR,OP02-053,,Blue,Character,5,7000,Impel Down;Former Baroque Works,Special,,,,,,,1000,
514050,Kuroobi (Online Regional 2023) [Winner],Kuroobi Online Regional 2023 Winner,https://tcgplayer-cdn.tcgplayer.com/product/514050_200w.jpg,68,17675,https://cpt.tcgcsv.com/0F76,2023-11-27T16:20:56.173,1,PR,OP03-026,"[On Play] If your Leader has the [East Blue] type, rest up to 1 of your opponent's Characters.
<br>
[Trigger] Play this card.",Green,Character,4,3000,Fish-Man;Arlong Pirates;East Blue,Strike,,,,,,,1000,
514051,Minorhinoceros (Online Regional 2023) [Winner],Minorhinoceros Online Regional 2023 Winner,https://tcgplayer-cdn.tcgplayer.com/product/514051_200w.jpg,68,17675,https://cpt.tcgcsv.com/2F76,2023-11-27T16:21:22.443,1,PR,OP03-069,"[On K.O.] If your Leader has the [Impel Down] type, draw 2 cards and trash 1 card from your hand.",Purple,Character,3,5000,Impel Down;Jailer Beast,Strike,,,,,,,,
514052,Spandam (Online Regional 2023) [Winner],Spandam Online Regional 2023 Winner,https://tcgplayer-cdn.tcgplayer.com/product/514052_200w.jpg,68,17675,https://cpt.tcgcsv.com/3F76,2023-11-27T16:21:31.56,1,PR,OP03-086,"[On Play] If your Leader's type includes ""CP"", look at 3 cards from the top of your deck; reveal up to 1 card with a type including ""CP"" other than [Spandam] and add it to your hand. Then, trash the rest.",Black,Character,1,2000,CP9,Slash,,,,,,,1000,
514053,Charlotte Chiffon (Online Regional 2023) [Winner],Charlotte Chiffon Online Regional 2023 Winner,https://tcgplayer-cdn.tcgplayer.com/product/514053_200w.jpg,68,17675,https://cpt.tcgcsv.com/5F76,2023-11-27T16:20:43.423,1,PR,OP03-109,[On Play] <strong>You may trash 1 card from the top or bottom of your Life cards</strong>: Add up to 1 card from the top of your deck to the top of your Life cards.,Yellow,Character,2,3000,Big Mom Pirates,Wisdom,,,,,,,,
514054,Online Regional Participation Pack Vol. 2,Online Regional Participation Pack Vol 2,https://tcgplayer-cdn.tcgplayer.com/product/514054_200w.jpg,68,17675,https://cpt.tcgcsv.com/6F76,2023-11-28T16:04:50.76,1,,,,,,,,,,,,,,,,,
514055,Perona (Judge Pack Vol. 2),Perona Judge Pack Vol 2,https://tcgplayer-cdn.tcgplayer.com/product/514055_200w.jpg,68,17675,https://cpt.tcgcsv.com/7F76,2023-10-06T12:21:52.197,1,PR,OP01-077,[On Play] Look at 5 cards from the top of your deck and place them at the top or bottom of the deck in any order.,Blue,Character,1,2000,Thriller Bark Pirates,Special,18.49,21.6,54.0,22.6,,Foil,1000,
514056,Brook (Judge Pack Vol. 2),Brook Judge Pack Vol 2,https://tcgplayer-cdn.tcgplayer.com/product/514056_200w.jpg,68,17675,https://cpt.tcgcsv.com/8F76,2023-10-06T12:21:18.75,1,PR,OP02-040,[On Play] Play up to 1 [FILM] or [Straw Hat Crew] type Character card with a cost of 3 or less from your hand.,Green,Character,4,5000,FILM;Straw Hat Crew,Slash,17.0,20.87,33.5,15.65,,Foil,1000,
514057,Donquixote Rosinante (Judge Pack Vol. 2),Donquixote Rosinante Judge Pack Vol 2,https://tcgplayer-cdn.tcgplayer.com/product/514057_200w.jpg,68,17675,https://cpt.tcgcsv.com/9F76,2023-10-06T12:21:31.92,1,PR,OP02-108,"[Blocker] <em>(After your opponent declares an attack, you may rest this card to make it the new target of the attack.)</em>",Black,Character,2,2000,Donquixote Pirates;Navy,Special,6.0,10.0,51.63,6.16,,Foil,1000,
514058,Buggy (Judge Pack Vol. 2),Buggy Judge Pack Vol 2,https://tcgplayer-cdn.tcgplayer.com/product/514058_200w.jpg,68,17675,https://cpt.tcgcsv.com/bF76,2023-10-06T12:21:23.663,1,PR,OP03-008,"This Character cannot be K.O.'d in battle by ""Slash"" attribute cards.
<br>
[On Play] Look at 5 cards from the top of your deck; reveal up to 1 red Event and add it to your hand. Then, place the rest at the bottom of your deck in any order.",Red,Character,1,3000,Buggy Pirates,Slash,30.0,37.97,99.95,20.41,,Foil,,
514059,Flame Emperor (Judge Pack Vol. 2),Flame Emperor Judge Pack Vol 2,https://tcgplayer-cdn.tcgplayer.com/product/514059_200w.jpg,68,17675,https://cpt.tcgcsv.com/cF76,2023-10-06T12:21:34.723,1,PR,OP03-016,"[Main] If your Leader is [Portgas.D.Ace], K.O. up to 1 of your opponent's Characters with 8000 power or less, and your Leader gains [Double Attack] and +3000 power during this turn. <em>(This card deals 2 damage.)</em>
<br>
[Trigger] K.O. up to 1 of your opponent's Characters with 6000 power or less.",Red,Event,7,,Whitebeard Pirates,,4.49,7.99,25.0,4.37,,Foil,,
514060,Three Thousand Worlds (Judge Pack Vol. 2),Three Thousand Worlds Judge Pack Vol 2,https://tcgplayer-cdn.tcgplayer.com/product/514060_200w.jpg,68,17675,https://cpt.tcgcsv.com/dF76,2023-10-06T12:22:00.467,1,PR,OP03-057,"[Main] Place up to 1 Character with a cost of 5 or less at the bottom of the owner's deck.
<br>
[Trigger] Place up to 1 Character with a cost of 3 or less at the bottom of the owner's deck.",Blue,Event,4,,Straw Hat Crew;East Blue,,15.0,18.0,49.99,10.91,,Foil,,
514061,Monkey.D.Luffy (Judge Pack Vol. 2),MonkeyDLuffy Judge Pack Vol 2,https://tcgplayer-cdn.tcgplayer.com/product/514061_200w.jpg,68,17675,https://cpt.tcgcsv.com/fF76,2023-10-06T12:21:47.79,1,PR,OP03-070,[On Play] DON!! -1 <em>(You may return the specified number of DON!! cards from your field to your DON!! deck.)</em> <strong>You may trash 1 Character card with a cost of 5 from your hand</strong>: This Character gains [Rush] during this turn. <em>(This card can attack on the turn in which it is played.)</em>,Purple,Character,6,7000,Straw Hat Crew;Water Seven,Strike,120.0,134.99,439.99,124.66,,Foil,,
514062,Kalifa (Judge Pack Vol. 2),Kalifa Judge Pack Vol 2,https://tcgplayer-cdn.tcgplayer.com/product/514062_200w.jpg,68,17675,https://cpt.tcgcsv.com/gF76,2023-10-06T12:21:37.793,1,PR,OP03-081,"[On Play] Draw 2 cards and trash 2 cards from your hand. Then, give up to 1 of your opponent's Characters -2 cost during this turn.",Black,Character,4,4000,CP9,Special,4.25,6.7,199.0,4.9,,Foil,2000,
514063,Charlotte Pudding (Judge Pack Vol. 2),Charlotte Pudding Judge Pack Vol 2,https://tcgplayer-cdn.tcgplayer.com/product/514063_200w.jpg,68,17675,https://cpt.tcgcsv.com/hF76,2023-10-06T12:21:27.013,1,PR,OP03-112,"[On Play] Look at 4 cards from the top of your deck; reveal up to 1 [Sanji] or [Big Mom Pirates] type card other than [Charlotte Pudding] and add it to your hand. Then, place the rest at the bottom of your deck in any order.",Yellow,Character,1,2000,Big Mom Pirates,Wisdom,9.25,29.99,54.98,8.7,,Foil,1000,
514064,Thunder Bolt (Judge Pack Vol. 2),Thunder Bolt Judge Pack Vol 2,https://tcgplayer-cdn.tcgplayer.com/product/514064_200w.jpg,68,17675,https://cpt.tcgcsv.com/jF76,2023-10-06T12:22:04.363,1,PR,OP03-121,"[Main] <strong>You may trash 1 card from the top of your Life cards</strong>: K.O. up to 1 of your opponent's Characters with a cost of 5 or less.
<br>
[Trigger] K.O. up to 1 of your opponent's Characters with a cost of 5 or less.",Yellow,Character,2,,The Four Emperors;Big Mom Pirates,,3.25,5.0,20.0,1.78,,Foil,,
514065,X.Drake (Judge Pack Vol. 2),XDrake Judge Pack Vol 2,https://tcgplayer-cdn.tcgplayer.com/product/514065_200w.jpg,68,17675,https://cpt.tcgcsv.com/kF76,2023-10-06T12:22:09,1,PR,ST02-014,"[DON!! x1] [Your Turn] If this Character is rested, your [Supernovas] or [Navy] type Leaders and Characters gain +1000 power.",Green,Character,4,5000,Drake Pirates;Navy;Supernovas,Slash,4.25,6.0,23.5,2.92,,Foil,1000,
514066,Queen (Judge Pack Vol. 2),Queen Judge Pack Vol 2,https://tcgplayer-cdn.tcgplayer.com/product/514066_200w.jpg,68,17675,https://cpt.tcgcsv.com/lF76,2023-10-06T12:21:56.97,1,PR,ST04-005,"[Blocker] <em>(After your opponent declares an attack, you may rest this card to make it the new target of the attack.)</em>
<br>
[On Play] DON!! -1 <em>(You may return the specified number of DON!! cards from your field to your DON!! deck.)</em>: Draw 2 cards and trash 1 card from your hand.",Purple,Character,5,6000,Animal Kingdom Pirates,Strike,2.2,5.0,26.99,2.2,,Foil,1000,
514165,Otama (Offline Regional 2023) [Finalist],Otama Offline Regional 2023 Finalist,https://tcgplayer-cdn.tcgplayer.com/product/514165_200w.jpg,68,17675,https://cpt.tcgcsv.com/kH76,2023-10-13T11:44:03.117,1,PR,OP01-006,[On Play] Give up to 1 of your opponent's Characters -2000 power during this turn.,Red,Character,1,0,Land of Wano,Special,,,,,,,2000,
514167,Otama (Offline Regional 2023) [Participant],Otama Offline Regional 2023 Participant,https://tcgplayer-cdn.tcgplayer.com/product/514167_200w.jpg,68,17675,https://cpt.tcgcsv.com/mH76,2023-10-13T11:44:07.023,1,PR,OP01-006,[On Play] Give up to 1 of your opponent's Characters -2000 power during this turn.,Red,Character,1,0,Land of Wano,Special,26.3,30.25,129.99,26.29,,Foil,2000,
514173,Otama (Offline Regional 2023) [Winner],Otama Offline Regional 2023 Winner,https://tcgplayer-cdn.tcgplayer.com/product/514173_200w.jpg,68,17675,https://cpt.tcgcsv.com/tH76,2023-10-13T11:44:10.55,1,PR,OP01-006,[On Play] Give up to 1 of your opponent's Characters -2000 power during this turn.,Red,Character,1,0,Land of Wano,Special,,,,,,,2000,
514176,Crocodile (Offline Regional 2023) [Finalist],Crocodile Offline Regional 2023 Finalist,https://tcgplayer-cdn.tcgplayer.com/product/514176_200w.jpg,68,17675,https://cpt.tcgcsv.com/xH76,2023-10-13T11:42:08.13,1,PR,OP02-053,,Blue,Character,5,7000,Impel Down;Former Baroque Works,Special,599.97,599.97,599.97,138.99,,Foil,1000,
514177,Crocodile (Offline Regional 2023) [Winner],Crocodile Offline Regional 2023 Winner,https://tcgplayer-cdn.tcgplayer.com/product/514177_200w.jpg,68,17675,https://cpt.tcgcsv.com/zH76,2023-10-13T11:42:53.447,1,PR,OP02-053,,Blue,Character,5,7000,Impel Down;Former Baroque Works,Special,,,,,,,1000,
514179,Crocodile (Offline Regional 2023) [Participant],Crocodile Offline Regional 2023 Participant,https://tcgplayer-cdn.tcgplayer.com/product/514179_200w.jpg,68,17675,https://cpt.tcgcsv.com/CH76,2023-10-13T11:42:12.44,1,PR,OP02-053,,Blue,Character,5,7000,Impel Down;Former Baroque Works,Special,36.49,42.39,50.0,13.03,,Foil,1000,
514183,Kuroobi (Offline Regional 2023) [Finalist],Kuroobi Offline Regional 2023 Finalist,https://tcgplayer-cdn.tcgplayer.com/product/514183_200w.jpg,68,17675,https://cpt.tcgcsv.com/HH76,2023-10-13T11:43:38.43,1,PR,OP03-026,"[On Play] If your Leader has the [East Blue] type, rest up to 1 of your opponent's Characters.
<br>
[Trigger] Play this card.",Green,Character,4,3000,Fish-Man;Arlong Pirates;East Blue,Strike,58.29,82.7,125.0,30.66,,Foil,1000,
514184,Kuroobi (Offline Regional 2023) [Winner],Kuroobi Offline Regional 2023 Winner,https://tcgplayer-cdn.tcgplayer.com/product/514184_200w.jpg,68,17675,https://cpt.tcgcsv.com/JH76,2023-10-13T11:43:45.187,1,PR,OP03-026,"[On Play] If your Leader has the [East Blue] type, rest up to 1 of your opponent's Characters.
<br>
[Trigger] Play this card.",Green,Character,4,3000,Fish-Man;Arlong Pirates;East Blue,Strike,,,,,,,1000,
514185,Kuroobi (Offline Regional 2023) [Participant],Kuroobi Offline Regional 2023 Participant,https://tcgplayer-cdn.tcgplayer.com/product/514185_200w.jpg,68,17675,https://cpt.tcgcsv.com/KH76,2023-10-13T11:43:41.663,1,PR,OP03-026,"[On Play] If your Leader has the [East Blue] type, rest up to 1 of your opponent's Characters.
<br>
[Trigger] Play this card.",Green,Character,4,3000,Fish-Man;Arlong Pirates;East Blue,Strike,7.5,9.86,55.0,8.56,,Foil,1000,
514186,Minorhinoceros (Offline Regional 2023) [Finalist],Minorhinoceros Offline Regional 2023 Finalist,https://tcgplayer-cdn.tcgplayer.com/product/514186_200w.jpg,68,17675,https://cpt.tcgcsv.com/LH76,2023-10-13T11:43:48.34,1,PR,OP03-069,"[On K.O.] If your Leader has the [Impel Down] type, draw 2 cards and trash 1 card from your hand.",Purple,Character,3,5000,Impel Down;Jailer Beast,Strike,48.99,50.2,79.97,51.11,,Foil,,
514187,Minorhinoceros (Offline Regional 2023) [Winner],Minorhinoceros Offline Regional 2023 Winner,https://tcgplayer-cdn.tcgplayer.com/product/514187_200w.jpg,68,17675,https://cpt.tcgcsv.com/MH76,2023-10-13T11:43:54.67,1,PR,OP03-069,"[On K.O.] If your Leader has the [Impel Down] type, draw 2 cards and trash 1 card from your hand.",Purple,Character,3,5000,Impel Down;Jailer Beast,Strike,,,,,,,,
514188,Minorhinoceros (Offline Regional 2023) [Participant],Minorhinoceros Offline Regional 2023 Participant,https://tcgplayer-cdn.tcgplayer.com/product/514188_200w.jpg,68,17675,https://cpt.tcgcsv.com/NH76,2023-10-13T11:43:51.483,1,PR,OP03-069,"[On K.O.] If your Leader has the [Impel Down] type, draw 2 cards and trash 1 card from your hand.",Purple,Character,3,5000,Impel Down;Jailer Beast,Strike,15.99,16.3,19.98,5.28,,Foil,,
514189,Spandam (Offline Regional 2023) [Finalist],Spandam Offline Regional 2023 Finalist,https://tcgplayer-cdn.tcgplayer.com/product/514189_200w.jpg,68,17675,https://cpt.tcgcsv.com/PH76,2023-10-13T11:44:14.78,1,PR,OP03-086,"[On Play] If your Leader's type includes ""CP"", look at 3 cards from the top of your deck; reveal up to 1 card with a type including ""CP"" other than [Spandam] and add it to your hand. Then, trash the rest.",Black,Character,1,2000,CP9,Slash,150.0,151.3,172.48,30.28,,Foil,1000,
514190,Spandam (Offline Regional 2023) [Winner],Spandam Offline Regional 2023 Winner,https://tcgplayer-cdn.tcgplayer.com/product/514190_200w.jpg,68,17675,https://cpt.tcgcsv.com/QH76,2023-10-13T11:44:23.053,1,PR,OP03-086,"[On Play] If your Leader's type includes ""CP"", look at 3 cards from the top of your deck; reveal up to 1 card with a type including ""CP"" other than [Spandam] and add it to your hand. Then, trash the rest.",Black,Character,1,2000,CP9,Slash,,,,,,,1000,
514192,Spandam (Offline Regional 2023) [Participant],Spandam Offline Regional 2023 Participant,https://tcgplayer-cdn.tcgplayer.com/product/514192_200w.jpg,68,17675,https://cpt.tcgcsv.com/SH76,2023-10-13T11:44:18.977,1,PR,OP03-086,"[On Play] If your Leader's type includes ""CP"", look at 3 cards from the top of your deck; reveal up to 1 card with a type including ""CP"" other than [Spandam] and add it to your hand. Then, trash the rest.",Black,Character,1,2000,CP9,Slash,8.0,8.99,11.69,7.67,,Foil,1000,
514195,Charlotte Chiffon (Offline Regional 2023) [Finalist],Charlotte Chiffon Offline Regional 2023 Finalist,https://tcgplayer-cdn.tcgplayer.com/product/514195_200w.jpg,68,17675,https://cpt.tcgcsv.com/WH76,2023-10-13T11:41:57.217,1,PR,OP03-109,[On Play] <strong>You may trash 1 card from the top or bottom of your Life cards</strong>: Add up to 1 card from the top of your deck to the top of your Life cards.,Yellow,Character,2,3000,Big Mom Pirates,Wisdom,,,,,,,,
514197,Charlotte Chiffon (Offline Regional 2023) [Winner],Charlotte Chiffon Offline Regional 2023 Winner,https://tcgplayer-cdn.tcgplayer.com/product/514197_200w.jpg,68,17675,https://cpt.tcgcsv.com/ZH76,2023-10-13T11:42:04.13,1,PR,OP03-109,[On Play] <strong>You may trash 1 card from the top or bottom of your Life cards</strong>: Add up to 1 card from the top of your deck to the top of your Life cards.,Yellow,Character,2,3000,Big Mom Pirates,Wisdom,,,,,,,,
514198,Charlotte Chiffon (Offline Regional 2023) [Participant],Charlotte Chiffon Offline Regional 2023 Participant,https://tcgplayer-cdn.tcgplayer.com/product/514198_200w.jpg,68,17675,https://cpt.tcgcsv.com/-H76,2023-10-13T11:42:00.483,1,PR,OP03-109,[On Play] <strong>You may trash 1 card from the top or bottom of your Life cards</strong>: Add up to 1 card from the top of your deck to the top of your Life cards.,Yellow,Character,2,3000,Big Mom Pirates,Wisdom,7.62,18.49,19.99,8.01,,Foil,,
514200,Offline Regional Participation Pack Vol. 2,Offline Regional Participation Pack Vol 2,https://tcgplayer-cdn.tcgplayer.com/product/514200_200w.jpg,68,17675,https://cpt.tcgcsv.com/0J76,2023-10-13T11:43:59.173,1,,,,,,,,,,200.0,600.0,1000.0,,,Normal,,
515352,Marco (Treasure Cup),Marco Treasure Cup,https://tcgplayer-cdn.tcgplayer.com/product/515352_200w.jpg,68,17675,https://cpt.tcgcsv.com/3986,2023-09-05T18:54:37.213,1,R,OP02-018,"[Blocker] <em>(After your opponent declares an attack, you may rest this card to make it the new target of the attack.)</em>
<br>
[On K.O.] <strong>You may trash 1 card with a type including ""Whitebeard Pirates"" from your hand</strong>: If you have 2 or less Life cards, play this Character card from your trash rested.",Red,Character,4,5000,Whitebeard Pirates,Special,520.0,999.99,4100.0,,,Foil,1000,
515354,Queen (Treasure Cup),Queen Treasure Cup,https://tcgplayer-cdn.tcgplayer.com/product/515354_200w.jpg,68,17675,https://cpt.tcgcsv.com/6986,2023-09-05T18:54:33.153,1,C,ST04-005,"[Blocker] <em>(After your opponent declares an attack, you may rest this card to make it the new target of the attack.)</em>
<br>
[On Play] DON!! -1 <em>(You may return the specified number of DON!! cards from your field to your DON!! deck.)</em>: Draw 2 cards and trash 1 card from your hand.",Purple,Character,5,6000,Animal Kingdom Pirates,Strike,700.24,700.24,700.24,700.24,,Foil,1000,
515356,Roronoa Zoro - OP01-025 (Treasure Cup),Roronoa Zoro OP01 025 Treasure Cup,https://tcgplayer-cdn.tcgplayer.com/product/515356_200w.jpg,68,17675,https://cpt.tcgcsv.com/8986,2023-09-05T18:54:29.15,1,SR,OP01-025,[Rush] <em>(This card can attack on the turn in which it is played.)</em>,Red,Character,3,5000,Straw Hat Crew;Supernovas,Slash,,,,,,,,
515361,Monkey.D.Luffy (Pre-Release Tournament),MonkeyDLuffy Pre Release Tournament,https://tcgplayer-cdn.tcgplayer.com/product/515361_200w.jpg,68,17675,https://cpt.tcgcsv.com/f986,2023-09-15T12:01:50.407,1,PR,P-036,[When Attacking] You may add 1 card from the top or bottom of your Life cards to your hand: This Character and up to 1 of your Leader gain +1000 power during this turn.,Yellow,Character,3,4000,Land of Wano;Straw Hat Crew,Strike,8.2,17.33,9999.0,21.23,,Normal,1000,
515362,Monkey.D.Luffy (Pre-Release Tournament) (Winner),MonkeyDLuffy Pre Release Tournament Winner,https://tcgplayer-cdn.tcgplayer.com/product/515362_200w.jpg,68,17675,https://cpt.tcgcsv.com/g986,2023-09-15T12:01:46.51,1,PR,P-036,[When Attacking] You may add 1 card from the top or bottom of your Life cards to your hand: This Character and up to 1 of your Leader gain +1000 power during this turn.,Yellow,Character,3,4000,Land of Wano;Straw Hat Crew,Strike,588.88,699.25,1000.0,456.14,,Foil,1000,
518691,Monkey.D.Luffy (Leader Pack) (Sealed Battle 2023 Vol. 1),MonkeyDLuffy Leader Pack Sealed Battle 2023 Vol 1,https://tcgplayer-cdn.tcgplayer.com/product/518691_200w.jpg,68,17675,https://cpt.tcgcsv.com/Rt96,2023-11-24T14:27:32.243,1,PR,,"This Leader can only be used in designated events according to the rules.
<br>
This Leader is treated as a card with all card names, types, and attributes according to the rules.",Blue;Green;Purple;Red;Black;Yellow,Leader,,5000,Straw Hat Crew,Strike,29.9,35.94,100.0,35.23,,Normal,,4
518692,Monkey.D.Luffy (Leader Pack - Live Action) (Sealed Battle 2023 Vol. 1),MonkeyDLuffy Leader Pack Live Action Sealed Battle 2023 Vol 1,https://tcgplayer-cdn.tcgplayer.com/product/518692_200w.jpg,68,17675,https://cpt.tcgcsv.com/St96,2023-11-24T14:27:25.837,1,PR,,"This Leader can only be used in designated events according to the rules.
<br>
This Leader is treated as a card with all card names, types, and attributes according to the rules.",Blue;Green;Purple;Red;Black;Yellow,Leader,,5000,Straw Hat Crew,Strike,10.0,14.98,50.0,13.44,,Normal,,4
518693,Sabo (Sealed Battle 2023 Vol. 1),Sabo Sealed Battle 2023 Vol 1,https://tcgplayer-cdn.tcgplayer.com/product/518693_200w.jpg,68,17675,https://cpt.tcgcsv.com/Tt96,2023-11-24T14:27:48.377,1,SR,OP04-083,"[Blocker] <em>(After your opponent declares an attack, you may rest this card to make it the new target of the attack.)</em>
<br>
[On Play] None of your Characters can be K.O.'d by effects until the start of your next turn. Then, draw 2 cards and trash 2 cards from your hand.",Black,Character,5,6000,Revolutionary Army;Dressrosa,Special,84.09,120.0,500.0,98.07,,Foil,1000,
518694,Monkey.D.Luffy (047) (Sealed Battle Kit Vol. 1),MonkeyDLuffy 047 Sealed Battle Kit Vol 1,https://tcgplayer-cdn.tcgplayer.com/product/518694_200w.jpg,68,17675,https://cpt.tcgcsv.com/Vt96,2023-11-24T14:27:10.343,1,PR,P-047,[DON!! x1] [When Attacking] Draw 1 card if you have 3 or less cards in your hand.,Blue,Leader,,5000,Straw Hat Crew,Strike,71.05,120.0,950.0,111.65,,Normal,,5
518695,Arlong (Sealed Battle Kit Vol. 1),Arlong Sealed Battle Kit Vol 1,https://tcgplayer-cdn.tcgplayer.com/product/518695_200w.jpg,68,17675,https://cpt.tcgcsv.com/Wt96,2023-11-24T14:26:55.693,1,PR,P-048,"[DON!! x1] [When Attacking] If you have 4 or more Life cards, your opponent places 1 card from their hand at the bottom of their deck.",Blue,Character,3,4000,Fish-Man;Arlong Pirates,Slash,9.0,17.46,55.25,17.46,,Normal,1000,
518696,Usopp (Sealed Battle Kit Vol. 1),Usopp Sealed Battle Kit Vol 1,https://tcgplayer-cdn.tcgplayer.com/product/518696_200w.jpg,68,17675,https://cpt.tcgcsv.com/Xt96,2023-11-24T14:28:11.47,1,PR,P-049,[On Play] Look at 5 cards from the top of your deck and place them at the top or bottom of the deck in any order.,Blue,Character,2,3000,Straw Hat Crew,Ranged,4.99,7.99,30.0,7.32,,Normal,1000,
518697,Sanji (Sealed Battle Kit Vol. 1),Sanji Sealed Battle Kit Vol 1,https://tcgplayer-cdn.tcgplayer.com/product/518697_200w.jpg,68,17675,https://cpt.tcgcsv.com/Zt96,2023-11-24T14:27:53.887,1,PR,P-050,"[Blocker] <em>(After your opponent declares an attack, you may rest this card to make it the new target of the attack.)</em>
<br>
[DON!! x1] [Your Turn] If you have 3 or less cards in your hand, this Character gains +4000 power.",Blue,Character,3,2000,Straw Hat Crew,Strike,4.75,6.17,20.0,6.06,,Normal,1000,
518698,Shanks (Sealed Battle Kit Vol. 1),Shanks Sealed Battle Kit Vol 1,https://tcgplayer-cdn.tcgplayer.com/product/518698_200w.jpg,68,17675,https://cpt.tcgcsv.com/-t96,2023-11-24T14:28:05.757,1,PR,P-051,[When Attacking] You may trash any number of cards from your hand. This Character gains +1000 power during this battle for every card trashed.,Blue,Character,7,9000,Red-Haired Pirates,Slash,4.49,5.29,20.0,4.87,,Normal,,
518699,Dracule Mihawk (Sealed Battle Kit Vol. 1),Dracule Mihawk Sealed Battle Kit Vol 1,https://tcgplayer-cdn.tcgplayer.com/product/518699_200w.jpg,68,17675,https://cpt.tcgcsv.com/_t96,2023-11-24T14:27:00.92,1,PR,P-052,"[DON!! x1] This Character cannot be K.O.'d in battle by ""Slash"" attribute cards.",Blue,Character,6,7000,The Seven Warlords of the Sea,Slash,2.28,2.9,20.0,2.64,,Normal,1000,
518700,Nami (Sealed Battle Kit Vol. 1),Nami Sealed Battle Kit Vol 1,https://tcgplayer-cdn.tcgplayer.com/product/518700_200w.jpg,68,17675,https://cpt.tcgcsv.com/0v96,2023-11-24T14:27:36.97,1,PR,P-053,"[On Play] If you have 3 or less cards in your hand, return up to 1 of your opponent's Characters with a cost of 3 or less to the owner's hand.",Blue,Character,1,1000,Straw Hat Crew,Wisdom,2.35,4.98,80.0,2.59,,Normal,2000,
518701,Monkey.D.Garp (Sealed Battle Kit Vol. 1),MonkeyDGarp Sealed Battle Kit Vol 1,https://tcgplayer-cdn.tcgplayer.com/product/518701_200w.jpg,68,17675,https://cpt.tcgcsv.com/2v96,2023-11-24T14:27:05.423,1,PR,P-054,"[DON!! x1] This Character cannot be K.O.'d in battle by ""Strike"" attribute cards.",Blue,Character,6,7000,Navy,Strike,1.84,2.71,19.5,2.46,,Normal,1000,
518702,Monkey.D.Luffy (055) (Sealed Battle Kit Vol. 1),MonkeyDLuffy 055 Sealed Battle Kit Vol 1,https://tcgplayer-cdn.tcgplayer.com/product/518702_200w.jpg,68,17675,https://cpt.tcgcsv.com/3v96,2023-11-24T14:27:17.593,1,PR,P-055,[On Play] <strong>You may trash 2 cards from your hand</strong>: Your opponent places 1 of their Characters at the bottom of the owner's deck.,Blue,Character,4,5000,Straw Hat Crew,Strike,1.4,3.97,80.0,1.67,,Normal,1000,
518703,Roronoa Zoro (Sealed Battle Kit Vol. 1),Roronoa Zoro Sealed Battle Kit Vol 1,https://tcgplayer-cdn.tcgplayer.com/product/518703_200w.jpg,68,17675,https://cpt.tcgcsv.com/5v96,2023-11-24T14:27:42.873,1,PR,P-056,[On Play] (2) <em>(You may rest the specified number of DON!! cards in your cost area.)</em>: Return up to 1 Character with a cost of 5 or less to the owner's hand.,Blue,Character,4,6000,Straw Hat Crew,Slash,5.0,8.24,19.5,6.26,,Normal,,
518704,Sealed Battle Kit Vol. 1,Sealed Battle Kit Vol 1,https://tcgplayer-cdn.tcgplayer.com/product/518704_200w.jpg,68,17675,https://cpt.tcgcsv.com/6v96,2023-11-24T14:28:00.377,1,,,,,,,,,,41.0,63.25,150.0,46.48,,Normal,,
518865,Monkey.D.Luffy - P-006 (Retail Promo),MonkeyDLuffy P 006 Retail Promo,https://tcgplayer-cdn.tcgplayer.com/product/518865_200w.jpg,68,17675,https://cpt.tcgcsv.com/kz96,2023-10-03T13:18:29.337,1,PR,P-006,[DON!! x2] [Your Turn] This Character gains +2000 power.,Red,Character,3,3000,Straw Hat Crew;Supernovas,Strike,18.95,34.5,125.0,20.64,,Normal,2000,
519814,Monkey.D.Luffy (Tournament Pack Vol. 5),MonkeyDLuffy Tournament Pack Vol 5,https://tcgplayer-cdn.tcgplayer.com/product/519814_200w.jpg,68,17675,https://cpt.tcgcsv.com/jX96,2024-01-03T14:49:36.98,1,SR,ST01-012,"[Rush] <em>(This card can attack on the turn in which it is played.)</em>
<br>
[DON!! x2] [When Attacking] Your opponent cannot activate [Blocker] during this battle.",Red,Character,5,6000,Straw Hat Crew;Supernovas,Strike,1.19,4.99,19.99,3.73,,Normal,,
519815,Monkey.D.Luffy (Winner Pack Vol. 5),MonkeyDLuffy Winner Pack Vol 5,https://tcgplayer-cdn.tcgplayer.com/product/519815_200w.jpg,68,17675,https://cpt.tcgcsv.com/kX96,2023-12-01T13:29:14.577,1,SR,ST01-012,"[Rush] <em>(This card can attack on the turn in which it is played.)</em>
<br>
[DON!! x2] [When Attacking] Your opponent cannot activate [Blocker] during this battle.",Red,Character,5,6000,Straw Hat Crew;Supernovas,Strike,74.99,103.51,499.99,102.5,,Foil,,
519816,"Eustass""Captain""Kid (Tournament Pack Vol. 5)",EustassCaptainKid Tournament Pack Vol 5,https://tcgplayer-cdn.tcgplayer.com/product/519816_200w.jpg,68,17675,https://cpt.tcgcsv.com/lX96,2024-01-29T18:18:10.953,1,SR,ST02-013,"[Blocker] <em>(After your opponent declares an attack, you may rest this card to make it the new target of the attack.)</em>
<br>
[DON!! x1] [End of Your Turn] Set this Character as active.",Green,Character,7,7000,Kid Pirates;Supernovas,Special,0.05,0.49,5.0,0.36,,Normal,,
519817,"Eustass""Captain""Kid (Winner Pack Vol. 5)",EustassCaptainKid Winner Pack Vol 5,https://tcgplayer-cdn.tcgplayer.com/product/519817_200w.jpg,68,17675,https://cpt.tcgcsv.com/mX96,2023-12-01T13:28:55.043,1,SR,ST02-013,"[Blocker] <em>(After your opponent declares an attack, you may rest this card to make it the new target of the attack.)</em>
<br>
[DON!! x1] [End of Your Turn] Set this Character as active.",Green,Character,7,7000,Kid Pirates;Supernovas,Special,10.98,15.0,65.98,12.78,,Foil,,
519821,Crocodile (Tournament Pack Vol. 5),Crocodile Tournament Pack Vol 5,https://tcgplayer-cdn.tcgplayer.com/product/519821_200w.jpg,68,17675,https://cpt.tcgcsv.com/rX96,2024-01-29T18:18:35.977,1,SR,ST03-003,"[Blocker] <em>(After your opponent declares an attack, you may rest this card to make it the new target of the attack.)</em>
<br>
[DON!! x1] [On Block] Place up to 1 Character with a cost of 2 or less at the bottom of the owner's deck.",Blue,Character,5,6000,Baroque Works;The Seven Warlords of the Sea,Special,0.01,0.49,3.13,0.28,,Normal,,
519822,Crocodile (Winner Pack Vol. 5),Crocodile Winner Pack Vol 5,https://tcgplayer-cdn.tcgplayer.com/product/519822_200w.jpg,68,17675,https://cpt.tcgcsv.com/sX96,2023-12-01T13:28:45.677,1,SR,ST03-003,"[Blocker] <em>(After your opponent declares an attack, you may rest this card to make it the new target of the attack.)</em>
<br>
[DON!! x1] [On Block] Place up to 1 Character with a cost of 2 or less at the bottom of the owner's deck.",Blue,Character,5,6000,Baroque Works;The Seven Warlords of the Sea,Special,5.18,10.39,59.99,9.3,,Foil,,
519823,Kaido (Tournament Pack Vol. 5),Kaido Tournament Pack Vol 5,https://tcgplayer-cdn.tcgplayer.com/product/519823_200w.jpg,68,17675,https://cpt.tcgcsv.com/tX96,2024-01-29T18:18:42.82,1,SR,ST04-003,"[On Play] DON!! -5 <em>(You may return the specified number of DON!! cards from your field to your DON!! deck.)</em>: K.O. up to 1 of your opponent's Characters with a cost of 6 or less.
<br>
This Character gains [Rush] during this turn. <em>(This card can attack on the turn in which it is played.)</em>",Purple,Character,9,10000,Animal Kingdom Pirates;The Four Emperors,Strike,0.2,0.5,3.93,0.46,,Normal,,
519824,Kaido (Winner Pack Vol. 5),Kaido Winner Pack Vol 5,https://tcgplayer-cdn.tcgplayer.com/product/519824_200w.jpg,68,17675,https://cpt.tcgcsv.com/vX96,2023-12-01T13:29:01.913,1,SR,ST04-003,"[On Play] DON!! -5 <em>(You may return the specified number of DON!! cards from your field to your DON!! deck.)</em>: K.O. up to 1 of your opponent's Characters with a cost of 6 or less.
<br>
This Character gains [Rush] during this turn. <em>(This card can attack on the turn in which it is played.)</em>",Purple,Character,9,10000,Animal Kingdom Pirates;The Four Emperors,Strike,8.35,22.46,105.49,21.32,,Foil,,
519829,Tournament Pack Vol. 5,Tournament Pack Vol 5,https://tcgplayer-cdn.tcgplayer.com/product/519829_200w.jpg,68,17675,https://cpt.tcgcsv.com/CX96,2023-12-01T13:29:18.39,1,,,,,,,,,,4.99,8.94,800.0,4.91,,Normal,,
519831,Winner Pack Vol. 5,Winner Pack Vol 5,https://tcgplayer-cdn.tcgplayer.com/product/519831_200w.jpg,68,17675,https://cpt.tcgcsv.com/FX96,2023-12-01T13:29:21.907,1,,,,,,,,,,65.93,67.95,99.99,36.11,,Normal,,
520772,Monkey.D.Luffy (037) (1st Anniversary Tournament),MonkeyDLuffy 037 1st Anniversary Tournament,https://tcgplayer-cdn.tcgplayer.com/product/520772_200w.jpg,68,17675,https://cpt.tcgcsv.com/skb6,2023-12-12T12:21:30.757,1,PR,P-037,"[When Attacking] If you have 2 or more rested Characters, this Character gains +1000 power during this turn.",Green,Character,2,4000,Straw Hat Crew,Strike,48.9,74.9,499.99,72.28,,Foil,,
520773,Monkey.D.Luffy (041) (1st Anniversary Tournament),MonkeyDLuffy 041 1st Anniversary Tournament,https://tcgplayer-cdn.tcgplayer.com/product/520773_200w.jpg,68,17675,https://cpt.tcgcsv.com/tkb6,2023-12-12T12:22:41.377,1,PR,P-041,,Purple,Character,10,12000,Straw Hat Crew;The Four Emperors,Strike,1444.88,1725.0,10000.0,523.6,,Foil,1000,
520775,DON!! Card (Yamato) (1st Anniversary DON!! Card Pack),DON Card Yamato 1st Anniversary DON Card Pack,https://tcgplayer-cdn.tcgplayer.com/product/520775_200w.jpg,68,17675,https://cpt.tcgcsv.com/wkb6,2025-09-18T16:11:47.16,1,DON!!,,,,DON!!,,,,,34.99,69.99,199.0,30.37,,Foil,,
520775,DON!! Card (Yamato) (1st Anniversary DON!! Card Pack),DON Card Yamato 1st Anniversary DON Card Pack,https://tcgplayer-cdn.tcgplayer.com/product/520775_200w.jpg,68,17675,https://cpt.tcgcsv.com/wkb6,2025-09-18T16:11:47.16,1,DON!!,,,,DON!!,,,,,42.0,50.75,150.0,34.68,,Normal,,
520776,DON!! Card (Monkey.D.Luffy) (1st Anniversary DON!! Card Pack),DON Card MonkeyDLuffy 1st Anniversary DON Card Pack,https://tcgplayer-cdn.tcgplayer.com/product/520776_200w.jpg,68,17675,https://cpt.tcgcsv.com/xkb6,2025-09-18T16:11:39.62,1,DON!!,,,,DON!!,,,,,36.04,63.99,199.69,42.09,,Foil,,
520776,DON!! Card (Monkey.D.Luffy) (1st Anniversary DON!! Card Pack),DON Card MonkeyDLuffy 1st Anniversary DON Card Pack,https://tcgplayer-cdn.tcgplayer.com/product/520776_200w.jpg,68,17675,https://cpt.tcgcsv.com/xkb6,2025-09-18T16:11:39.62,1,DON!!,,,,DON!!,,,,,33.7,57.0,150.0,45.61,,Normal,,
523761,Boa Hancock (Gift Collection 2023),Boa Hancock Gift Collection 2023,https://tcgplayer-cdn.tcgplayer.com/product/523761_200w.jpg,68,17675,https://cpt.tcgcsv.com/fwc6,2023-10-27T04:03:09.963,1,UC,OP02-059,"[When Attacking] Draw 1 card and trash 1 card from your hand. Then, trash up to 3 cards from your hand.",Blue,Character,4,5000,Kuja Pirates;The Seven Warlords of the Sea;Impel Down,Special,63.83,85.0,500.0,78.86,,Foil,1000,
523763,Yamato (Gift Collection 2023),Yamato Gift Collection 2023,https://tcgplayer-cdn.tcgplayer.com/product/523763_200w.jpg,68,17675,https://cpt.tcgcsv.com/hwc6,2023-10-27T04:03:09.963,1,C,ST09-012,[When Attacking] <strong>You may add 1 card from the top or bottom of your Life cards to your hand</strong>: This Character gains +2000 power until the start of your next turn.,Yellow,Character,3,3000,Land of Wano,Strike,29.99,39.72,500.0,38.64,,Foil,2000,
523775,Nami (Gift Collection 2023),Nami Gift Collection 2023,https://tcgplayer-cdn.tcgplayer.com/product/523775_200w.jpg,68,17675,https://cpt.tcgcsv.com/wwc6,2023-10-27T04:03:09.963,1,R,OP01-016,"[On Play] Look at 5 cards from the top of your deck; reveal up to 1 [Straw Hat Crew] type card other than [Nami] and add it to your hand. Then, place the rest at the bottom of your deck in any order.",Red,Character,1,2000,Straw Hat Crew,Special,113.0,137.5,500.0,118.16,,Foil,1000,
523776,Trafalgar Law (Gift Collection 2023),Trafalgar Law Gift Collection 2023,https://tcgplayer-cdn.tcgplayer.com/product/523776_200w.jpg,68,17675,https://cpt.tcgcsv.com/xwc6,2023-10-27T04:03:09.963,1,R,ST03-008,"[Blocker] <em>(After your opponent declares an attack, you may rest this card to make it the new target of the attack.)</em>",Blue,Character,1,1000,Heart Pirates;The Seven Warlords of the Sea,Slash,19.36,27.85,500.0,24.96,,Foil,,
523782,Portgas.D.Ace (Gift Collection 2023),PortgasDAce Gift Collection 2023,https://tcgplayer-cdn.tcgplayer.com/product/523782_200w.jpg,68,17675,https://cpt.tcgcsv.com/Gwc6,2023-10-27T04:03:09.963,1,PR,P-028,[Double Attack] <em>(This card deals 2 damage.)</em>,Red,Character,5,6000,Whitebeard Pirates,Special,19.24,35.7,500.0,33.7,,Foil,,
523785,Monkey.D.Luffy (Gift Collection 2023),MonkeyDLuffy Gift Collection 2023,https://tcgplayer-cdn.tcgplayer.com/product/523785_200w.jpg,68,17675,https://cpt.tcgcsv.com/Kwc6,2023-10-27T04:03:09.963,1,PR,P-001,[DON!! x2] This Character gains [Rush]. <em>(This card can attack on the turn in which it is played.)</em>,Red,Character,6,7000,Straw Hat Crew;Supernovas,Strike,100.0,169.99,799.99,130.25,,Foil,,
523792,Jinbe (Gift Collection 2023),Jinbe Gift Collection 2023,https://tcgplayer-cdn.tcgplayer.com/product/523792_200w.jpg,68,17675,https://cpt.tcgcsv.com/Swc6,2023-10-27T04:03:09.963,1,C,ST01-005,[DON!! x1] [When Attacking] Up to 1 of your Leader or Character cards other than this card gains +1000 power during this turn.,Red,Character,3,5000,Fish-Man;Straw Hat Crew,Strike,5.61,11.92,9999.0,11.43,,Foil,,
523798,Franky (Gift Collection 2023),Franky Gift Collection 2023,https://tcgplayer-cdn.tcgplayer.com/product/523798_200w.jpg,68,17675,https://cpt.tcgcsv.com/-wc6,2023-10-27T04:03:09.963,1,UC,OP01-021,[DON!! x1] This Character can also attack your opponent's active Characters.,Red,Character,3,4000,Straw Hat Crew,Ranged,14.0,20.0,9999.0,18.26,,Foil,,
523802,Uta (Gift Collection 2023),Uta Gift Collection 2023,https://tcgplayer-cdn.tcgplayer.com/product/523802_200w.jpg,68,17675,https://cpt.tcgcsv.com/3xc6,2023-10-27T04:03:09.963,1,R,OP01-005,[On Play] Add up to 1 red Character card other than [Uta] with a cost of 3 or less from your trash to your hand.,Red,Character,4,4000,FILM,Special,18.76,24.98,500.0,24.2,,Foil,,
523811,Sanji (Gift Collection 2023),Sanji Gift Collection 2023,https://tcgplayer-cdn.tcgplayer.com/product/523811_200w.jpg,68,17675,https://cpt.tcgcsv.com/fxc6,2023-10-27T04:03:09.963,1,R,OP01-013,"[Activate:Main][Once Per Turn] <strong>You may add 1 card from the top of your Life cards to your hand</strong>: This Character gains +2000 power during this turn. Then, give this Character up to 2 rested DON!! cards.",Red,Character,2,3000,Straw Hat Crew,Strike,23.0,32.06,500.0,30.6,,Foil,2000,
523812,Roronoa Zoro (Gift Collection 2023),Roronoa Zoro Gift Collection 2023,https://tcgplayer-cdn.tcgplayer.com/product/523812_200w.jpg,68,17675,https://cpt.tcgcsv.com/gxc6,2023-10-27T04:03:09.963,1,SR,ST01-013,[DON!! x1] This Character gains +1000 power.,Red,Character,3,5000,Straw Hat Crew;Supernovas,Slash,48.0,65.95,500.0,58.41,,Foil,,
523819,Tony Tony.Chopper (Gift Collection 2023),Tony TonyChopper Gift Collection 2023,https://tcgplayer-cdn.tcgplayer.com/product/523819_200w.jpg,68,17675,https://cpt.tcgcsv.com/pxc6,2023-10-27T04:03:09.963,1,C,ST01-006,"[Blocker] <em>(After your opponent declares an attack, you may rest this card to make it the new target of the attack.)</em>",Red,Character,1,1000,Animal;Straw Hat Crew,Strike,187.99,258.69,500.0,289.4,,Foil,,
523820,Nico Robin (Gift Collection 2023),Nico Robin Gift Collection 2023,https://tcgplayer-cdn.tcgplayer.com/product/523820_200w.jpg,68,17675,https://cpt.tcgcsv.com/qxc6,2023-10-27T04:03:09.963,1,C,ST01-008,,Red,Character,3,5000,Straw Hat Crew,Wisdom,49.95,68.67,500.0,61.83,,Foil,,
525294,Premium Card Collection -Best Selection Vol. 1-,Premium Card Collection Best Selection Vol 1,https://tcgplayer-cdn.tcgplayer.com/product/525294_200w.jpg,68,17675,https://cpt.tcgcsv.com/V7d6,2024-04-26T04:03:12.417,1,,,,,,,,,,249.89,274.99,499.99,168.34,,Normal,,
525295,Raizo (CS 2023 Event Pack),Raizo CS 2023 Event Pack,https://tcgplayer-cdn.tcgplayer.com/product/525295_200w.jpg,68,17675,https://cpt.tcgcsv.com/W7d6,2024-01-26T13:27:43.657,1,UC,OP01-052,"[When Attacking] [Once Per Turn] If you have 2 or more rested Characters, draw 1 card.",Green,Character,3,4000,Land of Wano;The Akazaya Nine,Slash,19.99,19.99,20.0,11.68,,Foil,1000,
525296,Sasaki (CS 2023 Event Pack),Sasaki CS 2023 Event Pack,https://tcgplayer-cdn.tcgplayer.com/product/525296_200w.jpg,68,17675,https://cpt.tcgcsv.com/X7d6,2024-01-26T13:28:43.767,1,UC,OP01-101,[DON!! x1][When Attacking] <strong>You may trash 1 card from your hand</strong>: Add up to 1 DON!! card from your DON!! deck and rest it.,Purple,Character,3,4000,Animal Kingdom Pirates,Slash,18.99,21.98,22.48,15.55,,Foil,2000,
525297,Tsuru (CS 2023 Event Pack),Tsuru CS 2023 Event Pack,https://tcgplayer-cdn.tcgplayer.com/product/525297_200w.jpg,68,17675,https://cpt.tcgcsv.com/Z7d6,2024-01-26T13:29:58.473,1,UC,OP02-106,[On Play] Give up to 1 of your opponent's Characters -2 cost during this turn.,Black,Character,1,0,Navy,Wisdom,14.92,16.65,71.0,8.13,,Foil,2000,
525298,General Franky (CS 2023 Event Pack),General Franky CS 2023 Event Pack,https://tcgplayer-cdn.tcgplayer.com/product/525298_200w.jpg,68,17675,https://cpt.tcgcsv.com/-7d6,2024-01-26T13:25:03.01,1,PR,P-027,"Also treat this card's name as [Franky] according to the rules.
<br>
[Opponent's Turn] All of your Characters with 3000 base power or less gain +1000 power.",Red,Character,2,4000,Straw Hat Crew,Ranged,99.85,99.99,120.0,83.51,,Foil,,
525299,Portgas.D.Ace (CS 2023 Event Pack),PortgasDAce CS 2023 Event Pack,https://tcgplayer-cdn.tcgplayer.com/product/525299_200w.jpg,68,17675,https://cpt.tcgcsv.com/_7d6,2024-01-26T13:27:33.133,1,PR,P-028,[Double Attack] <em>(This card deals 2 damage.)</em>,Red,Character,5,6000,Whitebeard Pirates,Special,300.0,749.0,2500.0,143.64,,Foil,,
525300,Bartolomeo (CS 2023 Event Pack),Bartolomeo CS 2023 Event Pack,https://tcgplayer-cdn.tcgplayer.com/product/525300_200w.jpg,68,17675,https://cpt.tcgcsv.com/08d6,2024-01-26T13:23:48.857,1,PR,P-029,[End of Your Turn] <strong>You may rest this Character</strong>: Set up to 1 of your [FILM] type Characters other than [Bartolomeo] as active.,Green,Character,2,3000,FILM;Supernovas;Barto Club,Special,12.99,28.99,60.0,18.5,,Foil,1000,
525301,Jinbe (CS 2023 Event Pack),Jinbe CS 2023 Event Pack,https://tcgplayer-cdn.tcgplayer.com/product/525301_200w.jpg,68,17675,https://cpt.tcgcsv.com/28d6,2024-01-26T13:25:17.44,1,PR,P-030,[On K.O.] Place up to 1 Character with a cost of 4 or less at the bottom of the owner's deck.,Blue,Character,4,5000,Fish-Man;The Seven Warlords of the Sea;The Sun Pirates,Strike,40.95,46.37,100.0,21.24,,Foil,1000,
525302,Uta (CS 2023 Event Pack),Uta CS 2023 Event Pack,https://tcgplayer-cdn.tcgplayer.com/product/525302_200w.jpg,68,17675,https://cpt.tcgcsv.com/38d6,2024-01-26T13:30:05.383,1,PR,P-031,[On Play] Add up to 1 DON!! card from your DON!! deck and rest it.,Purple,Character,5,6000,FILM,Special,90.0,144.49,249.99,83.29,,Foil,,
525303,Sengoku (CS 2023 Event Pack),Sengoku CS 2023 Event Pack,https://tcgplayer-cdn.tcgplayer.com/product/525303_200w.jpg,68,17675,https://cpt.tcgcsv.com/58d6,2024-01-26T13:28:51.073,1,PR,P-032,[DON!! x1][Your Turn] Give all of your opponent's Characters -2 cost.,Black,Character,5,6000,Navy,Wisdom,70.0,72.99,104.99,23.14,,Foil,,
525304,Monkey.D.Luffy (CS 2023 Event Pack),MonkeyDLuffy CS 2023 Event Pack,https://tcgplayer-cdn.tcgplayer.com/product/525304_200w.jpg,68,17675,https://cpt.tcgcsv.com/68d6,2024-01-26T13:26:56.603,1,PR,P-033,[Activate:Main] <strong>You may place this Character at the bottom of the owner's deck</strong>: Draw 1 card.,Blue,Character,4,5000,Straw Hat Crew,Strike,750.0,1299.99,2001.4,974.37,,Foil,1000,
525305,Sanji (CS 2023 Event Pack),Sanji CS 2023 Event Pack,https://tcgplayer-cdn.tcgplayer.com/product/525305_200w.jpg,68,17675,https://cpt.tcgcsv.com/78d6,2024-01-26T13:28:40.013,1,PR,P-034,"[DON!! x1][Your Turn] If you have 2 or less Life cards, this Character gains +2000 power.",Yellow,Character,3,4000,The Vinsmoke Family,Strike,150.0,180.0,345.0,33.89,,Foil,1000,
525306,Franky (CS 2023 Celebration Pack),Franky CS 2023 Celebration Pack,https://tcgplayer-cdn.tcgplayer.com/product/525306_200w.jpg,68,17675,https://cpt.tcgcsv.com/88d6,2024-01-26T13:24:58.513,1,UC,OP01-021,[DON!! x1] This Character can also attack your opponent's active Characters.,Red,Character,3,4000,Straw Hat Crew,Ranged,35.0,70.47,200.0,27.35,,Foil,,
525307,Izo (CS 2023 Celebration Pack),Izo CS 2023 Celebration Pack,https://tcgplayer-cdn.tcgplayer.com/product/525307_200w.jpg,68,17675,https://cpt.tcgcsv.com/98d6,2024-01-26T13:25:09.873,1,UC,OP01-033,[On Play] Rest up to 1 of your opponent's Characters with a cost of 4 or less.,Green,Character,3,3000,Former Whitebeard Pirates;Land of Wano,Ranged,6.49,8.95,47.95,6.71,,Foil,2000,
525308,Okiku (CS 2023 Celebration Pack),Okiku CS 2023 Celebration Pack,https://tcgplayer-cdn.tcgplayer.com/product/525308_200w.jpg,68,17675,https://cpt.tcgcsv.com/b8d6,2024-01-26T13:27:29.343,1,R,OP01-035,[DON!! x1][When Attacking][Once Per Turn] Rest up to 1 of your opponent's Characters with a cost of 5 or less.,Green,Character,3,5000,Land of Wano;The Akazaya Nine,Slash,19.99,23.7,140.0,9.38,,Foil,,
525310,Monkey.D.Luffy (006) (CS 2023 Celebration Pack),MonkeyDLuffy 006 CS 2023 Celebration Pack,https://tcgplayer-cdn.tcgplayer.com/product/525310_200w.jpg,68,17675,https://cpt.tcgcsv.com/d8d6,2024-01-26T13:26:48.467,1,PR,P-006,[DON!! x2][Your Turn] This Character gains +2000 power.,Red,Character,3,3000,Straw Hat Crew;Supernovas,Strike,287.99,315.0,640.0,100.9,,Foil,2000,
525315,Monkey.D.Luffy (007) (CS 2023 Celebration Pack),MonkeyDLuffy 007 CS 2023 Celebration Pack,https://tcgplayer-cdn.tcgplayer.com/product/525315_200w.jpg,68,17675,https://cpt.tcgcsv.com/k8d6,2024-01-26T13:26:52.383,1,PR,P-007,"[DON!! x1] This Character cannot be K.O.'d in battle by ""Strike"" attribute Leaders or Characters.",Red,Character,4,5000,Straw Hat Crew;Supernovas,Strike,294.98,374.99,699.99,181.7,,Foil,1000,
525317,Yamato (CS 2023 Celebration Pack),Yamato CS 2023 Celebration Pack,https://tcgplayer-cdn.tcgplayer.com/product/525317_200w.jpg,68,17675,https://cpt.tcgcsv.com/m8d6,2024-01-26T13:31:01.087,1,PR,P-008,[Activate:Main] <strong>You may rest this Character</strong>: Rest 1 of your opponent's Characters with a cost of 2 or less.,Green,Character,3,5000,Land of Wano,Strike,200.0,215.63,235.0,79.05,,Foil,,
525319,Trafalgar Law (CS 2023 Celebration Pack),Trafalgar Law CS 2023 Celebration Pack,https://tcgplayer-cdn.tcgplayer.com/product/525319_200w.jpg,68,17675,https://cpt.tcgcsv.com/p8d6,2024-01-26T13:29:02.903,1,PR,P-009,"[On Play] If your opponent has 6 or more cards in their hand, your opponent adds 1 card from their Life area to their hand.",Blue,Character,6,7000,Heart Pirates;Supernovas,Slash,14.23,59.99,200.0,35.29,,Foil,,
525323,Kaido (CS 2023 Celebration Pack),Kaido CS 2023 Celebration Pack,https://tcgplayer-cdn.tcgplayer.com/product/525323_200w.jpg,68,17675,https://cpt.tcgcsv.com/t8d6,2024-01-26T13:25:21.48,1,PR,P-010,[End of Your Turn] Add 1 DON!! card from your DON!! deck and set it as active.,Purple,Character,8,9000,Animal Kingdom Pirates;The Four Emperors,Special,74.99,126.5,300.0,50.45,,Foil,,
525324,Nami (CS 2023 Celebration Pack),Nami CS 2023 Celebration Pack,https://tcgplayer-cdn.tcgplayer.com/product/525324_200w.jpg,68,17675,https://cpt.tcgcsv.com/v8d6,2024-01-26T13:27:25.88,1,C,ST01-007,[Activate:Main][Once Per Turn] Give up to 1 rested DON!! card to your Leader or 1 of your Characters.,Red,Character,1,1000,Straw Hat Crew,Special,440.0,499.43,1500.0,278.32,,Foil,1000,
525325,Brook (CS 2023 Celebration Pack),Brook CS 2023 Celebration Pack,https://tcgplayer-cdn.tcgplayer.com/product/525325_200w.jpg,68,17675,https://cpt.tcgcsv.com/w8d6,2024-01-26T13:24:08.103,1,C,ST01-011,[On Play] Give up to 2 rested DON!! cards to your Leader or 1 of your Characters.,Red,Character,2,3000,Straw Hat Crew,Slash,33.0,38.88,450.0,32.82,,Foil,2000,
525326,Jewelry Bonney (CS 2023 Celebration Pack),Jewelry Bonney CS 2023 Celebration Pack,https://tcgplayer-cdn.tcgplayer.com/product/525326_200w.jpg,68,17675,https://cpt.tcgcsv.com/x8d6,2024-01-26T13:25:14.4,1,C,ST02-007,"[Activate:Main] (1) <em>(You may rest the specified number DON!! cards in your cost area.)</em> <strong>You may rest this Character</strong>: Look at 5 cards from the top of your deck; reveal up to 1 [Supernovas] type card and add it to your hand. Then, place the rest at the bottom of your deck in any order.",Green,Character,1,1000,Bonney Pirates;Supernovas,Special,89.0,90.1,150.0,67.1,,Foil,1000,
525327,Dracule Mihawk (CS 2023 Celebration Pack),Dracule Mihawk CS 2023 Celebration Pack,https://tcgplayer-cdn.tcgplayer.com/product/525327_200w.jpg,68,17675,https://cpt.tcgcsv.com/z8d6,2024-01-26T13:24:29.13,1,C,ST03-005,[DON!! x1][When Attacking] Draw 2 cards and trash 2 cards from your hand.,Blue,Character,4,5000,The Seven Warlords of the Sea,Slash,124.99,126.99,128.9,48.09,,Foil,2000,
525328,Sentomaru (CS 2023 Celebration Pack),Sentomaru CS 2023 Celebration Pack,https://tcgplayer-cdn.tcgplayer.com/product/525328_200w.jpg,68,17675,https://cpt.tcgcsv.com/B8d6,2024-01-26T13:28:55.653,1,C,ST03-007,"[DON!! x1][Activate:Main][Once Per Turn] (2) <em>(You may rest the specified number of DON!! cards in your cost area.)</em>: Play up to 1 [Pacifista] with a cost of 4 or less from your deck, then shuffle your deck.",Blue,Character,3,4000,Navy,Slash,18.9,22.94,99.99,10.37,,Foil,1000,
525332,Who's.Who (CS 2023 Celebration Pack),WhosWho CS 2023 Celebration Pack,https://tcgplayer-cdn.tcgplayer.com/product/525332_200w.jpg,68,17675,https://cpt.tcgcsv.com/G8d6,2024-01-26T13:30:08.703,1,C,ST04-010,[On Play] DON!! -1 <em>(You may return the specified number of DON!! cards from your field to your DON!! deck.)</em>: K.O. up to 1 of your opponent's Characters with a cost of 3 or less.,Purple,Character,3,3000,Animal Kingdom Pirates,Slash,9.98,14.95,69.0,11.16,,Foil,,
525336,Black Maria (CS 2023 Celebration Pack),Black Maria CS 2023 Celebration Pack,https://tcgplayer-cdn.tcgplayer.com/product/525336_200w.jpg,68,17675,https://cpt.tcgcsv.com/L8d6,2024-01-26T13:24:04.643,1,C,ST04-011,"[Blocker] <em>(After your opponent declares an attack, you may rest this card to make it the new target of the attack.)</em>",Purple,Character,2,2000,Animal Kingdom Pirates,Special,69.98,90.9,165.0,30.1,,Foil,1000,
525339,Tashigi (CS 2023 Celebration Pack),Tashigi CS 2023 Celebration Pack,https://tcgplayer-cdn.tcgplayer.com/product/525339_200w.jpg,68,17675,https://cpt.tcgcsv.com/P8d6,2024-01-26T13:28:58.933,1,C,ST06-006,[Activate:Main] <strong>You may rest this Character</strong>: Give up to 1 of your opponent's Characters -2 cost during this turn.,Black,Character,3,4000,Navy,Slash,10.5,14.0,272.0,13.58,,Foil,2000,
525340,DON!! Card (CS 2023 Celebration Pack),DON Card CS 2023 Celebration Pack,https://tcgplayer-cdn.tcgplayer.com/product/525340_200w.jpg,68,17675,https://cpt.tcgcsv.com/Q8d6,2024-01-26T13:24:24.813,1,DON!!,,Your Turn +1000,,DON!!,,,,,55.44,62.99,100.0,43.64,,Foil,,
525667,DON!! Card (Luffy vs. Crocodile) (Devil Fruits Collection Vol. 1),DON Card Luffy vs Crocodile Devil Fruits Collection Vol 1,https://tcgplayer-cdn.tcgplayer.com/product/525667_200w.jpg,68,17675,https://cpt.tcgcsv.com/mhd6,2024-11-13T19:19:29.917,1,DON!!,,Your Turn +1000,,DON!!,,,,,7.94,13.11,64.98,11.51,,Foil,,
525668,DON!! Card (Young Luffy) (Devil Fruits Collection Vol. 1),DON Card Young Luffy Devil Fruits Collection Vol 1,https://tcgplayer-cdn.tcgplayer.com/product/525668_200w.jpg,68,17675,https://cpt.tcgcsv.com/nhd6,2024-11-13T19:19:00.913,1,DON!!,,Your Turn +1000,,DON!!,,,,,9.29,14.67,50.0,14.01,,Foil,,
525674,Killer (CS 2023 Top Players Pack),Killer CS 2023 Top Players Pack,https://tcgplayer-cdn.tcgplayer.com/product/525674_200w.jpg,68,17675,https://cpt.tcgcsv.com/vhd6,2024-01-26T13:25:35.957,1,UC,OP01-039,"[Blocker] <em>(After your opponent declares an attack, you may rest this card to make it the new target of the attack.)</em>
<br>
[DON!! x1][On Block] If you have 3 or more Characters, draw 1 card.",Green,Character,2,2000,Kid Pirates;Supernovas,Slash,650.0,1075.0,1500.0,,,Foil,1000,
525675,Killer (CS 2023 Top Players Pack) [Finalist],Killer CS 2023 Top Players Pack Finalist,https://tcgplayer-cdn.tcgplayer.com/product/525675_200w.jpg,68,17675,https://cpt.tcgcsv.com/whd6,2024-01-26T13:26:36.723,1,UC,OP01-039,"[Blocker] <em>(After your opponent declares an attack, you may rest this card to make it the new target of the attack.)</em>
<br>
[DON!! x1][On Block] If you have 3 or more Characters, draw 1 card.",Green,Character,2,2000,Kid Pirates;Supernovas,Slash,,,,,,,1000,
525676,Killer (CS 2023 Top Players Pack) [Winner],Killer CS 2023 Top Players Pack Winner,https://tcgplayer-cdn.tcgplayer.com/product/525676_200w.jpg,68,17675,https://cpt.tcgcsv.com/xhd6,2024-01-26T13:26:39.75,1,UC,OP01-039,"[Blocker] <em>(After your opponent declares an attack, you may rest this card to make it the new target of the attack.)</em>
<br>
[DON!! x1][On Block] If you have 3 or more Characters, draw 1 card.",Green,Character,2,2000,Kid Pirates;Supernovas,Slash,,,,,,,1000,
525677,X.Drake (CS 2023 Top Players Pack),XDrake CS 2023 Top Players Pack,https://tcgplayer-cdn.tcgplayer.com/product/525677_200w.jpg,68,17675,https://cpt.tcgcsv.com/zhd6,2024-01-26T13:31:03.977,1,R,OP01-114,[On Play] DON!! -1 <em>(You may return the specified number of DON!! cards from your field to your DON!! deck.)</em>: Your opponent trashes 1 card from their hand.,Purple,Character,5,5000,Animal Kingdom Pirates;Drake Pirates;Navy,Slash,950.0,975.0,1000.0,,,Foil,2000,
525678,X.Drake (CS 2023 Top Players Pack) [Finalist],XDrake CS 2023 Top Players Pack Finalist,https://tcgplayer-cdn.tcgplayer.com/product/525678_200w.jpg,68,17675,https://cpt.tcgcsv.com/Bhd6,2024-01-26T13:31:01.033,1,R,OP01-114,[On Play] DON!! -1 <em>(You may return the specified number of DON!! cards from your field to your DON!! deck.)</em>: Your opponent trashes 1 card from their hand.,Purple,Character,5,5000,Animal Kingdom Pirates;Drake Pirates;Navy,Slash,,,,,,,2000,
525679,X.Drake (CS 2023 Top Players Pack) [Winner],XDrake CS 2023 Top Players Pack Winner,https://tcgplayer-cdn.tcgplayer.com/product/525679_200w.jpg,68,17675,https://cpt.tcgcsv.com/Chd6,2024-01-26T13:31:01.033,1,R,OP01-114,[On Play] DON!! -1 <em>(You may return the specified number of DON!! cards from your field to your DON!! deck.)</em>: Your opponent trashes 1 card from their hand.,Purple,Character,5,5000,Animal Kingdom Pirates;Drake Pirates;Navy,Slash,,,,,,,2000,
525680,"Capone""Gang""Bege (CS 2023 Top Players Pack)",CaponeGangBege CS 2023 Top Players Pack,https://tcgplayer-cdn.tcgplayer.com/product/525680_200w.jpg,68,17675,https://cpt.tcgcsv.com/Dhd6,2024-01-26T13:24:11.307,1,R,OP04-100,[Trigger] Up to 1 of your opponent's Leader or Character cards cannot attack during this turn.,Yellow,Character,3,3000,Firetank Pirates,Ranged,2000.0,2567.43,3134.86,,,Foil,2000,
525681,"Capone""Gang""Bege (CS 2023 Top Players Pack) [Finalist]",CaponeGangBege CS 2023 Top Players Pack Finalist,https://tcgplayer-cdn.tcgplayer.com/product/525681_200w.jpg,68,17675,https://cpt.tcgcsv.com/Fhd6,2024-01-26T13:24:15.423,1,R,OP04-100,[Trigger] Up to 1 of your opponent's Leader or Character cards cannot attack during this turn.,Yellow,Character,3,3000,Firetank Pirates,Ranged,,,,,,,2000,
525682,"Capone""Gang""Bege (CS 2023 Top Players Pack) [Winner]",CaponeGangBege CS 2023 Top Players Pack Winner,https://tcgplayer-cdn.tcgplayer.com/product/525682_200w.jpg,68,17675,https://cpt.tcgcsv.com/Ghd6,2024-01-26T13:24:20.36,1,R,OP04-100,[Trigger] Up to 1 of your opponent's Leader or Character cards cannot attack during this turn.,Yellow,Character,3,3000,Firetank Pirates,Ranged,,,,,,,2000,
525683,Basil Hawkins (CS 2023 Top Players Pack),Basil Hawkins CS 2023 Top Players Pack,https://tcgplayer-cdn.tcgplayer.com/product/525683_200w.jpg,68,17675,https://cpt.tcgcsv.com/Hhd6,2024-01-26T13:23:52.977,1,C,ST02-010,"[DON!! x1][Once Per Turn][Your Turn] If this Character battles your opponent's Character, set this card as active.",Green,Character,5,6000,Hawkins Pirates;Supernovas,Slash,1500.0,1500.0,1500.0,,,Foil,,
525684,Basil Hawkins (CS 2023 Top Players Pack) [Finalist],Basil Hawkins CS 2023 Top Players Pack Finalist,https://tcgplayer-cdn.tcgplayer.com/product/525684_200w.jpg,68,17675,https://cpt.tcgcsv.com/Jhd6,2024-01-26T13:23:56.25,1,C,ST02-010,"[DON!! x1][Once Per Turn][Your Turn] If this Character battles your opponent's Character, set this card as active.",Green,Character,5,6000,Hawkins Pirates;Supernovas,Slash,,,,,,,,
525685,Basil Hawkins (CS 2023 Top Players Pack) [Winner],Basil Hawkins CS 2023 Top Players Pack Winner,https://tcgplayer-cdn.tcgplayer.com/product/525685_200w.jpg,68,17675,https://cpt.tcgcsv.com/Khd6,2024-01-26T13:24:00.063,1,C,ST02-010,"[DON!! x1][Once Per Turn][Your Turn] If this Character battles your opponent's Character, set this card as active.",Green,Character,5,6000,Hawkins Pirates;Supernovas,Slash,,,,,,,,
525686,Trafalgar Law (CS 2023 Top Players Pack),Trafalgar Law CS 2023 Top Players Pack,https://tcgplayer-cdn.tcgplayer.com/product/525686_200w.jpg,68,17675,https://cpt.tcgcsv.com/Lhd6,2024-01-26T13:29:10.073,1,C,ST03-008,"[Blocker] <em>(After your opponent declares an attack, you may rest this card to make it the new target of the attack.)</em>",Blue,Character,1,1000,Heart Pirates;The Seven Warlords of the Sea,Slash,,,,,,,,
525687,Trafalgar Law (CS 2023 Top Players Pack) [Finalist],Trafalgar Law CS 2023 Top Players Pack Finalist,https://tcgplayer-cdn.tcgplayer.com/product/525687_200w.jpg,68,17675,https://cpt.tcgcsv.com/Mhd6,2024-01-26T13:29:13.347,1,C,ST03-008,"[Blocker] <em>(After your opponent declares an attack, you may rest this card to make it the new target of the attack.)</em>",Blue,Character,1,1000,Heart Pirates;The Seven Warlords of the Sea,Slash,,,,,,,,
525688,Trafalgar Law (CS 2023 Top Players Pack) [Winner],Trafalgar Law CS 2023 Top Players Pack Winner,https://tcgplayer-cdn.tcgplayer.com/product/525688_200w.jpg,68,17675,https://cpt.tcgcsv.com/Nhd6,2024-01-26T13:29:17.35,1,C,ST03-008,"[Blocker] <em>(After your opponent declares an attack, you may rest this card to make it the new target of the attack.)</em>",Blue,Character,1,1000,Heart Pirates;The Seven Warlords of the Sea,Slash,,,,,,,,
525689,"Eustass""Captain""Kid (CS 2023 Top Players Pack)",EustassCaptainKid CS 2023 Top Players Pack,https://tcgplayer-cdn.tcgplayer.com/product/525689_200w.jpg,68,17675,https://cpt.tcgcsv.com/Phd6,2024-01-26T13:24:32.553,1,SR,ST10-013,[On Play] / [When Attacking] DON!! -1 <em>(You may return the specified number of DON!! cards from your field to your DON!! deck.)</em>: Up to 1 of your Leader gains +1000 power until the start of your next turn.,Purple,Character,7,8000,Kid Pirates,Special,999.69,999.69,999.69,899.99,,Foil,,
525690,"Eustass""Captain""Kid (CS 2023 Top Players Pack) [Finalist]",EustassCaptainKid CS 2023 Top Players Pack Finalist,https://tcgplayer-cdn.tcgplayer.com/product/525690_200w.jpg,68,17675,https://cpt.tcgcsv.com/Qhd6,2024-01-26T13:24:36.113,1,SR,ST10-013,[On Play] / [When Attacking] DON!! -1 <em>(You may return the specified number of DON!! cards from your field to your DON!! deck.)</em>: Up to 1 of your Leader gains +1000 power until the start of your next turn.,Purple,Character,7,8000,Kid Pirates,Special,,,,,,,,
525691,"Eustass""Captain""Kid (CS 2023 Top Players Pack) [Winner]",EustassCaptainKid CS 2023 Top Players Pack Winner,https://tcgplayer-cdn.tcgplayer.com/product/525691_200w.jpg,68,17675,https://cpt.tcgcsv.com/Rhd6,2024-01-26T13:24:55.04,1,SR,ST10-013,[On Play] / [When Attacking] DON!! -1 <em>(You may return the specified number of DON!! cards from your field to your DON!! deck.)</em>: Up to 1 of your Leader gains +1000 power until the start of your next turn.,Purple,Character,7,8000,Kid Pirates,Special,,,,,,,,
525694,Sasaki (CS 2023 Event Pack Finalist Ver.),Sasaki CS 2023 Event Pack Finalist Ver,https://tcgplayer-cdn.tcgplayer.com/product/525694_200w.jpg,68,17675,https://cpt.tcgcsv.com/Vhd6,2024-01-26T13:28:46.97,1,UC,OP01-101,[DON!! x1][When Attacking] <strong>You may trash 1 card from your hand</strong>: Add up to 1 DON!! card from your DON!! deck and rest it.,Purple,Character,3,4000,Animal Kingdom Pirates,Slash,,,,,,,2000,
525702,Kaido (CS 2023 Trophy Card) [3rd Place],Kaido CS 2023 Trophy Card 3rd Place,https://tcgplayer-cdn.tcgplayer.com/product/525702_200w.jpg,68,17675,https://cpt.tcgcsv.com/3jd6,2024-01-26T13:25:28.71,1,SR,ST04-003,[On Play] DON!! -5 <em>(You may return the specified number of DON!! cards from your field to your DON!! deck.)</em>: K.O. up to 1 of your opponent's Characters with a cost of 6 or less. This Character gains [Rush] during this turn. <em>(This card can attack on the turn in which it is played.)</em>,Purple,Character,9,10000,Animal Kingdom Pirates;The Four Emperors,Strike,,,,,,,,
525703,Kaido (CS 2023 Trophy Card) [2nd Place],Kaido CS 2023 Trophy Card 2nd Place,https://tcgplayer-cdn.tcgplayer.com/product/525703_200w.jpg,68,17675,https://cpt.tcgcsv.com/5jd6,2024-01-26T13:25:24.897,1,SR,ST04-003,[On Play] DON!! -5 <em>(You may return the specified number of DON!! cards from your field to your DON!! deck.)</em>: K.O. up to 1 of your opponent's Characters with a cost of 6 or less. This Character gains [Rush] during this turn. <em>(This card can attack on the turn in which it is played.)</em>,Purple,Character,9,10000,Animal Kingdom Pirates;The Four Emperors,Strike,,,,,,,,
525704,Kaido (CS 2023 Trophy Card) [Winner],Kaido CS 2023 Trophy Card Winner,https://tcgplayer-cdn.tcgplayer.com/product/525704_200w.jpg,68,17675,https://cpt.tcgcsv.com/6jd6,2024-01-26T13:25:32.153,1,SR,ST04-003,[On Play] DON!! -5 <em>(You may return the specified number of DON!! cards from your field to your DON!! deck.)</em>: K.O. up to 1 of your opponent's Characters with a cost of 6 or less. This Character gains [Rush] during this turn. <em>(This card can attack on the turn in which it is played.)</em>,Purple,Character,9,10000,Animal Kingdom Pirates;The Four Emperors,Strike,,,,,,,,
527128,Premium Card Collection -Live Action Edition-,Premium Card Collection Live Action Edition,https://tcgplayer-cdn.tcgplayer.com/product/527128_200w.jpg,68,17675,https://cpt.tcgcsv.com/BSd6,2024-04-26T04:03:12.637,1,,,,,,,,,,100.0,129.99,9999.99,125.48,,Normal,,
527619,Nami - OP01-016 (Ultra Deck: The Three Captains),Nami OP01 016 Ultra Deck The Three Captains,https://tcgplayer-cdn.tcgplayer.com/product/527619_200w.jpg,68,17675,https://cpt.tcgcsv.com/p3f6,2023-11-10T17:57:48.96,1,R,OP01-016,"[On Play] Look at 5 cards from the top of your deck; reveal up to 1 [Straw Hat Crew] type card other than [Nami] and add it to your hand. Then, place the rest at the bottom of your deck in any order.",Red,Character,1,2000,Straw Hat Crew,Special,4.49,6.98,50.0,5.81,,Foil,1000,
527620,Roronoa Zoro - OP01-025 (Ultra Deck: The Three Captains),Roronoa Zoro OP01 025 Ultra Deck The Three Captains,https://tcgplayer-cdn.tcgplayer.com/product/527620_200w.jpg,68,17675,https://cpt.tcgcsv.com/q3f6,2023-11-10T17:57:42.9,1,SR,OP01-025,[Rush] <em>(This card can attack on the turn in which it is played.)</em>,Red,Character,3,5000,Straw Hat Crew;Supernovas,Slash,1.47,2.65,50.0,1.8,,Foil,,
531486,Monkey.D.Luffy (041),MonkeyDLuffy 041,https://tcgplayer-cdn.tcgplayer.com/product/531486_200w.jpg,68,17675,https://cpt.tcgcsv.com/LCg6,2023-12-19T18:46:53.42,1,PR,P-041,,Purple,Character,10,12000,Straw Hat Crew;The Four Emperors,Strike,5.68,13.25,37.99,11.63,,Normal,1000,
532108,New Genesis (Starter Deck 11: Uta Deck Battle),New Genesis Starter Deck 11 Uta Deck Battle,https://tcgplayer-cdn.tcgplayer.com/product/532108_200w.jpg,68,17675,https://cpt.tcgcsv.com/bSg6,2024-02-02T13:59:54,1,SR,ST11-004,"[Main] If your Leader is [Uta], look at 3 cards from the top of your deck; reveal up to 1 [FILM] type card other than [New Genesis] and add it to your hand. Then, place the rest at the bottom of your deck in any order and set up to 1 of your DON!! cards as active.",Green,Event,1,,FILM;Music,,1.0,2.38,6.21,1.73,,Normal,,
532109,I'm invincible (Starter Deck 11: Uta Deck Battle),Im invincible Starter Deck 11 Uta Deck Battle,https://tcgplayer-cdn.tcgplayer.com/product/532109_200w.jpg,68,17675,https://cpt.tcgcsv.com/cSg6,2024-02-02T13:59:47.617,1,C,ST11-005,"[Main] Set up to 1 of your [Uta] Leader as active.
<br>
[Trigger] Up to 1 of your Leader or Character cards gains +1000 power during this turn.",Green,Event,3,,FILM;Music,,0.25,0.93,18.99,0.53,,Normal,,
532110,Backlight (Starter Deck 11: Uta Deck Battle),Backlight Starter Deck 11 Uta Deck Battle,https://tcgplayer-cdn.tcgplayer.com/product/532110_200w.jpg,68,17675,https://cpt.tcgcsv.com/dSg6,2024-02-02T13:59:43.307,1,C,ST11-003,"[Main] If your Leader is [Uta], choose one:
<br>
• Rest up to 1 of your opponent's Characters with a cost of 5 or less.
<br>
• K.O. up to 1 of your opponent's rested Characters with a cost of 5 or less.",Green,Event,2,,FILM;Music,,0.5,1.15,19.96,1.03,,Normal,,
532111,Fleeting Lullaby (Starter Deck 11: Uta Deck Battle),Fleeting Lullaby Starter Deck 11 Uta Deck Battle,https://tcgplayer-cdn.tcgplayer.com/product/532111_200w.jpg,68,17675,https://cpt.tcgcsv.com/fSg6,2024-02-02T13:59:39.797,1,PR,P-057,"[Main] If your Leader is [Uta], up to 2 of your opponent's rested Characters with a cost of 4 or less will not become active in your opponent's next Refresh Phase.
<br>
[Trigger] Activate this card's [Main] effect.",Green,Event,3,,FILM;Music,,0.22,0.5,2.25,0.39,,Normal,,
532112,The World's Continuation (Starter Deck 11: Uta Deck Battle),The Worlds Continuation Starter Deck 11 Uta Deck Battle,https://tcgplayer-cdn.tcgplayer.com/product/532112_200w.jpg,68,17675,https://cpt.tcgcsv.com/gSg6,2024-02-02T13:59:36.34,1,PR,P-059,"[Counter] If your Leader is [Uta], you may return any number of Characters on your field to the owner's hand. Up to 1 of your Leader or Character cards gains +2000 power during this battle for every returned Character.",Green,Event,2,,FILM;Music,,0.4,0.7,8.97,0.45,,Normal,,
532113,Tot Musica (Starter Deck 11: Uta Deck Battle),Tot Musica Starter Deck 11 Uta Deck Battle,https://tcgplayer-cdn.tcgplayer.com/product/532113_200w.jpg,68,17675,https://cpt.tcgcsv.com/hSg6,2024-02-02T13:59:32.527,1,PR,P-060,[Main] <strong>You may rest 1 of your [Uta] cards</strong>: Rest up to 2 of your opponent's DON!! cards.,Green,Event,2,,FILM;Music,,0.18,0.49,5.0,0.34,,Normal,,
532114,Where the Wind Blows (Starter Deck 11: Uta Deck Battle),Where the Wind Blows Starter Deck 11 Uta Deck Battle,https://tcgplayer-cdn.tcgplayer.com/product/532114_200w.jpg,68,17675,https://cpt.tcgcsv.com/jSg6,2024-02-02T13:59:28.173,1,PR,P-058,"[Main] If your leader is [Uta], set all of your [FILM] type Characters as active at the end of this turn.
<br>
[Trigger] Set all of your [FILM] type Characters as active.",Green,Event,2,,FILM;Music,,0.24,0.75,49.99,0.34,,Normal,,
532115,Monkey.D.Luffy (Starter Deck 11: Uta Deck Battle),MonkeyDLuffy Starter Deck 11 Uta Deck Battle,https://tcgplayer-cdn.tcgplayer.com/product/532115_200w.jpg,68,17675,https://cpt.tcgcsv.com/kSg6,2024-02-02T13:59:24.527,1,PR,P-061,,Green,Character,8,10000,FILM;Straw Hat Crew,Strike,2.52,5.0,100.0,4.75,,Normal,1000,
532116,Monkey.D.Luffy (Starter Deck 11: Uta Deck Battle) [Winner],MonkeyDLuffy Starter Deck 11 Uta Deck Battle Winner,https://tcgplayer-cdn.tcgplayer.com/product/532116_200w.jpg,68,17675,https://cpt.tcgcsv.com/lSg6,2024-02-02T13:59:20.1,1,PR,P-061,,Green,Character,8,10000,FILM;Straw Hat Crew,Strike,195.98,214.6,899.95,137.97,,Foil,1000,
532752,Monkey.D.Luffy (041) (BANDAI CARD GAMES Fest 23-24 World Tour),MonkeyDLuffy 041 BANDAI CARD GAMES Fest 23 24 World Tour,https://tcgplayer-cdn.tcgplayer.com/product/532752_200w.jpg,68,17675,https://cpt.tcgcsv.com/37h6,2024-02-02T14:07:32.017,1,PR,P-041,,Purple,Character,10,12000,Straw Hat Crew;The Four Emperors,Strike,204.95,224.99,1000.0,227.23,,Foil,1000,
535277,Koby (Treasure Cup),Koby Treasure Cup,https://tcgplayer-cdn.tcgplayer.com/product/535277_200w.jpg,68,17675,https://cpt.tcgcsv.com/z7j6,2024-03-01T14:16:42.25,1,C,OP02-098,[On Play] <strong>You may trash 1 card from your hand</strong>: K.O. up to 1 of your opponent's Characters with a cost of 3 or less.,Black,Character,3,4000,Navy,Strike,599.89,600.0,9000.0,499.7,,Foil,1000,
535278,Monkey.D.Garp (Treasure Cup),MonkeyDGarp Treasure Cup,https://tcgplayer-cdn.tcgplayer.com/product/535278_200w.jpg,68,17675,https://cpt.tcgcsv.com/B7j6,2024-03-01T14:16:45.763,1,SR,ST06-012,[Activate:Main] <strong>You may trash 1 card from your hand and rest this Character</strong>: K.O. up to 1 of your opponent's Characters with a cost of 4 or less.,Black,Character,5,6000,Navy,Strike,,,,,,,,
536168,Marco (Japanese 1st Anniversary Set),Marco Japanese 1st Anniversary Set,https://tcgplayer-cdn.tcgplayer.com/product/536168_200w.jpg,68,17675,https://cpt.tcgcsv.com/ntj6,2024-03-29T04:03:11.413,1,SR,OP03-013,"[Your Turn] [On Play] K.O. up to 1 of your opponent's Characters with 3000 power or less.
<br>
[On K.O.] <strong>You may trash 1 Event from your hand</strong: You may play this Character card from your trash rested.",Red,Character,5,6000,Whitebeard Pirates,Special,12.62,29.69,85.0,11.79,,Foil,1000,
536169,Makino (Japanese 1st Anniversary Set),Makino Japanese 1st Anniversary Set,https://tcgplayer-cdn.tcgplayer.com/product/536169_200w.jpg,68,17675,https://cpt.tcgcsv.com/ptj6,2024-03-29T04:03:11.413,1,UC,OP02-015,[Activate:Main] <strong>You may rest this Character</strong>: Up to 1 of your red Characters with a cost of 1 gains +3000 power during this turn.,Red,Character,1,0,Windmill Village,Wisdom,41.84,52.3,149.99,46.37,,Foil,2000,
536170,Otama (Japanese 1st Anniversary Set),Otama Japanese 1st Anniversary Set,https://tcgplayer-cdn.tcgplayer.com/product/536170_200w.jpg,68,17675,https://cpt.tcgcsv.com/qtj6,2024-03-29T04:03:11.413,1,UC,OP01-006,[On Play] Give up to 1 of your opponent's Characters -2000 power during this turn.,Red,Character,1,0,Land of Wano,Special,22.88,36.5,99.95,18.83,,Foil,2000,
536257,Judge Pack Vol. 2,Judge Pack Vol 2,https://tcgplayer-cdn.tcgplayer.com/product/536257_200w.jpg,68,17675,https://cpt.tcgcsv.com/9wj6,2024-01-29T13:08:20.897,1,,,,,,,,,,52.92,54.89,79.99,32.9,,Normal,,
536278,Premium Card Collection -BANDAI CARD GAMES Fest. 23-24 Edition-,Premium Card Collection BANDAI CARD GAMES Fest 23 24 Edition,https://tcgplayer-cdn.tcgplayer.com/product/536278_200w.jpg,68,17675,https://cpt.tcgcsv.com/Bwj6,2024-09-19T19:45:58.223,2,,,,,,,,,,116.97,129.99,399.99,131.31,,Normal,,
537438,Roronoa Zoro (OP-06 Pre-Release Tournament) [Participant],Roronoa Zoro OP 06 Pre Release Tournament Participant,https://tcgplayer-cdn.tcgplayer.com/product/537438_200w.jpg,68,17675,https://cpt.tcgcsv.com/N-j6,2024-03-01T13:37:18.3,1,PR,P-045,"[Banish] <em>(When this card deals damage, the target card is trashed without activating its Trigger.)</em>",Purple,Character,6,7000,Straw Hat Crew,Slash,3.7,5.0,40.0,4.7,,Normal,1000,
537439,Roronoa Zoro (OP-06 Pre-Release Tournament) [Winner],Roronoa Zoro OP 06 Pre Release Tournament Winner,https://tcgplayer-cdn.tcgplayer.com/product/537439_200w.jpg,68,17675,https://cpt.tcgcsv.com/P-j6,2024-03-01T13:37:21.683,1,PR,P-045,"[Banish] <em>(When this card deals damage, the target card is trashed without activating its Trigger.)</em>",Purple,Character,6,7000,Straw Hat Crew,Slash,375.0,676.95,999.98,388.97,,Foil,1000,
537440,Hatchan (Tournament Pack Vol. 6),Hatchan Tournament Pack Vol 6,https://tcgplayer-cdn.tcgplayer.com/product/537440_200w.jpg,68,17675,https://cpt.tcgcsv.com/Q-j6,2024-03-15T12:38:40.72,1,UC,OP03-033,"[Trigger] If your leader has the [East Blue] type, play this card.",Green,Character,4,4000,Fish-Man;Arlong Pirates;East Blue,Slash,0.15,0.49,3.03,0.31,,Normal,2000,
537441,Hatchan (Winner Pack Vol. 6),Hatchan Winner Pack Vol 6,https://tcgplayer-cdn.tcgplayer.com/product/537441_200w.jpg,68,17675,https://cpt.tcgcsv.com/R-j6,2024-03-15T12:39:08.903,1,UC,OP03-033,"[Trigger] If your leader has the [East Blue] type, play this card.",Green,Character,4,4000,Fish-Man;Arlong Pirates;East Blue,Slash,3.49,5.74,40.0,4.46,,Foil,2000,
537442,Kaya (Tournament Pack Vol. 6),Kaya Tournament Pack Vol 6,https://tcgplayer-cdn.tcgplayer.com/product/537442_200w.jpg,68,17675,https://cpt.tcgcsv.com/S-j6,2024-03-15T12:38:43.773,1,R,OP03-044,[On Play] Draw 2 cards and trash 2 cards from your hand.,Blue,Character,1,0,East Blue,Wisdom,0.35,1.0,20.74,0.78,,Normal,2000,
537443,Kaya (Winner Pack Vol. 6),Kaya Winner Pack Vol 6,https://tcgplayer-cdn.tcgplayer.com/product/537443_200w.jpg,68,17675,https://cpt.tcgcsv.com/T-j6,2024-03-15T12:39:13.137,1,R,OP03-044,[On Play] Draw 2 cards and trash 2 cards from your hand.,Blue,Character,1,0,East Blue,Wisdom,9.16,12.75,49.99,9.32,,Foil,2000,
537444,Fukurou (Tournament Pack Vol. 6),Fukurou Tournament Pack Vol 6,https://tcgplayer-cdn.tcgplayer.com/product/537444_200w.jpg,68,17675,https://cpt.tcgcsv.com/V-j6,2024-03-15T12:38:37.68,1,UC,OP03-088,"This Character cannot be K.O.'d by effects.
<br>
[Blocker] <em>(After your opponent declares an attack, you may rest this card to make it the new target of the attack.)</em>",Black,Character,3,3000,CP9,Strike,0.05,0.25,3.0,0.11,,Normal,1000,
537445,Fukurou (Winner Pack Vol. 6),Fukurou Winner Pack Vol 6,https://tcgplayer-cdn.tcgplayer.com/product/537445_200w.jpg,68,17675,https://cpt.tcgcsv.com/W-j6,2024-03-15T12:39:05.147,1,UC,OP03-088,"This Character cannot be K.O.'d by effects.
<br>
[Blocker] <em>(After your opponent declares an attack, you may rest this card to make it the new target of the attack.)</em>",Black,Character,3,3000,CP9,Strike,3.0,5.0,49.99,3.85,,Foil,1000,
537446,Shirahoshi (Tournament Pack Vol. 6),Shirahoshi Tournament Pack Vol 6,https://tcgplayer-cdn.tcgplayer.com/product/537446_200w.jpg,68,17675,https://cpt.tcgcsv.com/X-j6,2024-03-15T12:38:47.553,1,UC,OP03-116,[On Play] Draw 3 cards and trash 2 cards from your hand.,Yellow,Character,5,0,Merfolk,Wisdom,0.15,0.45,10.88,0.47,,Normal,1000,
537447,Shirahoshi (Winner Pack Vol. 6),Shirahoshi Winner Pack Vol 6,https://tcgplayer-cdn.tcgplayer.com/product/537447_200w.jpg,68,17675,https://cpt.tcgcsv.com/Z-j6,2024-03-15T12:39:17.367,1,UC,OP03-116,[On Play] Draw 3 cards and trash 2 cards from your hand.,Yellow,Character,5,0,Merfolk,Wisdom,13.21,17.5,49.99,16.2,,Foil,1000,
537448,Tournament Pack Vol. 6,Tournament Pack Vol 6,https://tcgplayer-cdn.tcgplayer.com/product/537448_200w.jpg,68,17675,https://cpt.tcgcsv.com/--j6,2024-03-15T12:38:51.823,1,,,,,,,,,,1.79,4.99,9.99,2.14,,Normal,,
537449,Winner Pack Vol. 6,Winner Pack Vol 6,https://tcgplayer-cdn.tcgplayer.com/product/537449_200w.jpg,68,17675,https://cpt.tcgcsv.com/_-j6,2024-03-15T12:39:22.613,1,,,,,,,,,,15.9,17.04,59.99,16.72,,Normal,,
537450,Hody & Hyouzou (Pirates Party Vol. 6),Hody and Hyouzou Pirates Party Vol 6,https://tcgplayer-cdn.tcgplayer.com/product/537450_200w.jpg,68,17675,https://cpt.tcgcsv.com/0_j6,2024-03-01T13:37:43.877,1,PR,P-062,"[Activate:Main] [Once Per Turn] Rest up to 1 of your opponent's Characters with a cost of 4 or less and this Character gains +1000 power during this turn. Then, add 1 card from the top of your Life cards to your hand.",Green,Character,4,6000,Fish-Man;Merfolk;New Fish-Man Pirates,Slash;Strike,0.49,1.0,59.99,0.69,,Normal,,
538837,Premium Card Collection -Uta-,Premium Card Collection Uta,https://tcgplayer-cdn.tcgplayer.com/product/538837_200w.jpg,68,17675,https://cpt.tcgcsv.com/Mxk6,2024-08-30T04:08:14.987,4,,,,,,,,,,99.99,177.99,499.99,126.57,,Normal,,
539174,Monet (Event Pack Vol. 3),Monet Event Pack Vol 3,https://tcgplayer-cdn.tcgplayer.com/product/539174_200w.jpg,68,17675,https://cpt.tcgcsv.com/vHk6,2024-03-01T13:35:12.087,1,UC,OP05-036,"[Blocker] <em>(After your opponent declares an attack, you may rest this card to make it the new target of the attack.)</em>
<br>
[On Block] Rest up to 1 of your opponent's Characters with a cost of 4 or less.",Green,Character,3,1000,Donquixote Pirates,Special,1.86,3.47,39.99,2.24,,Foil,1000,
539175,Trafalgar Law (Event Pack Vol. 3),Trafalgar Law Event Pack Vol 3,https://tcgplayer-cdn.tcgplayer.com/product/539175_200w.jpg,68,17675,https://cpt.tcgcsv.com/wHk6,2024-03-01T13:35:07.75,1,C,ST03-008,"[Blocker] <em>(After your opponent declares an attack, you may rest this card to make it the new target of the attack.)</em>",Blue,Character,1,1000,Heart Pirates;The Seven Warlords of the Sea,Slash,4.94,6.22,50.0,5.69,,Foil,,
539176,Roronoa Zoro (Event Pack Vol. 3),Roronoa Zoro Event Pack Vol 3,https://tcgplayer-cdn.tcgplayer.com/product/539176_200w.jpg,68,17675,https://cpt.tcgcsv.com/xHk6,2024-03-01T13:35:03.82,1,PR,P-042,[Trigger] K.O. up to 1 of your opponent's Characters with a cost of 4 or less.,Yellow,Character,4,5000,Land of Wano;Straw Hat Crew,Slash,66.49,89.79,199.99,89.45,,Foil,1000,
539177,Yamato (Event Pack Vol. 3),Yamato Event Pack Vol 3,https://tcgplayer-cdn.tcgplayer.com/product/539177_200w.jpg,68,17675,https://cpt.tcgcsv.com/zHk6,2024-03-01T13:34:59.58,1,PR,P-046,"[On Play] You may place all cards in your hand at the bottom of your deck in any order. If you do, draw cards equal to the number you placed at the bottom of your deck.",Purple,Character,1,2000,Land of Wano,Strike,40.0,49.36,199.99,49.36,,Foil,1000,
539178,Online Regional Participation Pack 2024 Vol. 1,Online Regional Participation Pack 2024 Vol 1,https://tcgplayer-cdn.tcgplayer.com/product/539178_200w.jpg,68,17675,https://cpt.tcgcsv.com/BHk6,2024-03-01T13:35:30.31,1,,,,,,,,,,500.0,750.0,1000.0,,,Normal,,
539179,Event Pack Vol. 3,Event Pack Vol 3,https://tcgplayer-cdn.tcgplayer.com/product/539179_200w.jpg,68,17675,https://cpt.tcgcsv.com/CHk6,2024-03-01T13:34:55.86,1,,,,,,,,,,48.86,49.95,50.0,49.22,,Normal,,
539180,Brannew (Online Regional 2024) [Participant],Brannew Online Regional 2024 Participant,https://tcgplayer-cdn.tcgplayer.com/product/539180_200w.jpg,68,17675,https://cpt.tcgcsv.com/DHk6,2024-03-01T13:36:46.56,1,R,OP03-089,"[On Play] Look at 3 cards from the top of your deck; reveal up to 1 [Navy] type card other than [Brannew] and add it to your hand. Then, trash the rest.",Black,Character,2,3000,Navy,Wisdom,5.0,5.26,25.79,5.1,,Foil,1000,
539181,Brannew (Online Regional 2024) [Finalist],Brannew Online Regional 2024 Finalist,https://tcgplayer-cdn.tcgplayer.com/product/539181_200w.jpg,68,17675,https://cpt.tcgcsv.com/FHk6,2024-03-01T13:36:42.907,1,R,OP03-089,"[On Play] Look at 3 cards from the top of your deck; reveal up to 1 [Navy] type card other than [Brannew] and add it to your hand. Then, trash the rest.",Black,Character,2,3000,Navy,Wisdom,,,,,,,1000,
539182,Brannew (Online Regional 2024) [Winner],Brannew Online Regional 2024 Winner,https://tcgplayer-cdn.tcgplayer.com/product/539182_200w.jpg,68,17675,https://cpt.tcgcsv.com/GHk6,2024-03-01T13:36:39.183,1,R,OP03-089,"[On Play] Look at 3 cards from the top of your deck; reveal up to 1 [Navy] type card other than [Brannew] and add it to your hand. Then, trash the rest.",Black,Character,2,3000,Navy,Wisdom,,,,,,,1000,
539183,Brannew (Offline Regional 2024) [Participant],Brannew Offline Regional 2024 Participant,https://tcgplayer-cdn.tcgplayer.com/product/539183_200w.jpg,68,17675,https://cpt.tcgcsv.com/HHk6,2024-03-22T12:42:49.623,1,R,OP03-089,"[On Play] Look at 3 cards from the top of your deck; reveal up to 1 [Navy] type card other than [Brannew] and add it to your hand. Then, trash the rest.",Black,Character,2,3000,Navy,Wisdom,2.99,4.99,44.86,3.66,,Foil,1000,
539184,Brannew (Offline Regional 2024) [Finalist],Brannew Offline Regional 2024 Finalist,https://tcgplayer-cdn.tcgplayer.com/product/539184_200w.jpg,68,17675,https://cpt.tcgcsv.com/JHk6,2024-03-22T12:42:46.513,1,R,OP03-089,"[On Play] Look at 3 cards from the top of your deck; reveal up to 1 [Navy] type card other than [Brannew] and add it to your hand. Then, trash the rest.",Black,Character,2,3000,Navy,Wisdom,59.99,99.99,375.0,26.99,,Foil,1000,
539185,Brannew (Offline Regional 2024) [Winner],Brannew Offline Regional 2024 Winner,https://tcgplayer-cdn.tcgplayer.com/product/539185_200w.jpg,68,17675,https://cpt.tcgcsv.com/KHk6,2024-03-22T12:42:42.703,1,R,OP03-089,"[On Play] Look at 3 cards from the top of your deck; reveal up to 1 [Navy] type card other than [Brannew] and add it to your hand. Then, trash the rest.",Black,Character,2,3000,Navy,Wisdom,,,,,,,1000,
539186,Sanji (Online Regional 2024) [Participant],Sanji Online Regional 2024 Participant,https://tcgplayer-cdn.tcgplayer.com/product/539186_200w.jpg,68,17675,https://cpt.tcgcsv.com/LHk6,2024-03-01T13:36:35.047,1,R,OP03-102,[DON!! x2][When Attacking] <strong>You may add 1 card from the top or bottom of your Life cards to your hand</strong>: Add up to 1 card from the top of your deck to the top of your Life cards.,Yellow,Character,2,3000,The Vinsmoke Family,Strike,33.69,45.0,100.0,26.28,,Foil,2000,
539187,Sanji (Online Regional 2024) [Finalist],Sanji Online Regional 2024 Finalist,https://tcgplayer-cdn.tcgplayer.com/product/539187_200w.jpg,68,17675,https://cpt.tcgcsv.com/MHk6,2024-03-01T13:36:31.253,1,R,OP03-102,[DON!! x2][When Attacking] <strong>You may add 1 card from the top or bottom of your Life cards to your hand</strong>: Add up to 1 card from the top of your deck to the top of your Life cards.,Yellow,Character,2,3000,The Vinsmoke Family,Strike,299.0,574.0,575.0,263.17,,Foil,2000,
539188,Sanji (Online Regional 2024) [Winner],Sanji Online Regional 2024 Winner,https://tcgplayer-cdn.tcgplayer.com/product/539188_200w.jpg,68,17675,https://cpt.tcgcsv.com/NHk6,2024-03-01T13:36:27.013,1,R,OP03-102,[DON!! x2][When Attacking] <strong>You may add 1 card from the top or bottom of your Life cards to your hand</strong>: Add up to 1 card from the top of your deck to the top of your Life cards.,Yellow,Character,2,3000,The Vinsmoke Family,Strike,,,,,,,2000,
539189,Sanji (Offline Regional 2024) [Participant],Sanji Offline Regional 2024 Participant,https://tcgplayer-cdn.tcgplayer.com/product/539189_200w.jpg,68,17675,https://cpt.tcgcsv.com/PHk6,2024-03-22T12:42:38.253,1,R,OP03-102,[DON!! x2][When Attacking] <strong>You may add 1 card from the top or bottom of your Life cards to your hand</strong>: Add up to 1 card from the top of your deck to the top of your Life cards.,Yellow,Character,2,3000,The Vinsmoke Family,Strike,34.0,37.99,250.0,22.91,,Foil,2000,
539190,Sanji (Offline Regional 2024) [Finalist],Sanji Offline Regional 2024 Finalist,https://tcgplayer-cdn.tcgplayer.com/product/539190_200w.jpg,68,17675,https://cpt.tcgcsv.com/QHk6,2024-03-22T12:42:34.83,1,R,OP03-102,[DON!! x2][When Attacking] <strong>You may add 1 card from the top or bottom of your Life cards to your hand</strong>: Add up to 1 card from the top of your deck to the top of your Life cards.,Yellow,Character,2,3000,The Vinsmoke Family,Strike,274.0,288.0,298.99,195.32,,Foil,2000,
539191,Sanji (Offline Regional 2024) [Winner],Sanji Offline Regional 2024 Winner,https://tcgplayer-cdn.tcgplayer.com/product/539191_200w.jpg,68,17675,https://cpt.tcgcsv.com/RHk6,2024-03-22T12:42:31.013,1,R,OP03-102,[DON!! x2][When Attacking] <strong>You may add 1 card from the top or bottom of your Life cards to your hand</strong>: Add up to 1 card from the top of your deck to the top of your Life cards.,Yellow,Character,2,3000,The Vinsmoke Family,Strike,,,,,,,2000,
539192,Gum-Gum Jet Pistol (Online Regional 2024) [Participant],Gum Gum Jet Pistol Online Regional 2024 Participant,https://tcgplayer-cdn.tcgplayer.com/product/539192_200w.jpg,68,17675,https://cpt.tcgcsv.com/SHk6,2024-03-01T13:36:23.213,1,C,ST01-015,"[Main] K.O. up to 1 of your opponent's Characters with 6000 power or less.
<br>
[Trigger] Activate this card's [Main] effect.",Red,Event,4,,Straw Hat Crew;Supernovas,,26.94,39.99,50.0,25.06,,Foil,,
539193,Gum-Gum Jet Pistol (Online Regional 2024) [Finalist],Gum Gum Jet Pistol Online Regional 2024 Finalist,https://tcgplayer-cdn.tcgplayer.com/product/539193_200w.jpg,68,17675,https://cpt.tcgcsv.com/THk6,2024-03-01T13:36:19.19,1,C,ST01-015,"[Main] K.O. up to 1 of your opponent's Characters with 6000 power or less.
<br>
[Trigger] Activate this card's [Main] effect.",Red,Event,4,,Straw Hat Crew;Supernovas,,249.0,249.0,249.0,229.5,,Foil,,
539194,Gum-Gum Jet Pistol (Online Regional 2024) [Winner],Gum Gum Jet Pistol Online Regional 2024 Winner,https://tcgplayer-cdn.tcgplayer.com/product/539194_200w.jpg,68,17675,https://cpt.tcgcsv.com/VHk6,2024-03-01T13:36:15.097,1,C,ST01-015,"[Main] K.O. up to 1 of your opponent's Characters with 6000 power or less.
<br>
[Trigger] Activate this card's [Main] effect.",Red,Event,4,,Straw Hat Crew;Supernovas,,,,,,,,,
539195,Gum-Gum Jet Pistol (Offline Regional 2024) [Participant],Gum Gum Jet Pistol Offline Regional 2024 Participant,https://tcgplayer-cdn.tcgplayer.com/product/539195_200w.jpg,68,17675,https://cpt.tcgcsv.com/WHk6,2024-03-22T12:42:26.507,1,C,ST01-015,"[Main] K.O. up to 1 of your opponent's Characters with 6000 power or less.
<br>
[Trigger] Activate this card's [Main] effect.",Red,Event,4,,Straw Hat Crew;Supernovas,,29.25,41.4,54.28,27.03,,Foil,,
539196,Gum-Gum Jet Pistol (Offline Regional 2024) [Finalist],Gum Gum Jet Pistol Offline Regional 2024 Finalist,https://tcgplayer-cdn.tcgplayer.com/product/539196_200w.jpg,68,17675,https://cpt.tcgcsv.com/XHk6,2024-03-22T12:42:23.167,1,C,ST01-015,"[Main] K.O. up to 1 of your opponent's Characters with 6000 power or less.
<br>
[Trigger] Activate this card's [Main] effect.",Red,Event,4,,Straw Hat Crew;Supernovas,,249.99,287.43,750.0,164.03,,Foil,,
539197,Gum-Gum Jet Pistol (Offline Regional 2024) [Winner],Gum Gum Jet Pistol Offline Regional 2024 Winner,https://tcgplayer-cdn.tcgplayer.com/product/539197_200w.jpg,68,17675,https://cpt.tcgcsv.com/ZHk6,2024-03-22T12:42:19.49,1,C,ST01-015,"[Main] K.O. up to 1 of your opponent's Characters with 6000 power or less.
<br>
[Trigger] Activate this card's [Main] effect.",Red,Event,4,,Straw Hat Crew;Supernovas,,,,,,,,,
539198,Scratchmen Apoo (Online Regional 2024) [Participant],Scratchmen Apoo Online Regional 2024 Participant,https://tcgplayer-cdn.tcgplayer.com/product/539198_200w.jpg,68,17675,https://cpt.tcgcsv.com/-Hk6,2024-03-01T13:36:10.047,1,C,ST02-008,[DON!! x1][When Attacking] Rest up to 1 of your opponent's DON!! cards.,Green,Character,2,3000,On-Air Pirates;Supernovas,Ranged,4.19,5.0,32.0,4.88,,Foil,2000,
539199,Scratchmen Apoo (Online Regional 2024) [Finalist],Scratchmen Apoo Online Regional 2024 Finalist,https://tcgplayer-cdn.tcgplayer.com/product/539199_200w.jpg,68,17675,https://cpt.tcgcsv.com/_Hk6,2024-03-01T13:36:02.89,1,C,ST02-008,[DON!! x1][When Attacking] Rest up to 1 of your opponent's DON!! cards.,Green,Character,2,3000,On-Air Pirates;Supernovas,Ranged,229.99,229.99,229.99,89.12,,Foil,2000,
539200,Scratchmen Apoo (Online Regional 2024) [Winner],Scratchmen Apoo Online Regional 2024 Winner,https://tcgplayer-cdn.tcgplayer.com/product/539200_200w.jpg,68,17675,https://cpt.tcgcsv.com/0Jk6,2024-03-01T13:35:59.413,1,C,ST02-008,[DON!! x1][When Attacking] Rest up to 1 of your opponent's DON!! cards.,Green,Character,2,3000,On-Air Pirates;Supernovas,Ranged,,,,,,,2000,
539201,Scratchmen Apoo (Offline Regional 2024) [Participant],Scratchmen Apoo Offline Regional 2024 Participant,https://tcgplayer-cdn.tcgplayer.com/product/539201_200w.jpg,68,17675,https://cpt.tcgcsv.com/2Jk6,2024-03-22T12:42:15.24,1,C,ST02-008,[DON!! x1][When Attacking] Rest up to 1 of your opponent's DON!! cards.,Green,Character,2,3000,On-Air Pirates;Supernovas,Ranged,3.49,5.25,44.95,3.08,,Foil,2000,
539202,Scratchmen Apoo (Offline Regional 2024) [Finalist],Scratchmen Apoo Offline Regional 2024 Finalist,https://tcgplayer-cdn.tcgplayer.com/product/539202_200w.jpg,68,17675,https://cpt.tcgcsv.com/3Jk6,2024-03-22T12:42:11.92,1,C,ST02-008,[DON!! x1][When Attacking] Rest up to 1 of your opponent's DON!! cards.,Green,Character,2,3000,On-Air Pirates;Supernovas,Ranged,100.0,100.0,100.0,52.87,,Foil,2000,
539203,Scratchmen Apoo (Offline Regional 2024) [Winner],Scratchmen Apoo Offline Regional 2024 Winner,https://tcgplayer-cdn.tcgplayer.com/product/539203_200w.jpg,68,17675,https://cpt.tcgcsv.com/5Jk6,2024-03-22T12:42:07.527,1,C,ST02-008,[DON!! x1][When Attacking] Rest up to 1 of your opponent's DON!! cards.,Green,Character,2,3000,On-Air Pirates;Supernovas,Ranged,,,,,,,2000,
539204,Offline Regional Participation Pack 2024 Vol. 1,Offline Regional Participation Pack 2024 Vol 1,https://tcgplayer-cdn.tcgplayer.com/product/539204_200w.jpg,68,17675,https://cpt.tcgcsv.com/6Jk6,2024-03-22T12:41:51.25,1,,,,,,,,,,44.99,44.99,45.0,33.21,,Normal,,
539205,DON!! Card (Gear 5),DON Card Gear 5,https://tcgplayer-cdn.tcgplayer.com/product/539205_200w.jpg,68,17675,https://cpt.tcgcsv.com/7Jk6,2024-03-01T13:35:34.173,1,DON!!,,Your Turn +1000,,DON!!,,,,,35.0,43.99,140.27,30.22,,Foil,,
539206,Monkey.D.Luffy - ST10-006,MonkeyDLuffy ST10 006,https://tcgplayer-cdn.tcgplayer.com/product/539206_200w.jpg,68,17675,https://cpt.tcgcsv.com/8Jk6,2024-03-01T13:35:39.013,1,C,ST10-006,"[Rush] <em>(This card can attack on the turn in which it is played.)</em>
<br>
[Once Per Turn] When your opponent activates a [Blocker], K.O. up to 1 of your opponent's Characters with 8000 power or less.",Red,Character,10,11000,Straw Hat Crew,Strike,,,,,,,,
539207,Trafalgar Law - ST10-010,Trafalgar Law ST10 010,https://tcgplayer-cdn.tcgplayer.com/product/539207_200w.jpg,68,17675,https://cpt.tcgcsv.com/9Jk6,2024-03-01T13:35:42.613,1,SR,ST10-010,"[Blocker] <em>(After your opponent declares an attack, you may rest this card to make it the new target of the attack.)</em>
<br>
[On Play] DON!! -1 <em>(You may return the specified number of DON!! cards from your field to your DON!! deck.)</em>: If your opponent has 7 or more cards in their hand, trash 2 cards from your opponent's hand.",Purple,Character,4,5000,Heart Pirates,Slash,3200.0,3200.0,3200.0,1251.96,,Foil,1000,
539209,"Eustass""Captain""Kid - ST10-013",EustassCaptainKid ST10 013,https://tcgplayer-cdn.tcgplayer.com/product/539209_200w.jpg,68,17675,https://cpt.tcgcsv.com/cJk6,2024-03-01T13:35:47.03,1,SR,ST10-013,[On Play]/[When Attacking] DON!! -1 <em>(You may return the specified number of DON!! cards from your field to your DON!! deck.)</em>: Up to 1 of your Leader gains +1000 power until the start of your next turn.,Purple,Character,7,8000,Kid Pirates,Special,470.0,585.0,1000.0,532.66,,Foil,,
539548,Sengoku (CS 2023 Event Pack Finalist Ver.),Sengoku CS 2023 Event Pack Finalist Ver,https://tcgplayer-cdn.tcgplayer.com/product/539548_200w.jpg,68,17675,https://cpt.tcgcsv.com/-Qk6,2024-02-21T16:14:40.54,0,PR,P-032,[DON!! x1][Your Turn] Give all of your opponent's Characters -2 cost.,Black,Character,5,6000,Navy,Wisdom,,,,,,,,
539549,Tsuru (CS 2023 Event Pack Finalist Ver.),Tsuru CS 2023 Event Pack Finalist Ver,https://tcgplayer-cdn.tcgplayer.com/product/539549_200w.jpg,68,17675,https://cpt.tcgcsv.com/_Qk6,2024-02-21T16:15:04.897,0,UC,OP02-106,[On Play] Give up to 1 of your opponent's Characters -2 cost during this turn.,Black,Character,1,0,Navy,Wisdom,,,,,,,2000,
539550,Uta (CS 2023 Event Pack Finalist Ver.),Uta CS 2023 Event Pack Finalist Ver,https://tcgplayer-cdn.tcgplayer.com/product/539550_200w.jpg,68,17675,https://cpt.tcgcsv.com/0Rk6,2024-02-21T16:15:35.27,0,PR,P-031,[On Play] Add up to 1 DON!! card from your DON!! deck and rest it.,Purple,Character,5,6000,FILM,Special,,,,,,,,
539551,Sanji (CS 2023 Event Pack Finalist Ver.),Sanji CS 2023 Event Pack Finalist Ver,https://tcgplayer-cdn.tcgplayer.com/product/539551_200w.jpg,68,17675,https://cpt.tcgcsv.com/2Rk6,2024-02-21T16:16:04.153,0,PR,P-034,"[DON!! x1][Your Turn] If you have 2 or less Life cards, this Character gains +2000 power.",Yellow,Character,3,4000,The Vinsmoke Family,Strike,,,,,,,1000,
539552,Raizo (CS 2023 Event Pack Finalist Ver.),Raizo CS 2023 Event Pack Finalist Ver,https://tcgplayer-cdn.tcgplayer.com/product/539552_200w.jpg,68,17675,https://cpt.tcgcsv.com/3Rk6,2024-02-21T16:16:28.023,0,UC,OP01-052,"[When Attacking] [Once Per Turn] If you have 2 or more rested Characters, draw 1 card.",Green,Character,3,4000,Land of Wano;The Akazaya Nine,Slash,,,,,,,1000,
539553,Portgas.D.Ace (CS 2023 Event Pack Finalist Ver.),PortgasDAce CS 2023 Event Pack Finalist Ver,https://tcgplayer-cdn.tcgplayer.com/product/539553_200w.jpg,68,17675,https://cpt.tcgcsv.com/5Rk6,2024-02-21T16:17:04.653,0,PR,P-028,[Double Attack] <em>(This card deals 2 damage.)</em>,Red,Character,5,6000,Whitebeard Pirates,Special,,,,,,,,
539554,Monkey.D.Luffy (CS 2023 Event Pack Finalist Ver.),MonkeyDLuffy CS 2023 Event Pack Finalist Ver,https://tcgplayer-cdn.tcgplayer.com/product/539554_200w.jpg,68,17675,https://cpt.tcgcsv.com/6Rk6,2024-02-21T16:17:38.667,0,PR,P-033,[Activate:Main] <strong>You may place this Character at the bottom of the owner's deck</strong>: Draw 1 card.,Blue,Character,4,5000,Straw Hat Crew,Strike,,,,,,,1000,
539555,Jinbe (CS 2023 Event Pack Finalist Ver.),Jinbe CS 2023 Event Pack Finalist Ver,https://tcgplayer-cdn.tcgplayer.com/product/539555_200w.jpg,68,17675,https://cpt.tcgcsv.com/7Rk6,2024-02-21T16:18:06.96,0,PR,P-030,[On K.O.] Place up to 1 Character with a cost of 4 or less at the bottom of the owner's deck.,Blue,Character,4,5000,Fish-Man;The Seven Warlords of the Sea;The Sun Pirates,Strike,,,,,,,1000,
539556,General Franky (CS 2023 Event Pack Finalist Ver.),General Franky CS 2023 Event Pack Finalist Ver,https://tcgplayer-cdn.tcgplayer.com/product/539556_200w.jpg,68,17675,https://cpt.tcgcsv.com/8Rk6,2024-02-21T16:18:32.237,0,PR,P-027,"Also treat this card's name as [Franky] according to the rules.
<br>
[Opponent's Turn] All of your Characters with 3000 base power or less gain +1000 power.",Red,Character,2,4000,Straw Hat Crew,Ranged,,,,,,,,
539557,Bartolomeo (CS 2023 Event Pack Finalist Ver.),Bartolomeo CS 2023 Event Pack Finalist Ver,https://tcgplayer-cdn.tcgplayer.com/product/539557_200w.jpg,68,17675,https://cpt.tcgcsv.com/9Rk6,2024-02-21T16:18:55.793,0,PR,P-029,[End of Your Turn] <strong>You may rest this Character</strong>: Set up to 1 of your [FILM] type Characters other than [Bartolomeo] as active.,Green,Character,2,3000,FILM;Supernovas;Barto Club,Special,,,,,,,1000,
544613,Killer (Judge Pack Vol. 3),Killer Judge Pack Vol 3,https://tcgplayer-cdn.tcgplayer.com/product/544613_200w.jpg,68,17675,https://cpt.tcgcsv.com/hSm6,2024-06-28T13:17:56.473,1,UC,OP01-039,"[Blocker] <em>(After your opponent declares an attack, you may rest this card to make it the new target of the attack.)</em>
<br>
[DON!! x1] [On Block] If you have 3 or more Characters, draw 1 card.",Green,Character,2,2000,Kid Pirates;Supernovas,Slash,2.39,7.2,20.0,2.54,,Foil,1000,
544614,Pacifista (Judge Pack Vol. 3),Pacifista Judge Pack Vol 3,https://tcgplayer-cdn.tcgplayer.com/product/544614_200w.jpg,68,17675,https://cpt.tcgcsv.com/jSm6,2024-06-28T13:17:51.27,1,C,OP01-075,"Under the rules of this game, you may have any number of this card in your deck.
<br>
[Blocker] <em>(After your opponent declares an attack, you may rest this card to make it the new target of the attack.)</em>",Blue,Character,4,5000,Biological Weapon;Navy,Special,1.9,4.0,49.99,2.38,,Foil,,
544616,Shirley (Judge Pack Vol. 3),Shirley Judge Pack Vol 3,https://tcgplayer-cdn.tcgplayer.com/product/544616_200w.jpg,68,17675,https://cpt.tcgcsv.com/lSm6,2024-06-28T13:17:46.083,1,UC,OP03-104,"[Blocker] <em>(After your opponent declares an attack, you may rest this card to make it the new target of the attack.)</em>
<br>
[On Play] Look at up to 1 card from the top of your opponent's Life cards, and place it at the top or bottom of the Life cards.",Yellow,Character,3,3000,Merfolk,Wisdom,0.79,4.19,20.0,2.3,,Foil,1000,
544617,Spiderweb (Judge Pack Vol. 3),Spiderweb Judge Pack Vol 3,https://tcgplayer-cdn.tcgplayer.com/product/544617_200w.jpg,68,17675,https://cpt.tcgcsv.com/mSm6,2024-06-28T13:17:41.707,1,R,OP04-035,"[Counter] Up to 1 of your Leader or Character cards gains +4000 power during this battle. Then, set up to 1 of your Characters as active.
<br>
[Trigger] Up to 1 of your Leader gains +2000 power during this turn.",Green,Event,2,,Donquixote Pirates;The Seven Warlords of the Sea,,2.72,5.85,20.0,2.72,,Foil,,
544618,Ulti (Judge Pack Vol. 3),Ulti Judge Pack Vol 3,https://tcgplayer-cdn.tcgplayer.com/product/544618_200w.jpg,68,17675,https://cpt.tcgcsv.com/nSm6,2024-06-28T13:17:37.193,1,R,OP04-043,[DON!! x1] [When Attacking] Return up to 1 Character with a cost of 2 or less to the owner's hand or the bottom of their deck.,Blue,Character,3,4000,Animal Kingdom Pirates,Strike,1.47,5.0,20.0,1.62,,Foil,1000,
544619,Bartolomeo (Judge Pack Vol. 3),Bartolomeo Judge Pack Vol 3,https://tcgplayer-cdn.tcgplayer.com/product/544619_200w.jpg,68,17675,https://cpt.tcgcsv.com/pSm6,2024-06-28T13:17:32.143,1,R,OP04-089,"[Blocker] <em>(After your opponent declares an attack, you may rest this card to make it the new target of the attack.)</em>",Black,Character,3,3000,Dressrosa;Barto Club,Special,3.99,5.52,20.0,3.01,,Foil,2000,
544620,Pell (Judge Pack Vol. 3),Pell Judge Pack Vol 3,https://tcgplayer-cdn.tcgplayer.com/product/544620_200w.jpg,68,17675,https://cpt.tcgcsv.com/qSm6,2024-06-28T13:17:27.437,1,C,OP05-014,[DON!! x1] [When Attacking] Give up to 1 of your opponent's Characters -2000 power during this turn.,Red,Character,3,4000,Alabasta,Slash,6.2,7.46,23.77,0.89,,Foil,1000,
544621,Belo Betty (Judge Pack Vol. 3),Belo Betty Judge Pack Vol 3,https://tcgplayer-cdn.tcgplayer.com/product/544621_200w.jpg,68,17675,https://cpt.tcgcsv.com/rSm6,2024-06-28T13:17:22.793,1,R,OP05-015,"[On Play] Look at 5 cards from the top of your deck; reveal up to 1 [Revolutionary Army] type card other than [Belo Betty] and add it to your hand. Then, place the rest at the bottom of your deck in any order.",Red,Character,1,2000,Revolutionary Army,Special,2.25,4.99,20.0,3.84,,Foil,1000,
544622,Zoro-Juurou (Judge Pack Vol. 3),Zoro Juurou Judge Pack Vol 3,https://tcgplayer-cdn.tcgplayer.com/product/544622_200w.jpg,68,17675,https://cpt.tcgcsv.com/sSm6,2024-06-28T13:17:18.033,1,R,OP05-067,"[When Attacking] If you have 3 or less Life cards, add up to 1 DON!! card from your DON!! deck and set it as active.",Purple,Character,3,4000,Straw Hat Crew,Slash,32.98,44.3,200.0,46.26,,Foil,1000,
544623,Miss Doublefinger(Zala) (Judge Pack Vol. 3),Miss DoublefingerZala Judge Pack Vol 3,https://tcgplayer-cdn.tcgplayer.com/product/544623_200w.jpg,68,17675,https://cpt.tcgcsv.com/tSm6,2024-06-28T13:17:13.687,1,UC,OP05-073,"[On Play] <strong>You may trash 1 card from your hand</strong>: Add up to 1 DON!! card from your DON!! deck and rest it.
<br>
[Trigger] DON!! -1 <em>(You may return the specified number of DON!! cards from your fiend to your DON!!",Purple,Character,4,4000,Baroque Works,Slash,1.99,4.95,20.0,3.25,,Foil,2000,
544624,Gedatsu (Judge Pack Vol. 3),Gedatsu Judge Pack Vol 3,https://tcgplayer-cdn.tcgplayer.com/product/544624_200w.jpg,68,17675,https://cpt.tcgcsv.com/vSm6,2024-06-28T13:17:09.6,1,R,OP05-102,[On Play] K.O. up to 1 of your opponent's Characters with a cost equal to or less than the number of your opponent's Life cards.,Yellow,Character,5,6000,Sky Island;Vassals,Strike,1.08,2.75,20.0,1.09,,Foil,1000,
544625,Hina (Judge Pack Vol. 3),Hina Judge Pack Vol 3,https://tcgplayer-cdn.tcgplayer.com/product/544625_200w.jpg,68,17675,https://cpt.tcgcsv.com/wSm6,2024-06-28T13:17:04.967,1,C,ST06-008,[On Play] Give up to 1 of your opponent's Characters -4 cost during this turn.,Black,Character,3,5000,Navy,Special,0.81,4.1,20.0,3.75,,Foil,,
544770,Monkey.D.Luffy (001) (Offline Regional 2024 Vol. 2) [Participant],MonkeyDLuffy 001 Offline Regional 2024 Vol 2 Participant,https://tcgplayer-cdn.tcgplayer.com/product/544770_200w.jpg,68,17675,https://cpt.tcgcsv.com/qWm6,2024-05-31T12:44:16.057,1,PR,P-001,"[DON!! x2]This Character gains [Rush].
<br>
<em>(This card can attack on the turn in which it is played.)</em>",Red,Character,6,7000,Straw Hat Crew;Supernovas,Strike,70.2,134.97,250.0,80.6,,Foil,,
544771,Monkey.D.Luffy (001) (Offline Regional 2024 Vol. 2) [Finalist],MonkeyDLuffy 001 Offline Regional 2024 Vol 2 Finalist,https://tcgplayer-cdn.tcgplayer.com/product/544771_200w.jpg,68,17675,https://cpt.tcgcsv.com/rWm6,2024-05-31T12:44:11.207,1,PR,P-001,"[DON!! x2]This Character gains [Rush].
<br>
<em>(This card can attack on the turn in which it is played.)</em>",Red,Character,6,7000,Straw Hat Crew;Supernovas,Strike,750.0,750.0,750.0,685.0,,Foil,,
544772,Monkey.D.Luffy (001) (Offline Regional 2024 Vol. 2) [Winner],MonkeyDLuffy 001 Offline Regional 2024 Vol 2 Winner,https://tcgplayer-cdn.tcgplayer.com/product/544772_200w.jpg,68,17675,https://cpt.tcgcsv.com/sWm6,2024-05-31T12:44:06.93,1,PR,P-001,"[DON!! x2]This Character gains [Rush].
<br>
<em>(This card can attack on the turn in which it is played.)</em>",Red,Character,6,7000,Straw Hat Crew;Supernovas,Strike,,,,,,,,
544773,Monkey.D.Luffy (001) (Online Regional 2024 Vol. 2) [Participant],MonkeyDLuffy 001 Online Regional 2024 Vol 2 Participant,https://tcgplayer-cdn.tcgplayer.com/product/544773_200w.jpg,68,17675,https://cpt.tcgcsv.com/tWm6,2024-05-31T12:43:16.713,1,PR,P-001,"[DON!! x2]This Character gains [Rush].
<br>
<em>(This card can attack on the turn in which it is played.)</em>",Red,Character,6,7000,Straw Hat Crew;Supernovas,Strike,124.95,179.89,500.0,110.35,,Foil,,
544774,Monkey.D.Luffy (001) (Online Regional 2024 Vol. 2) [Finalist],MonkeyDLuffy 001 Online Regional 2024 Vol 2 Finalist,https://tcgplayer-cdn.tcgplayer.com/product/544774_200w.jpg,68,17675,https://cpt.tcgcsv.com/vWm6,2024-05-31T12:43:11.903,1,PR,P-001,"[DON!! x2]This Character gains [Rush].
<br>
<em>(This card can attack on the turn in which it is played.)</em>",Red,Character,6,7000,Straw Hat Crew;Supernovas,Strike,1000.0,1000.0,1000.0,599.66,,Foil,,
544775,Monkey.D.Luffy (001) (Online Regional 2024 Vol. 2) [Winner],MonkeyDLuffy 001 Online Regional 2024 Vol 2 Winner,https://tcgplayer-cdn.tcgplayer.com/product/544775_200w.jpg,68,17675,https://cpt.tcgcsv.com/wWm6,2024-05-31T12:43:07.933,1,PR,P-001,"[DON!! x2]This Character gains [Rush].
<br>
<em>(This card can attack on the turn in which it is played.)</em>",Red,Character,6,7000,Straw Hat Crew;Supernovas,Strike,,,,,,,,
544776,"Eustass""Captain""Kid (Offline Regional 2024 Vol. 2) [Participant]",EustassCaptainKid Offline Regional 2024 Vol 2 Participant,https://tcgplayer-cdn.tcgplayer.com/product/544776_200w.jpg,68,17675,https://cpt.tcgcsv.com/xWm6,2024-05-31T12:44:01.36,1,PR,P-003,"[DON!! x2]This Character gains [Double Attack].
<br>
<em>(This card deals 2 damage.)</em>",Green,Character,3,4000,Kid Pirates;Supernovas,Special,14.99,17.97,34.98,10.06,,Foil,1000,
544777,"Eustass""Captain""Kid (Online Regional 2024 Vol. 2) [Participant]",EustassCaptainKid Online Regional 2024 Vol 2 Participant,https://tcgplayer-cdn.tcgplayer.com/product/544777_200w.jpg,68,17675,https://cpt.tcgcsv.com/zWm6,2024-05-31T12:43:03.757,1,PR,P-003,"[DON!! x2]This Character gains [Double Attack].
<br>
<em>(This card deals 2 damage.)</em>",Green,Character,3,4000,Kid Pirates;Supernovas,Special,14.86,26.0,40.19,10.36,,Foil,1000,
544778,"Eustass""Captain""Kid (Offline Regional 2024 Vol. 2) [Finalist]",EustassCaptainKid Offline Regional 2024 Vol 2 Finalist,https://tcgplayer-cdn.tcgplayer.com/product/544778_200w.jpg,68,17675,https://cpt.tcgcsv.com/BWm6,2024-05-31T12:43:55.01,1,PR,P-003,"[DON!! x2]This Character gains [Double Attack].
<br>
<em>(This card deals 2 damage.)</em>",Green,Character,3,4000,Kid Pirates;Supernovas,Special,129.99,174.39,500.0,87.62,,Foil,1000,
544779,"Eustass""Captain""Kid (Online Regional 2024 Vol. 2) [Finalist]",EustassCaptainKid Online Regional 2024 Vol 2 Finalist,https://tcgplayer-cdn.tcgplayer.com/product/544779_200w.jpg,68,17675,https://cpt.tcgcsv.com/CWm6,2025-07-05T14:24:16.92,1,PR,P-003,"[DON!! x2]This Character gains [Double Attack].
<br>
<em>(This card deals 2 damage.)</em>",Green,Character,3,4000,Kid Pirates;Supernovas,Special,319.95,499.99,500.98,150.0,,Foil,1000,
544780,"Eustass""Captain""Kid (Offline Regional 2024 Vol. 2) [Winner]",EustassCaptainKid Offline Regional 2024 Vol 2 Winner,https://tcgplayer-cdn.tcgplayer.com/product/544780_200w.jpg,68,17675,https://cpt.tcgcsv.com/DWm6,2024-05-31T12:43:51.09,1,PR,P-003,"[DON!! x2]This Character gains [Double Attack].
<br>
<em>(This card deals 2 damage.)</em>",Green,Character,3,4000,Kid Pirates;Supernovas,Special,,,,,,,1000,
544781,"Eustass""Captain""Kid (Online Regional 2024 Vol. 2) [Winner]",EustassCaptainKid Online Regional 2024 Vol 2 Winner,https://tcgplayer-cdn.tcgplayer.com/product/544781_200w.jpg,68,17675,https://cpt.tcgcsv.com/FWm6,2024-05-31T12:42:57.287,1,PR,P-003,"[DON!! x2]This Character gains [Double Attack].
<br>
<em>(This card deals 2 damage.)</em>",Green,Character,3,4000,Kid Pirates;Supernovas,Special,,,,,,,1000,
544782,Monkey.D.Luffy (041) (Offline Regional 2024 Vol. 2) [Participant],MonkeyDLuffy 041 Offline Regional 2024 Vol 2 Participant,https://tcgplayer-cdn.tcgplayer.com/product/544782_200w.jpg,68,17675,https://cpt.tcgcsv.com/GWm6,2024-05-31T12:43:46.597,1,PR,P-041,,Purple,Character,10,12000,Straw Hat Crew;The Four Emperors,Strike,100.0,135.0,329.97,142.35,,Foil,1000,
544783,Monkey.D.Luffy (041) (Online Regional 2024 Vol. 2) [Participant],MonkeyDLuffy 041 Online Regional 2024 Vol 2 Participant,https://tcgplayer-cdn.tcgplayer.com/product/544783_200w.jpg,68,17675,https://cpt.tcgcsv.com/HWm6,2024-05-31T12:42:49.18,1,PR,P-041,,Purple,Character,10,12000,Straw Hat Crew;The Four Emperors,Strike,149.99,167.97,200.3,159.97,,Foil,1000,
544784,Monkey.D.Luffy (041) (Offline Regional 2024 Vol. 2) [Finalist],MonkeyDLuffy 041 Offline Regional 2024 Vol 2 Finalist,https://tcgplayer-cdn.tcgplayer.com/product/544784_200w.jpg,68,17675,https://cpt.tcgcsv.com/JWm6,2024-05-31T12:43:42.437,1,PR,P-041,,Purple,Character,10,12000,Straw Hat Crew;The Four Emperors,Strike,1000.0,1000.0,1000.0,847.98,,Foil,1000,
544785,Monkey.D.Luffy (041) (Online Regional 2024 Vol. 2) [Finalist],MonkeyDLuffy 041 Online Regional 2024 Vol 2 Finalist,https://tcgplayer-cdn.tcgplayer.com/product/544785_200w.jpg,68,17675,https://cpt.tcgcsv.com/KWm6,2024-05-31T12:42:30.213,1,PR,P-041,,Purple,Character,10,12000,Straw Hat Crew;The Four Emperors,Strike,,,,,,,1000,
544786,Monkey.D.Luffy (041) (Offline Regional 2024 Vol. 2) [Winner],MonkeyDLuffy 041 Offline Regional 2024 Vol 2 Winner,https://tcgplayer-cdn.tcgplayer.com/product/544786_200w.jpg,68,17675,https://cpt.tcgcsv.com/LWm6,2024-05-31T12:43:39.023,1,PR,P-041,,Purple,Character,10,12000,Straw Hat Crew;The Four Emperors,Strike,,,,,,,1000,
544787,Monkey.D.Luffy (041) (Online Regional 2024 Vol. 2) [Winner],MonkeyDLuffy 041 Online Regional 2024 Vol 2 Winner,https://tcgplayer-cdn.tcgplayer.com/product/544787_200w.jpg,68,17675,https://cpt.tcgcsv.com/MWm6,2024-05-31T12:42:24.207,1,PR,P-041,,Purple,Character,10,12000,Straw Hat Crew;The Four Emperors,Strike,,,,,,,1000,
544788,Trafalgar Law (Offline Regional 2024 Vol. 2) [Participant],Trafalgar Law Offline Regional 2024 Vol 2 Participant,https://tcgplayer-cdn.tcgplayer.com/product/544788_200w.jpg,68,17675,https://cpt.tcgcsv.com/NWm6,2024-05-31T12:43:34.963,1,PR,ST03-008,"[Blocker] <em>(After your opponent declares an attack, you may rest this card to make it the new target of the attack.)</em>",Blue,Character,1,1000,Heart Pirates;The Seven Warlords of the Sea,Slash,18.26,20.0,25.77,18.26,,Foil,,
544789,Trafalgar Law (Online Regional 2024 Vol. 2) [Participant],Trafalgar Law Online Regional 2024 Vol 2 Participant,https://tcgplayer-cdn.tcgplayer.com/product/544789_200w.jpg,68,17675,https://cpt.tcgcsv.com/PWm6,2024-05-31T12:42:20.88,1,PR,ST03-008,"[Blocker] <em>(After your opponent declares an attack, you may rest this card to make it the new target of the attack.)</em>",Blue,Character,1,1000,Heart Pirates;The Seven Warlords of the Sea,Slash,55.0,65.6,69.69,28.42,,Foil,,
544790,Trafalgar Law (Offline Regional 2024 Vol. 2) [Finalist],Trafalgar Law Offline Regional 2024 Vol 2 Finalist,https://tcgplayer-cdn.tcgplayer.com/product/544790_200w.jpg,68,17675,https://cpt.tcgcsv.com/QWm6,2024-05-31T12:43:30.993,1,PR,ST03-008,"[Blocker] <em>(After your opponent declares an attack, you may rest this card to make it the new target of the attack.)</em>",Blue,Character,1,1000,Heart Pirates;The Seven Warlords of the Sea,Slash,224.27,249.98,349.99,225.99,,Foil,,
544791,Trafalgar Law (Online Regional 2024 Vol. 2) [Finalist],Trafalgar Law Online Regional 2024 Vol 2 Finalist,https://tcgplayer-cdn.tcgplayer.com/product/544791_200w.jpg,68,17675,https://cpt.tcgcsv.com/RWm6,2024-05-31T12:42:16.58,1,PR,ST03-008,"[Blocker] <em>(After your opponent declares an attack, you may rest this card to make it the new target of the attack.)</em>",Blue,Character,1,1000,Heart Pirates;The Seven Warlords of the Sea,Slash,494.99,497.49,499.99,194.19,,Foil,,
544792,Trafalgar Law (Offline Regional 2024 Vol. 2) [Winner],Trafalgar Law Offline Regional 2024 Vol 2 Winner,https://tcgplayer-cdn.tcgplayer.com/product/544792_200w.jpg,68,17675,https://cpt.tcgcsv.com/SWm6,2024-05-31T12:43:27.257,1,PR,ST03-008,"[Blocker] <em>(After your opponent declares an attack, you may rest this card to make it the new target of the attack.)</em>",Blue,Character,1,1000,Heart Pirates;The Seven Warlords of the Sea,Slash,,,,,,,,
544793,Trafalgar Law (Online Regional 2024 Vol. 2) [Winner],Trafalgar Law Online Regional 2024 Vol 2 Winner,https://tcgplayer-cdn.tcgplayer.com/product/544793_200w.jpg,68,17675,https://cpt.tcgcsv.com/TWm6,2024-05-31T12:42:11.6,1,PR,ST03-008,"[Blocker] <em>(After your opponent declares an attack, you may rest this card to make it the new target of the attack.)</em>",Blue,Character,1,1000,Heart Pirates;The Seven Warlords of the Sea,Slash,,,,,,,,
544794,Trafalgar Law (Event Pack Vol. 4),Trafalgar Law Event Pack Vol 4,https://tcgplayer-cdn.tcgplayer.com/product/544794_200w.jpg,68,17675,https://cpt.tcgcsv.com/VWm6,2024-05-31T12:41:11.41,1,PR,P-038,[On Play]<strong>You may rest your 1 Leader</strong>: K.O. up to 1 of your opponent's Characters with a cost of 1 or less.,Black,Character,4,5000,Heart Pirates;Dressrosa,Slash,2.45,3.75,90.0,3.44,,Foil,1000,
544795,Sabo (Event Pack Vol. 4),Sabo Event Pack Vol 4,https://tcgplayer-cdn.tcgplayer.com/product/544795_200w.jpg,68,17675,https://cpt.tcgcsv.com/WWm6,2024-05-31T12:41:06.86,1,PR,P-044,"[DON!! x1] If you have 4 or less cards in your hand, this Character gains +2000 power.",Red,Character,3,4000,Revolutionary Army,Special,1.97,2.45,42.0,2.13,,Foil,1000,
544796,Jinbe (Event Pack Vol. 4),Jinbe Event Pack Vol 4,https://tcgplayer-cdn.tcgplayer.com/product/544796_200w.jpg,68,17675,https://cpt.tcgcsv.com/XWm6,2024-05-31T12:41:03.59,1,PR,P-063,[On Play] Rest up to 1 of your opponent's Characters with a cost of 1 or less.,Green,Character,4,5000,Fish-Man,Strike,0.4,1.0,28.88,0.71,,Foil,2000,
544797,Kouzuki Momonosuke (Event Pack Vol. 4),Kouzuki Momonosuke Event Pack Vol 4,https://tcgplayer-cdn.tcgplayer.com/product/544797_200w.jpg,68,17675,https://cpt.tcgcsv.com/ZWm6,2024-05-31T12:40:59.593,1,PR,P-064,,Yellow,Character,6,8000,Land of Wano;Kouzuki Clan,Special,2.65,4.99,70.99,2.41,,Foil,1000,
544798,Event Pack Vol. 4,Event Pack Vol 4,https://tcgplayer-cdn.tcgplayer.com/product/544798_200w.jpg,68,17675,https://cpt.tcgcsv.com/-Wm6,2024-05-31T12:40:56.05,1,,,,,,,,,,3.69,4.99,90.0,4.01,,Normal,,
544799,Judge Pack Vol. 3,Judge Pack Vol 3,https://tcgplayer-cdn.tcgplayer.com/product/544799_200w.jpg,68,17675,https://cpt.tcgcsv.com/_Wm6,2024-06-28T13:16:58.973,1,,,,,,,,,,20.0,24.0,50.0,11.77,,Normal,,
544800,Online Regional Participation Pack 2024 Vol. 2,Online Regional Participation Pack 2024 Vol 2,https://tcgplayer-cdn.tcgplayer.com/product/544800_200w.jpg,68,17675,https://cpt.tcgcsv.com/0Xm6,2024-05-31T12:41:31.797,1,,,,,,,,,,159.99,159.99,1000.0,143.99,,Normal,,
544801,Offline Regional Participation Pack 2024 Vol. 2,Offline Regional Participation Pack 2024 Vol 2,https://tcgplayer-cdn.tcgplayer.com/product/544801_200w.jpg,68,17675,https://cpt.tcgcsv.com/2Xm6,2024-05-31T12:41:36.307,1,,,,,,,,,,95.0,95.0,95.0,95.0,,Normal,,
544805,DON!! Card (3D Text),DON Card 3D Text,https://tcgplayer-cdn.tcgplayer.com/product/544805_200w.jpg,68,17675,https://cpt.tcgcsv.com/7Xm6,2024-05-03T12:30:49.85,1,DON!!,,,,DON!!,,,,,7.35,9.99,30.0,7.55,,Foil,,
545700,1st Anniversary DON!! Card Pack,1st Anniversary DON Card Pack,https://tcgplayer-cdn.tcgplayer.com/product/545700_200w.jpg,68,17675,https://cpt.tcgcsv.com/0jn6,2024-04-08T16:58:37.49,1,,,,,,,,,,44.99,50.0,100.0,30.74,,Normal,,
546666,Curly.Dadan (Premium Card Collection -Best Selection Vol. 1-),CurlyDadan Premium Card Collection Best Selection Vol 1,https://tcgplayer-cdn.tcgplayer.com/product/546666_200w.jpg,68,17675,https://cpt.tcgcsv.com/lHn6,2024-05-03T17:54:28.043,1,UC,OP02-005,"[On Play] Look at up to 5 cards from the top of your deck; reveal up to 1 red Character with a cost of 1 and add it to your hand. Then, place the rest at the bottom of your deck in any order.",Red,Character,2,3000,Mountain Bandits;Mountain Bandits,Slash,3.0,4.97,47.99,3.54,,Foil,1000,
546667,Tsuru (Premium Card Collection -Best Selection Vol. 1-),Tsuru Premium Card Collection Best Selection Vol 1,https://tcgplayer-cdn.tcgplayer.com/product/546667_200w.jpg,68,17675,https://cpt.tcgcsv.com/mHn6,2024-05-03T17:54:49.067,1,UC,OP02-106,[On Play] Give up to 1 of your opponent's Characters -2 cost during this turn.,Black,Character,1,0,Navy,Wisdom,1.22,2.77,40.0,1.69,,Foil,2000,
546668,Love-Love Mellow (Premium Card Collection -Best Selection Vol. 1-),Love Love Mellow Premium Card Collection Best Selection Vol 1,https://tcgplayer-cdn.tcgplayer.com/product/546668_200w.jpg,68,17675,https://cpt.tcgcsv.com/nHn6,2024-05-03T17:55:13.9,1,C,ST03-017,"[Counter] Up to 1 of your Leader or Character cards gains +4000 power during this battle. Then, draw 1 card if you have 3 or less cards in your hand.",Blue,Event,2,,Kuja Pirates;The Seven Warlords of the Sea,,32.73,44.99,9999.0,36.12,,Foil,,
546669,Nami (Premium Card Collection -Best Selection Vol. 1-),Nami Premium Card Collection Best Selection Vol 1,https://tcgplayer-cdn.tcgplayer.com/product/546669_200w.jpg,68,17675,https://cpt.tcgcsv.com/pHn6,2024-05-03T17:56:05.6,1,SR,OP02-036,"[On Play]/[When Attacking] (1) <em>(You may rest the specified number of DON!! cards in your cost area.)</em>: Look at 3 cards from the top of your deck; reveal up to 1 ""FILM"" type card other than [Nami] and add it to your hand. Then, place the rest at the bottom of your deck in any order.",Green,Character,3,5000,Straw Hat Crew,Special,42.99,58.82,9999.0,54.78,,Foil,,
546670,Charlotte Amande (Premium Card Collection -Best Selection Vol. 1-),Charlotte Amande Premium Card Collection Best Selection Vol 1,https://tcgplayer-cdn.tcgplayer.com/product/546670_200w.jpg,68,17675,https://cpt.tcgcsv.com/qHn6,2024-05-03T17:56:29.267,1,R,OP04-105,[Activate:Main] [Once Per Turn] <strong>You may trash 1 card with a [Trigger] from your hand</strong>: Rest up to 1 of your opponent's Characters with a cost of 2 or less.,Yellow,Character,3,3000,Big Mom Pirates,Slash,2.0,3.06,9999.0,2.67,,Foil,2000,
546671,Blast Breath (Premium Card Collection -Best Selection Vol. 1-),Blast Breath Premium Card Collection Best Selection Vol 1,https://tcgplayer-cdn.tcgplayer.com/product/546671_200w.jpg,68,17675,https://cpt.tcgcsv.com/rHn6,2024-05-03T17:56:59.28,1,C,ST04-016,[Counter] DON!! -1 <em>(You may return the specified number of DON!! cards from your field to your DON!! deck.)</em>: Up to 1 of your Leader or Character cards gains +4000 power during this battle.,Purple,Event,1,,Animal Kingdom Pirates;The Four Emperors,,3.48,5.35,9999.0,4.03,,Foil,,
546672,Pacifista (Premium Card Collection -Best Selection Vol. 1-),Pacifista Premium Card Collection Best Selection Vol 1,https://tcgplayer-cdn.tcgplayer.com/product/546672_200w.jpg,68,17675,https://cpt.tcgcsv.com/sHn6,2024-05-03T17:57:19.22,1,C,ST03-012,,Blue,Character,4,6000,Biological Weapon;Navy,Special,1.0,2.95,59.99,2.03,,Foil,1000,
546673,Radical Beam!! (Premium Card Collection -Best Selection Vol. 1-),Radical Beam Premium Card Collection Best Selection Vol 1,https://tcgplayer-cdn.tcgplayer.com/product/546673_200w.jpg,68,17675,https://cpt.tcgcsv.com/tHn6,2024-05-03T17:57:55.843,1,UC,OP01-029,"[Counter] Up to 1 of your Leader or Character cards gains +2000 power during this battle. Then, if you have 2 or less Life cards, that card gains an additional +2000 power.
<br><br>
<a href=""https://en.onepiece-cardgame.com/rules/errata_card/#group_20221111-17"">This card has been officially errata'd.</a>",Red,Event,1,,Straw Hat Crew,,4.76,9.68,49.99,5.81,,Foil,,
546674,Ice Age (Premium Card Collection -Best Selection Vol. 1-),Ice Age Premium Card Collection Best Selection Vol 1,https://tcgplayer-cdn.tcgplayer.com/product/546674_200w.jpg,68,17675,https://cpt.tcgcsv.com/vHn6,2024-05-03T17:58:54.517,1,UC,OP02-117,"[Main] Give up to 1 of your opponent's Characters -5 cost during this turn.
<br>
[Trigger] K.O. up to 1 of your opponent's Characters with a cost of 3 or less.",Black,Event,1,,Navy,,4.89,9.9,55.0,5.91,,Foil,,
546675,Buena Festa (Premium Card Collection -Best Selection Vol. 1-),Buena Festa Premium Card Collection Best Selection Vol 1,https://tcgplayer-cdn.tcgplayer.com/product/546675_200w.jpg,68,17675,https://cpt.tcgcsv.com/wHn6,2024-05-03T17:59:12.363,1,C,ST05-014,"[On Play] Look at 5 cards from the top of your deck; reveal up to 1 ""FILM"" type card other than [Buena Festa] and add it to your hand. Then, place the rest at the bottom of your deck in any order.",Purple,Character,1,0,The Pirates Fest,Wisdom,1.28,1.99,79.99,1.44,,Foil,2000,
546676,Paradise Waterfall (Premium Card Collection -Best Selection Vol. 1-),Paradise Waterfall Premium Card Collection Best Selection Vol 1,https://tcgplayer-cdn.tcgplayer.com/product/546676_200w.jpg,68,17675,https://cpt.tcgcsv.com/xHn6,2024-05-03T17:59:40.987,1,UC,OP01-057,"[Counter] Up to 1 of your Leader or Character cards gains +2000 power during this battle. Then, set up to 1 of your Characters as active.
<br>
[Trigger] K.O. up to 1 of your opponent's rested Characters with a cost of 4 or less.
<br><br>
<a href=""https://en.onepiece-cardgame.com/rules/errata_card/#group_20221111-39"">This card has been officially errata'd.</a>",Green,Event,1,,Land of Wano;Kouzuki Clan,,3.86,10.49,9999.0,4.76,,Foil,,
546677,Thunder Bolt (Premium Card Collection -Best Selection Vol. 1-),Thunder Bolt Premium Card Collection Best Selection Vol 1,https://tcgplayer-cdn.tcgplayer.com/product/546677_200w.jpg,68,17675,https://cpt.tcgcsv.com/zHn6,2024-05-03T17:59:55.637,1,C,OP03-121,"[Main] <strong>You may trash 1 card from the top of your Life cards</strong>: K.O. up to 1 of your opponent's Characters with a cost of 5 or less.
<br>
[Trigger] K.O. up to 1 of your opponent's Characters with a cost of 5 or less.",Yellow,Event,2,,The Four Emperors;Big Mom Pirates,,1.5,2.49,99.99,2.01,,Foil,,
546699,Edward.Newgate (Special Goods Set -Former Four Emperors-),EdwardNewgate Special Goods Set Former Four Emperors,https://tcgplayer-cdn.tcgplayer.com/product/546699_200w.jpg,68,17675,https://cpt.tcgcsv.com/_Hn6,2024-04-25T16:07:59.25,1,L,OP02-001,[End of Your Turn] Add 1 card from the top of your Life cards to your hand.,Red,Leader,,6000,The Four Emperors;Whitebeard Pirates,Special,38.98,53.68,89.95,41.48,,Foil,,6
546710,Monkey.D.Luffy (047) (Premium Card Collection -Live Action Edition-),MonkeyDLuffy 047 Premium Card Collection Live Action Edition,https://tcgplayer-cdn.tcgplayer.com/product/546710_200w.jpg,68,17675,https://cpt.tcgcsv.com/dJn6,2024-05-03T16:39:58.367,1,PR,P-047,[DON!! x1] [When Attacking] Draw 1 card if you have 3 or less cards in your hand.,Blue,Leader,,5000,Straw Hat Crew,Strike,30.72,39.59,499.99,31.15,,Foil,,5
546712,Nami (Premium Card Collection -Live Action Edition-),Nami Premium Card Collection Live Action Edition,https://tcgplayer-cdn.tcgplayer.com/product/546712_200w.jpg,68,17675,https://cpt.tcgcsv.com/gJn6,2024-05-03T16:32:11.04,1,PR,P-053,"[On Play] If you have 3 or less cards in your hand, return up to 1 of your opponent's Characters with a cost of 3 or less to the owner's hand.",Blue,Character,1,1000,Straw Hat Crew,Wisdom,27.84,31.41,499.99,31.61,,Foil,2000,
546713,Dracule Mihawk (Premium Card Collection -Live Action Edition-),Dracule Mihawk Premium Card Collection Live Action Edition,https://tcgplayer-cdn.tcgplayer.com/product/546713_200w.jpg,68,17675,https://cpt.tcgcsv.com/hJn6,2024-05-03T16:31:58.277,1,PR,P-052,"[DON!! x1] This Character cannot be K.O.'d in battle by ""Slash"" attribute cards.",Blue,Character,6,7000,The Seven Warlords of the Sea,Slash,4.2,5.0,499.99,4.89,,Foil,1000,
546715,Monkey.D.Luffy (055) (Premium Card Collection -Live Action Edition-),MonkeyDLuffy 055 Premium Card Collection Live Action Edition,https://tcgplayer-cdn.tcgplayer.com/product/546715_200w.jpg,68,17675,https://cpt.tcgcsv.com/kJn6,2024-05-03T16:30:03.73,1,PR,P-055,[On Play] <strong>You may trash 2 cards from your hand</strong>: Your opponent places 1 of their Characters at the bottom of the owner's deck.,Blue,Character,4,5000,Straw Hat Crew,Strike,13.95,16.0,499.99,14.77,,Foil,1000,
546716,Usopp (Premium Card Collection -Live Action Edition-),Usopp Premium Card Collection Live Action Edition,https://tcgplayer-cdn.tcgplayer.com/product/546716_200w.jpg,68,17675,https://cpt.tcgcsv.com/lJn6,2024-05-03T16:30:44.08,1,PR,P-049,[On Play] Look at 5 cards from the top of your deck and place them at the top or bottom of the deck in any order.,Blue,Character,2,3000,Straw Hat Crew,Ranged,4.21,5.47,229.99,4.68,,Foil,1000,
546717,Arlong (Premium Card Collection -Live Action Edition-),Arlong Premium Card Collection Live Action Edition,https://tcgplayer-cdn.tcgplayer.com/product/546717_200w.jpg,68,17675,https://cpt.tcgcsv.com/mJn6,2024-05-03T16:31:45.417,1,PR,P-048,"[DON!! x1] [When Attacking] If you have 4 or more Life cards, your opponent places 1 card from their hand at the bottom of their deck.",Blue,Character,3,4000,Fish-Man;Arlong Pirates,Slash,4.0,8.49,249.99,6.2,,Foil,1000,
546718,Roronoa Zoro (Premium Card Collection -Live Action Edition-),Roronoa Zoro Premium Card Collection Live Action Edition,https://tcgplayer-cdn.tcgplayer.com/product/546718_200w.jpg,68,17675,https://cpt.tcgcsv.com/nJn6,2024-05-03T16:31:23.607,1,PR,P-056,[On Play] (2) <em>(You may rest the specified number of DON!! cards in your cost area.)</em>: Return up to 1 Character with a cost of 5 or less to the owner's hand.,Blue,Character,4,6000,Straw Hat Crew,Slash,26.5,32.0,249.99,32.37,,Foil,,
546719,Sanji (Premium Card Collection -Live Action Edition-),Sanji Premium Card Collection Live Action Edition,https://tcgplayer-cdn.tcgplayer.com/product/546719_200w.jpg,68,17675,https://cpt.tcgcsv.com/pJn6,2024-05-03T16:31:06.907,1,PR,P-050,"[Blocker] <em>(After your opponent declares an attack, you may rest this card to make it the new target of the attack.)</em>
<br>
[DON!! x1] [Your Turn] If you have 3 or less cards in your hand, this Character gains +4000 power.",Blue,Character,3,2000,Straw Hat Crew,Strike,3.68,5.09,250.0,5.14,,Foil,1000,
546720,Shanks (Premium Card Collection -Live Action Edition-),Shanks Premium Card Collection Live Action Edition,https://tcgplayer-cdn.tcgplayer.com/product/546720_200w.jpg,68,17675,https://cpt.tcgcsv.com/qJn6,2024-05-03T16:30:28.18,1,PR,P-051,[When Attacking] You may trash any number of cards from your hand. This Character gains +1000 power during this battle for every card trashed.,Blue,Character,7,9000,Red-Haired Pirates,Slash,2.89,4.97,499.99,3.44,,Foil,,
546889,Uta Deck Battle Participation Pack (8 Cards),Uta Deck Battle Participation Pack 8 Cards,https://tcgplayer-cdn.tcgplayer.com/product/546889_200w.jpg,68,17675,https://cpt.tcgcsv.com/PMn6,2024-04-17T16:45:46.447,1,,,,,,,,,,10.0,15.99,26.0,11.18,,Normal,,
547692,Gift Collection 2023 Promotion Pack,Gift Collection 2023 Promotion Pack,https://tcgplayer-cdn.tcgplayer.com/product/547692_200w.jpg,68,17675,https://cpt.tcgcsv.com/S5p6,2024-04-23T13:52:56.367,1,,,,,,,,,,400.0,794.5,1499.99,183.28,,Normal,,
548394,Kouzuki Momonosuke (Tournament Pack Vol. 7),Kouzuki Momonosuke Tournament Pack Vol 7,https://tcgplayer-cdn.tcgplayer.com/product/548394_200w.jpg,68,17675,https://cpt.tcgcsv.com/Vmp6,2024-06-28T13:20:15.55,1,R,OP01-041,"[Activate:Main] (1) <em>(You may rest the specified number of DON!! cards in your cost area.)</em> <strong>You may rest this Character</strong>: Look at 5 cards from the top of your deck; reveal up to 1[Land of Wano] type card and add it to your hand. Then, place the rest at the bottom of your deck in any order.",Green,Character,1,0,Land of Wano;Kouzuki Clan,Slash,0.2,0.5,49.0,0.4,,Normal,1000,
548395,Kouzuki Momonosuke (Winner Pack Vol. 7),Kouzuki Momonosuke Winner Pack Vol 7,https://tcgplayer-cdn.tcgplayer.com/product/548395_200w.jpg,68,17675,https://cpt.tcgcsv.com/Wmp6,2024-06-28T13:19:28.427,1,R,OP01-041,"[Activate:Main] (1) <em>(You may rest the specified number of DON!! cards in your cost area.)</em> <strong>You may rest this Character</strong>: Look at 5 cards from the top of your deck; reveal up to 1[Land of Wano] type card and add it to your hand. Then, place the rest at the bottom of your deck in any order.",Green,Character,1,0,Land of Wano;Kouzuki Clan,Slash,4.5,5.48,27.0,5.83,,Foil,1000,
548434,Shura (Tournament Pack Vol. 7),Shura Tournament Pack Vol 7,https://tcgplayer-cdn.tcgplayer.com/product/548434_200w.jpg,68,17675,https://cpt.tcgcsv.com/Jnp6,2024-06-28T13:20:11.09,1,R,OP05-106,"[On Play] Look at 5 cards from the top of your deck; reveal up to 1 [Sky Island] type card other than [Shura] and add it to your hand. Then, place the rest at the bottom of your deck in any order.
<br>
[Trigger] Play this card.",Yellow,Character,2,2000,Sky Island;Vassals,Slash,0.25,0.92,2.2,0.91,,Normal,1000,
548435,Shura (Winner Pack Vol. 7),Shura Winner Pack Vol 7,https://tcgplayer-cdn.tcgplayer.com/product/548435_200w.jpg,68,17675,https://cpt.tcgcsv.com/Knp6,2024-06-28T13:19:23.36,1,R,OP05-106,"[On Play] Look at 5 cards from the top of your deck; reveal up to 1 [Sky Island] type card other than [Shura] and add it to your hand. Then, place the rest at the bottom of your deck in any order.
<br>
[Trigger] Play this card.",Yellow,Character,2,2000,Sky Island;Vassals,Slash,3.91,5.85,22.0,4.03,,Foil,1000,
548436,Trafalgar Law (Tournament Pack Vol. 7),Trafalgar Law Tournament Pack Vol 7,https://tcgplayer-cdn.tcgplayer.com/product/548436_200w.jpg,68,17675,https://cpt.tcgcsv.com/Lnp6,2024-06-28T13:20:06.197,1,PR,P-017,[On Play] Give up to 1 of your opponent's Characters -2000 power during this turn.,Red,Character,4,5000,FILM;Heart Pirates;Supernovas,Slash,0.15,0.45,9.88,0.43,,Normal,1000,
548437,Trafalgar Law (Winner Pack Vol. 7),Trafalgar Law Winner Pack Vol 7,https://tcgplayer-cdn.tcgplayer.com/product/548437_200w.jpg,68,17675,https://cpt.tcgcsv.com/Mnp6,2024-06-28T13:19:17.733,1,PR,P-017,[On Play] Give up to 1 of your opponent's Characters -2000 power during this turn.,Red,Character,4,5000,FILM;Heart Pirates;Supernovas,Slash,11.47,15.94,119.99,16.54,,Foil,1000,
548438,Bepo (Tournament Pack Vol. 7),Bepo Tournament Pack Vol 7,https://tcgplayer-cdn.tcgplayer.com/product/548438_200w.jpg,68,17675,https://cpt.tcgcsv.com/Nnp6,2024-06-28T13:20:01.17,1,PR,P-019,[DON!! x1][When Attacking] K.O. up to 1 of your opponent's Characters with 3000 power or less.,Red,Character,3,2000,FILM;Heart Pirates;Minks,Strike,0.2,0.5,25.0,0.46,,Normal,2000,
548439,Bepo (Winner Pack Vol. 7),Bepo Winner Pack Vol 7,https://tcgplayer-cdn.tcgplayer.com/product/548439_200w.jpg,68,17675,https://cpt.tcgcsv.com/Pnp6,2024-06-28T13:19:12.063,1,PR,P-019,[DON!! x1][When Attacking] K.O. up to 1 of your opponent's Characters with 3000 power or less.,Red,Character,3,2000,FILM;Heart Pirates;Minks,Strike,9.5,11.27,98.0,11.07,,Foil,2000,
548440,Tournament Pack Vol. 7,Tournament Pack Vol 7,https://tcgplayer-cdn.tcgplayer.com/product/548440_200w.jpg,68,17675,https://cpt.tcgcsv.com/Qnp6,2024-06-28T13:19:56.66,1,,,,,,,,,,1.68,2.49,6.0,2.0,,Normal,,
548441,Winner Pack Vol. 7,Winner Pack Vol 7,https://tcgplayer-cdn.tcgplayer.com/product/548441_200w.jpg,68,17675,https://cpt.tcgcsv.com/Rnp6,2024-06-28T13:19:04.2,1,,,,,,,,,,19.98,22.48,50.0,14.11,,Normal,,
548442,Sanji (Pirates Party Vol. 7),Sanji Pirates Party Vol 7,https://tcgplayer-cdn.tcgplayer.com/product/548442_200w.jpg,68,17675,https://cpt.tcgcsv.com/Snp6,2024-07-17T12:45:19.653,1,PR,P-068,[Activate:Main] <strong>You may trash this Character</strong>: Look at 5 cards from the top of your deck and place them at the top or bottom of the deck in any order.,Blue,Character,3,4000,The Vinsmoke Family;Kingdom of GERMA,Strike,0.25,0.99,15.88,0.6,,Normal,2000,
548444,Sakazuki (Pirates Party Vol. 7),Sakazuki Pirates Party Vol 7,https://tcgplayer-cdn.tcgplayer.com/product/548444_200w.jpg,68,17675,https://cpt.tcgcsv.com/Vnp6,2024-07-17T12:45:10.003,1,PR,P-076,[Activate:Main][Once Per Turn] <strong>You may trash 1 [Navy] type card from your hand</strong>: Give up to 1 of your opponent's Characters -1 cost during this turn.,Blue;Black,Leader,,5000,Navy,Special;Strike,0.25,1.0,15.5,0.77,,Normal,,4
552050,"Eustass""Captain""Kid (OP-07 Pre-Release Tournament)",EustassCaptainKid OP 07 Pre Release Tournament,https://tcgplayer-cdn.tcgplayer.com/product/552050_200w.jpg,68,17675,https://cpt.tcgcsv.com/0Rq6,2024-06-25T12:55:14.543,1,PR,P-067,"If this Character is rested, your opponent cannot attack any card other than the Character [Eustass""Captain""Kid].",Green,Character,5,6000,Kid Pirates;Supernovas,Special,3.0,4.74,23.99,3.59,,Normal,,
552051,"Eustass""Captain""Kid (OP-07 Pre-Release Tournament) [Winner]",EustassCaptainKid OP 07 Pre Release Tournament Winner,https://tcgplayer-cdn.tcgplayer.com/product/552051_200w.jpg,68,17675,https://cpt.tcgcsv.com/2Rq6,2024-06-25T12:55:09.227,1,PR,P-067,"If this Character is rested, your opponent cannot attack any card other than the Character [Eustass""Captain""Kid].",Green,Character,5,6000,Kid Pirates;Supernovas,Special,42.5,48.95,1000.0,31.15,,Foil,,
552131,Monkey.D.Luffy (Convention Promo 2024),MonkeyDLuffy Convention Promo 2024,https://tcgplayer-cdn.tcgplayer.com/product/552131_200w.jpg,68,17675,https://cpt.tcgcsv.com/FSq6,2024-08-13T12:55:30.363,1,PR,P-043,[On Play] Return up to 1 Character with a cost of 3 or less to the owner's hand.,Blue,Character,7,7000,Straw Hat Crew,Strike,90.0,99.98,500.0,96.45,,Normal,1000,
552131,Monkey.D.Luffy (Convention Promo 2024),MonkeyDLuffy Convention Promo 2024,https://tcgplayer-cdn.tcgplayer.com/product/552131_200w.jpg,68,17675,https://cpt.tcgcsv.com/FSq6,2024-08-13T12:55:30.363,1,PR,P-043,[On Play] Return up to 1 Character with a cost of 3 or less to the owner's hand.,Blue,Character,7,7000,Straw Hat Crew,Strike,370.0,450.09,625.0,468.09,,Foil,1000,
552137,Monkey.D.Luffy (Sealed Battle 2024 Vol. 2),MonkeyDLuffy Sealed Battle 2024 Vol 2,https://tcgplayer-cdn.tcgplayer.com/product/552137_200w.jpg,68,17675,https://cpt.tcgcsv.com/MSq6,2024-12-31T16:54:31.893,1,L,,"This Leader can only be used in designated events according to the rules.
<br>
This Leader is treated as a card with all card names, types, and attributes according to the rules.",Blue;Green;Purple;Red;Black;Yellow,Leader,,5000,Straw Hat Crew,Strike,0.5,1.0,25.0,0.73,,Normal,,5
552137,Monkey.D.Luffy (Sealed Battle 2024 Vol. 2),MonkeyDLuffy Sealed Battle 2024 Vol 2,https://tcgplayer-cdn.tcgplayer.com/product/552137_200w.jpg,68,17675,https://cpt.tcgcsv.com/MSq6,2024-12-31T16:54:31.893,1,L,,"This Leader can only be used in designated events according to the rules.
<br>
This Leader is treated as a card with all card names, types, and attributes according to the rules.",Blue;Green;Purple;Red;Black;Yellow,Leader,,5000,Straw Hat Crew,Strike,4.12,5.68,40.0,5.19,,Foil,,5
552138,Boa Hancock (Sealed Battle 2024 Vol. 2),Boa Hancock Sealed Battle 2024 Vol 2,https://tcgplayer-cdn.tcgplayer.com/product/552138_200w.jpg,68,17675,https://cpt.tcgcsv.com/NSq6,2024-07-29T15:18:31.957,1,PR,P-066,"[Your Turn] If you have 5 or less cards in your hand, all of your [Kuja Pirates] type Characters gain +1000 power.",Blue,Character,4,5000,Kuja Pirates;The Seven Warlords of the Sea,Special,200.0,239.6,1000.0,151.21,,Foil,1000,
552138,Boa Hancock (Sealed Battle 2024 Vol. 2),Boa Hancock Sealed Battle 2024 Vol 2,https://tcgplayer-cdn.tcgplayer.com/product/552138_200w.jpg,68,17675,https://cpt.tcgcsv.com/NSq6,2024-07-29T15:18:31.957,1,PR,P-066,"[Your Turn] If you have 5 or less cards in your hand, all of your [Kuja Pirates] type Characters gain +1000 power.",Blue,Character,4,5000,Kuja Pirates;The Seven Warlords of the Sea,Special,7.9,14.0,9999.0,9.46,,Normal,1000,
552709,Yamato (Treasure Cup),Yamato Treasure Cup,https://tcgplayer-cdn.tcgplayer.com/product/552709_200w.jpg,68,17675,https://cpt.tcgcsv.com/c6r6,2024-05-24T15:55:39.107,1,SEC,OP01-121,"Also treat this card's name as [Kouzuki Oden] according to the rules.
<br>
[Double Attack] <em>(This card deals 2 damage.)</em>
<br>
[Banish] <em>(When this card deals damage, the target card is trashed without activating its Trigger.)</em>",Green,Character,5,5000,Land of Wano,Strike,3500.0,4749.5,5999.0,1700.0,,Foil,1000,
557283,Monkey.D.Luffy (English Version 1st Anniversary Set),MonkeyDLuffy English Version 1st Anniversary Set,https://tcgplayer-cdn.tcgplayer.com/product/557283_200w.jpg,68,17675,https://cpt.tcgcsv.com/HWs6,2024-07-17T13:39:52.01,1,SR,ST10-006,"[Rush] <em>(This card can attack on the turn in which it is played.)</em>
<br>
[Once Per Turn] When your opponent activates a [Blocker], K.O. up to 1 of your opponent's Characters with 8000 power or less.",Red,Character,10,11000,Straw Hat Crew,Strike,1099.98,1300.0,2222.0,1438.32,,Foil,,
557284,Usopp (English Version 1st Anniversary Set),Usopp English Version 1st Anniversary Set,https://tcgplayer-cdn.tcgplayer.com/product/557284_200w.jpg,68,17675,https://cpt.tcgcsv.com/JWs6,2024-07-17T13:42:14.543,1,R,OP01-004,[DON!! x1] [Your Turn] [Once Per Turn] Draw 1 card when your opponent activates an Event.,Red,Character,2,3000,Straw Hat Crew,Ranged,106.5,184.99,999.0,174.35,,Foil,2000,
557285,Sanji (English Version 1st Anniversary Set),Sanji English Version 1st Anniversary Set,https://tcgplayer-cdn.tcgplayer.com/product/557285_200w.jpg,68,17675,https://cpt.tcgcsv.com/KWs6,2024-07-17T13:41:30.52,1,R,OP01-013,"[Activate:Main] [Once Per Turn] <strong>You may add 1 card from your Life area to your hand:</strong> This Character gains +2000 power during this turn. Then, give this Character up to 2 rested DON!! cards.",Red,Character,2,3000,Straw Hat Crew,Strike,180.0,229.01,600.0,234.3,,Foil,2000,
557286,Nami (English Version 1st Anniversary Set),Nami English Version 1st Anniversary Set,https://tcgplayer-cdn.tcgplayer.com/product/557286_200w.jpg,68,17675,https://cpt.tcgcsv.com/LWs6,2024-07-17T13:40:00.203,1,R,OP01-016,"[On Play] Look at 5 cards from the top of your deck; reveal up to 1 ""Straw Hat Crew"" type Character card other than [Nami] and add it to your hand. Then, place the rest at the bottom of your deck in any order.
<br><br>
<a href=""https://en.onepiece-cardgame.com/rules/errata_card/#group_20221111-10"">This card has been officially errata'd.</a>",Red,Character,1,2000,Straw Hat Crew,Special,550.0,579.99,1795.95,567.83,,Foil,2000,
557287,Brook (English Version 1st Anniversary Set),Brook English Version 1st Anniversary Set,https://tcgplayer-cdn.tcgplayer.com/product/557287_200w.jpg,68,17675,https://cpt.tcgcsv.com/MWs6,2024-07-17T13:39:03.497,1,C,ST01-011,[On Play] Give up to 2 rested DON!! cards to your Leader or 1 of your Characters.,Red,Character,2,3000,Straw Hat Crew,Slash,165.0,190.0,249.98,186.74,,Foil,2000,
557288,Roronoa Zoro (English Version 1st Anniversary Set),Roronoa Zoro English Version 1st Anniversary Set,https://tcgplayer-cdn.tcgplayer.com/product/557288_200w.jpg,68,17675,https://cpt.tcgcsv.com/NWs6,2024-07-17T13:41:23.843,1,SR,OP01-025,[Rush] <em>(This card can attack on the turn in which it is played.)</em>,Red,Character,3,5000,Straw Hat Crew;Supernovas,Slash,789.85,892.99,2500.0,789.85,,Foil,,
557289,Tony Tony.Chopper (English Version 1st Anniversary Set),Tony TonyChopper English Version 1st Anniversary Set,https://tcgplayer-cdn.tcgplayer.com/product/557289_200w.jpg,68,17675,https://cpt.tcgcsv.com/PWs6,2024-07-17T13:41:37.57,1,C,ST01-006,"[Blocker] <em>(After your opponent declares an attack, you may rest this card to make it the new target of the attack.)</em>",Red,Character,1,1000,Animal;Straw Hat Crew,Strike,749.99,824.99,1199.99,586.56,,Foil,,
557290,Jinbe (English Version 1st Anniversary Set),Jinbe English Version 1st Anniversary Set,https://tcgplayer-cdn.tcgplayer.com/product/557290_200w.jpg,68,17675,https://cpt.tcgcsv.com/QWs6,2024-07-17T13:39:41.43,1,C,ST10-005,[DON!! x1] [When Attacking] Give up to 1 of your opponent's Characters -2000 power during this turn.,Red,Character,2,2000,Fish-Man;Straw Hat Crew,Strike,90.99,142.49,250.0,141.09,,Foil,2000,
557291,Nico Robin (English Version 1st Anniversary Set),Nico Robin English Version 1st Anniversary Set,https://tcgplayer-cdn.tcgplayer.com/product/557291_200w.jpg,68,17675,https://cpt.tcgcsv.com/RWs6,2024-07-17T13:40:06.567,1,R,OP01-017,"[DON!! x1] [When Attacking] K.O. up to 1 of your opponent's Characters with 3000 power or less.
<br><br>
<a href=""https://en.onepiece-cardgame.com/rules/errata_card/#group_20221111-12"">This card has been officially errata'd.</a>",Red,Character,3,4000,Straw Hat Crew,Strike,426.0,460.0,800.0,464.12,,Foil,1000,
557292,Franky (English Version 1st Anniversary Set),Franky English Version 1st Anniversary Set,https://tcgplayer-cdn.tcgplayer.com/product/557292_200w.jpg,68,17675,https://cpt.tcgcsv.com/SWs6,2024-07-17T13:39:35.75,1,C,ST01-010,,Red,Character,4,6000,Straw Hat Crew,Strike,100.0,140.07,250.0,139.27,,Foil,1000,
557296,Monkey.D.Luffy (PSA Magazine),MonkeyDLuffy PSA Magazine,https://tcgplayer-cdn.tcgplayer.com/product/557296_200w.jpg,68,17675,https://cpt.tcgcsv.com/XWs6,2024-07-17T19:07:22.63,1,L,OP05-060,"[Activate:Main][Once Per Turn] <strong>You may add 1 card from the top of your Life cards to your hand</strong>: If you have 0 or 3 or more DON!! cards on your field, add up to 1 DON!! card from your DON!! deck and set it as active.",Purple,Leader,,5000,Straw Hat Crew,Strike,449.0,491.99,4200.0,381.07,,Foil,,5
558742,Welcome Pack Vol. 1,Welcome Pack Vol 1,https://tcgplayer-cdn.tcgplayer.com/product/558742_200w.jpg,68,17675,https://cpt.tcgcsv.com/Svt6,2024-11-25T21:40:45.967,1,,,,,,,,,,3.0,4.95,24.99,3.67,,Normal,,
561170,Kaido (Treasure Cup),Kaido Treasure Cup,https://tcgplayer-cdn.tcgplayer.com/product/561170_200w.jpg,68,17675,https://cpt.tcgcsv.com/qtv6,2024-07-25T14:18:53.737,1,SR,OP01-094,"[On Play] DON!! -6 <em>(You may return the specified number of DON!! cards from your field to your DON!! deck.)</em>: If your Leader has the ""Animal Kingdom Pirates"" type, K.O. all Characters other than this Character.",Purple,Character,10,12000,Animal Kingdom Pirates;The Four Emperors,Strike,,,,,,,,
561172,Charlotte Linlin (Championship 2024),Charlotte Linlin Championship 2024,https://tcgplayer-cdn.tcgplayer.com/product/561172_200w.jpg,68,17675,https://cpt.tcgcsv.com/stv6,2024-07-25T14:18:57.38,1,SR,OP03-114,"[On Play] If your Leader has the [Big Mom Pirates] type, add up to 1 card from the top of your deck to the top of your Life cards. Then, trash up to 1 card from the top of your opponent's Life cards.",Yellow,Character,10,12000,Big Mom Pirates,Special,4999.99,12500.0,20000.0,,,Foil,,
561183,Charlotte Katakuri (Championship 2024),Charlotte Katakuri Championship 2024,https://tcgplayer-cdn.tcgplayer.com/product/561183_200w.jpg,68,17675,https://cpt.tcgcsv.com/Htv6,2024-07-25T14:19:01.86,1,SEC,OP03-123,[On Play] Add up to 1 Character with a cost of 8 or less to the top or bottom of the owner's Life cards face-up.,Yellow,Character,8,8000,Big Mom Pirates,Strike,1699.0,1750.0,2000.0,,,Foil,,
561184,Charlotte Pudding (Championship 2024),Charlotte Pudding Championship 2024,https://tcgplayer-cdn.tcgplayer.com/product/561184_200w.jpg,68,17675,https://cpt.tcgcsv.com/Jtv6,2024-07-26T12:33:19.43,1,R,OP03-112,"[On Play] Look at 4 cards from the top of your deck; reveal up to 1 [Sanji] or [Big Mom Pirates] type card other than [Charlotte Pudding] and add it to your hand. Then, place the rest at the bottom of your deck in any order.",Yellow,Character,1,2000,Big Mom Pirates,Wisdom,650.0,1294.99,1850.0,502.32,,Foil,1000,
561185,Charlotte Linlin (Treasure Cup),Charlotte Linlin Treasure Cup,https://tcgplayer-cdn.tcgplayer.com/product/561185_200w.jpg,68,17675,https://cpt.tcgcsv.com/Ktv6,2024-07-26T12:32:33.727,1,SR,ST07-010,"[On Play] Your opponent chooses one:
<br>
• Trash 1 card from the top of your opponent's Life cards.
<br>
• Add 1 card from the top of your deck to the top of your Life cards.",Yellow,Character,7,8000,The Four Emperors;Big Mom Pirates,Special,1500.0,1500.0,1500.0,,,Foil,,
561656,DON!! Card (Monkey.D.Luffy) (2023 World Championship Finals),DON Card MonkeyDLuffy 2023 World Championship Finals,https://tcgplayer-cdn.tcgplayer.com/product/561656_200w.jpg,68,17675,https://cpt.tcgcsv.com/8Hv6,2024-07-30T19:40:16.563,1,PR,,,,DON!!,,,,,,,,,,,,
563709,Perona (Treasure Cup 2024),Perona Treasure Cup 2024,https://tcgplayer-cdn.tcgplayer.com/product/563709_200w.jpg,68,17675,https://cpt.tcgcsv.com/cvw6,2024-08-20T18:53:06.337,1,PR,OP06-093,"[On Play] If your opponent has 5 or more cards in their hand, choose one:
<br>• Your opponent trashes 1 card from their hand.
<br>• Give up to 1 of your opponent's Characters -3 cost during this turn.",Black,Character,4,5000,Thriller Bark Pirates,Special,,,,,,,2000,
564138,Uta - P-011 (Premium Card Collection -Uta-),Uta P 011 Premium Card Collection Uta,https://tcgplayer-cdn.tcgplayer.com/product/564138_200w.jpg,68,17675,https://cpt.tcgcsv.com/NGw6,2024-08-30T04:08:14.987,1,PR,P-011,[Activate:Main] [Once Per Turn] (1) <em>(You may rest the specified number of DON!! cards in your cost area)</em>: Up to 1 of your Characters with no base effect gains +2000 power during this turn.,Red,Leader,,5000,,Special,14.25,15.67,100.0,14.41,,Foil,,5
564139,Uta - ST08-002 (Premium Card Collection -Uta-),Uta ST08 002 Premium Card Collection Uta,https://tcgplayer-cdn.tcgplayer.com/product/564139_200w.jpg,68,17675,https://cpt.tcgcsv.com/PGw6,2024-08-30T04:08:14.987,1,SR,ST08-002,"This Character cannot be K.O.'d in battle by Leaders.
<br>
[Activate:Main] <strong>You may rest this Character</strong>: Give up to 1 of your opponent's Characters -2 cost during this turn.",Black,Character,2,3000,FILM,Special,15.77,25.86,9999.0,15.77,,Foil,,
564140,Uta - ST05-004 (Premium Card Collection -Uta-),Uta ST05 004 Premium Card Collection Uta,https://tcgplayer-cdn.tcgplayer.com/product/564140_200w.jpg,68,17675,https://cpt.tcgcsv.com/QGw6,2024-08-30T04:08:14.987,1,SR,ST05-004,"[Blocker] <em>(After your opponent declares an attack, you may rest this card to make it the new target of the attack.)</em>
<br>
[On Block] DON!! -1 <em>(You may return the specified number of DON!! cards from your field to your DON!! deck.): Rest up to 1 of your opponent's Characters with a cost of 5 or less.",Purple,Character,4,5000,,Special,19.49,20.0,40.0,18.44,,Foil,1000,
564141,Uta - P-031 (Premium Card Collection -Uta-),Uta P 031 Premium Card Collection Uta,https://tcgplayer-cdn.tcgplayer.com/product/564141_200w.jpg,68,17675,https://cpt.tcgcsv.com/RGw6,2024-08-30T04:08:14.987,1,PR,P-031,[On Play] Add up to 1 DON!! card from your DON!! deck and rest it.,Purple,Character,5,6000,,Special,11.0,14.0,49.99,13.4,,Foil,,
564142,Uta - OP01-005 (Premium Card Collection -Uta-),Uta OP01 005 Premium Card Collection Uta,https://tcgplayer-cdn.tcgplayer.com/product/564142_200w.jpg,68,17675,https://cpt.tcgcsv.com/SGw6,2024-08-30T04:08:14.987,1,R,OP01-005,[On Play] Add up to 1 red Character card other than [Uta] with a cost of 3 or less from your trash to your hand.,Red,Character,4,4000,,Special,53.89,90.0,2200.0,30.57,,Foil,,
564143,Uta - OP02-120 (Premium Card Collection -Uta-),Uta OP02 120 Premium Card Collection Uta,https://tcgplayer-cdn.tcgplayer.com/product/564143_200w.jpg,68,17675,https://cpt.tcgcsv.com/TGw6,2024-08-30T04:08:14.987,1,SEC,OP02-120,[On Play] DON!! -2 <em>(You may return the specified number of DON!! cards from your field to your DON!! deck.)</em>: Your Leader and all of your Characters gain +1000 power until the start of your next turn.,Purple,Character,8,8000,,Special,14.91,17.45,48.49,15.15,,Foil,,
564250,Monkey.D.Luffy (Premium Card Collection -BANDAI CARD GAMES Fest. 23-24 Edition-),MonkeyDLuffy Premium Card Collection BANDAI CARD GAMES Fest 23 24 Edition,https://tcgplayer-cdn.tcgplayer.com/product/564250_200w.jpg,68,17675,https://cpt.tcgcsv.com/0Kw6,2024-08-30T04:08:14.69,1,PR,P-001,[DON!! x2] This Character gains [Rush]. <em>(This card can attack on the turn in which it is played.)</em>,Red,Character,6,7000,Straw Hat Crew;Supernovas,Strike,47.9,60.36,300.0,57.32,,Foil,,
564251,Brook (Premium Card Collection -BANDAI CARD GAMES Fest. 23-24 Edition-),Brook Premium Card Collection BANDAI CARD GAMES Fest 23 24 Edition,https://tcgplayer-cdn.tcgplayer.com/product/564251_200w.jpg,68,17675,https://cpt.tcgcsv.com/2Kw6,2024-08-30T04:08:14.69,1,C,ST01-011,[On Play] Give up to 2 rested DON!! cards to your Leader or 1 of your Characters.,Red,Character,2,3000,Straw Hat Crew,Slash,13.0,19.44,24.99,14.67,,Foil,2000,
564252,Izo (Premium Card Collection -BANDAI CARD GAMES Fest. 23-24 Edition-),Izo Premium Card Collection BANDAI CARD GAMES Fest 23 24 Edition,https://tcgplayer-cdn.tcgplayer.com/product/564252_200w.jpg,68,17675,https://cpt.tcgcsv.com/3Kw6,2024-08-30T04:08:14.69,1,UC,OP01-033,[On Play] Rest up to 1 of your opponent's Characters with a cost of 4 or less.,Green,Character,3,3000,Former Whitebeard Pirates;Land of Wano,Ranged,0.88,2.55,40.0,1.32,,Foil,2000,
564253,Okiku (Premium Card Collection -BANDAI CARD GAMES Fest. 23-24 Edition-),Okiku Premium Card Collection BANDAI CARD GAMES Fest 23 24 Edition,https://tcgplayer-cdn.tcgplayer.com/product/564253_200w.jpg,68,17675,https://cpt.tcgcsv.com/5Kw6,2024-08-30T04:08:14.69,1,R,OP01-035,[DON!! x1] [When Attacking] [Once Per Turn] Rest up to 1 of your opponent's Characters with a cost of 5 or less.,Green,Character,3,5000,Land of Wano;The Akazaya Nine,Slash,2.75,3.94,40.0,3.02,,Foil,,
564254,Sentomaru (Premium Card Collection -BANDAI CARD GAMES Fest. 23-24 Edition-),Sentomaru Premium Card Collection BANDAI CARD GAMES Fest 23 24 Edition,https://tcgplayer-cdn.tcgplayer.com/product/564254_200w.jpg,68,17675,https://cpt.tcgcsv.com/6Kw6,2024-08-30T04:08:14.69,1,C,ST03-007,"[DON!! x1] [Activate: Main] [Once Per Turn] (2) <em>(You may rest the specified number of DON!! cards in your cost area.)</em>: Play up to 1 [Pacifista] with a cost of 4 or less from your deck, then shuffle your deck.",Blue,Character,3,4000,Navy,Slash,2.38,4.0,53.6,2.78,,Foil,1000,
564255,Jinbe (Premium Card Collection -BANDAI CARD GAMES Fest. 23-24 Edition-),Jinbe Premium Card Collection BANDAI CARD GAMES Fest 23 24 Edition,https://tcgplayer-cdn.tcgplayer.com/product/564255_200w.jpg,68,17675,https://cpt.tcgcsv.com/7Kw6,2024-08-30T04:08:14.69,1,PR,P-030,[On K.O.] Place up to 1 Character with a cost of 3 or less at the bottom of the owner's deck.,Blue,Character,4,5000,Fish-Man;The Seven Warlords of the Sea;The Sun Pirates,Strike,4.48,5.49,24.99,4.75,,Foil,1000,
564256,Tashigi (Premium Card Collection -BANDAI CARD GAMES Fest. 23-24 Edition-),Tashigi Premium Card Collection BANDAI CARD GAMES Fest 23 24 Edition,https://tcgplayer-cdn.tcgplayer.com/product/564256_200w.jpg,68,17675,https://cpt.tcgcsv.com/8Kw6,2024-08-30T04:08:14.69,1,C,ST06-006,[Activate:Main] <strong>You may rest this Character</strong>: Give up to 1 of your opponent's Characters -2 cost during this turn.,Black,Character,3,4000,Navy,Slash,2.99,4.98,19.99,4.12,,Foil,2000,
564257,Fukurou (Premium Card Collection -BANDAI CARD GAMES Fest. 23-24 Edition-),Fukurou Premium Card Collection BANDAI CARD GAMES Fest 23 24 Edition,https://tcgplayer-cdn.tcgplayer.com/product/564257_200w.jpg,68,17675,https://cpt.tcgcsv.com/9Kw6,2024-08-30T04:08:14.69,1,UC,OP03-088,"This Character cannot be K.O.'d by effects.
<br>
[Blocker] <em>(After your opponent declares an attack, you may rest this card to make it the new target of the attack.)</em>",Black,Character,3,3000,CP9,Strike,1.13,2.0,40.0,1.54,,Foil,1000,
564258,Jack (Premium Card Collection -BANDAI CARD GAMES Fest. 23-24 Edition-),Jack Premium Card Collection BANDAI CARD GAMES Fest 23 24 Edition,https://tcgplayer-cdn.tcgplayer.com/product/564258_200w.jpg,68,17675,https://cpt.tcgcsv.com/bKw6,2024-08-30T04:08:14.69,1,C,ST04-008,[On Play] You may trash 1 card from your hand: Add up to 1 DON!! card from your DON!! deck and set it as active.,Purple,Character,3,4000,Animal Kingdom Pirates,Strike,1.35,2.55,480.13,1.64,,Foil,1000,
564259,Black Maria (Premium Card Collection -BANDAI CARD GAMES Fest. 23-24 Edition-),Black Maria Premium Card Collection BANDAI CARD GAMES Fest 23 24 Edition,https://tcgplayer-cdn.tcgplayer.com/product/564259_200w.jpg,68,17675,https://cpt.tcgcsv.com/cKw6,2024-08-30T04:08:14.69,1,C,ST04-011,"[Blocker] <em>(After your opponent declares an attack, you may rest this card to make it the new target of the attack.)</em>",Purple,Character,2,2000,Animal Kingdom Pirates,Special,3.7,5.49,19.99,3.97,,Foil,1000,
564260,Sanji (Premium Card Collection -BANDAI CARD GAMES Fest. 23-24 Edition-),Sanji Premium Card Collection BANDAI CARD GAMES Fest 23 24 Edition,https://tcgplayer-cdn.tcgplayer.com/product/564260_200w.jpg,68,17675,https://cpt.tcgcsv.com/dKw6,2024-08-30T04:08:14.69,1,R,OP03-102,[DON!! x2] [When Attacking] <strong>You may add 1 card from the top or bottom of your Life cards to your hand</strong>: Add up to 1 card from the top of your deck to the top of your Life cards.,Yellow,Character,2,3000,The Vinsmoke Family,Strike,4.98,7.67,40.0,7.12,,Foil,2000,
564261,Shirahoshi (Premium Card Collection -BANDAI CARD GAMES Fest. 23-24 Edition-),Shirahoshi Premium Card Collection BANDAI CARD GAMES Fest 23 24 Edition,https://tcgplayer-cdn.tcgplayer.com/product/564261_200w.jpg,68,17675,https://cpt.tcgcsv.com/fKw6,2024-08-30T04:08:14.69,1,UC,OP03-116,"[On Play] Draw 3 cards and trash 2 cards from your hand.
<br>
[Trigger] Play this card.",Yellow,Character,5,0,Merfolk,Wisdom,7.99,9.69,19.99,8.55,,Foil,1000,
564531,Roronoa Zoro (Treasure Cup 2024),Roronoa Zoro Treasure Cup 2024,https://tcgplayer-cdn.tcgplayer.com/product/564531_200w.jpg,68,17675,https://cpt.tcgcsv.com/FQw6,2024-08-26T15:47:58.883,1,C,ST12-008,[DON!! x1][When Attacking] Rest up to 1 of your opponent's Characters with a cost of 6 or less.,Green,Character,4,6000,Straw Hat Crew,Slash,,,,,,,,
564532,Dracule Mihawk (Treasure Cup 2024),Dracule Mihawk Treasure Cup 2024,https://tcgplayer-cdn.tcgplayer.com/product/564532_200w.jpg,68,17675,https://cpt.tcgcsv.com/GQw6,2024-08-26T15:47:31.657,1,SR,OP01-070,[On Play] Place up to 1 Character with a cost of 7 or less at the bottom of the owner's deck.,Blue,Character,9,9000,The Seven Warlords of the Sea,Slash,,,,,,,,
565271,Perona (Store Treasure Cup 2024),Perona Store Treasure Cup 2024,https://tcgplayer-cdn.tcgplayer.com/product/565271_200w.jpg,68,17675,https://cpt.tcgcsv.com/r7x6,2024-08-26T13:15:48.457,1,PR,OP06-093,"[On Play] If your opponent has 5 or more cards in their hand, choose one:
<br>• Your opponent trashes 1 card from their hand.
<br>• Give up to 1 of your opponent's Characters -3 cost during this turn.",Black,Character,4,5000,Thriller Bark Pirates,Special,51.99,74.36,95.0,61.92,,Foil,2000,
565285,Treasure Booster Set,Treasure Booster Set,https://tcgplayer-cdn.tcgplayer.com/product/565285_200w.jpg,68,17675,https://cpt.tcgcsv.com/K7x6,2024-08-30T04:08:16.857,1,,,,,,,,,,190.98,223.69,500.0,209.46,,Normal,,
565288,Monkey.D.Luffy (Treasure Booster Set),MonkeyDLuffy Treasure Booster Set,https://tcgplayer-cdn.tcgplayer.com/product/565288_200w.jpg,68,17675,https://cpt.tcgcsv.com/N7x6,2024-08-30T04:08:16.857,1,SR,ST10-006,"[Rush] <em>(This card can attack on the turn in which it is played.)</em>
<br>
[Once Per Turn] When your opponent activates a [Blocker], K.O. up to 1 of your opponent's Characters with 8000 power or less.",Red,Character,10,11000,Straw Hat Crew,Strike,8.62,12.0,100.0,9.55,,Foil,,
566951,Premium Card Collection -Leader Collection-,Premium Card Collection Leader Collection,https://tcgplayer-cdn.tcgplayer.com/product/566951_200w.jpg,68,17675,https://cpt.tcgcsv.com/2Px6,2024-09-19T14:56:21.757,1,,,,,,,,,,306.0,426.0,679.99,298.41,,Normal,,
566952,Monkey.D.Luffy (Premium Card Collection -Leader Collection-),MonkeyDLuffy Premium Card Collection Leader Collection,https://tcgplayer-cdn.tcgplayer.com/product/566952_200w.jpg,68,17675,https://cpt.tcgcsv.com/3Px6,2024-09-14T13:41:36.98,1,L,ST13-003,"Your face-up Life cards are placed at the bottom of your deck instead of being added to your hand, according to the rules.
<br>
[DON!! x2][Activate: Main][Once Per Turn]<strong>You may trash 1 card from your hand</strong>: If you have 0 Life cards, add up to 2 Character cards with a cost of 5 from your hand or trash to the top of your Life cards face-up.",Yellow,Leader,,5000,Straw Hat Crew;Supernovas,Strike,166.99,178.15,500.0,184.71,,Foil,,4
566953,Portgas.D.Ace (Premium Card Collection -Leader Collection-),PortgasDAce Premium Card Collection Leader Collection,https://tcgplayer-cdn.tcgplayer.com/product/566953_200w.jpg,68,17675,https://cpt.tcgcsv.com/5Px6,2024-09-14T13:41:41.68,1,L,ST13-002,"[DON!! x2][Activate: Main][Once Per Turn] Look at 5 cards from the top of your deck and add up to 1 Character card with a cost of 5 to the top of your Life cards face-up. Then, place the rest at the bottom of your deck in any order.
<br>
[End of Your Turn] Trash all your face-up Life cards.",Blue;Yellow,Leader,,5000,Whitebeard Pirates,Special,47.68,57.99,205.0,64.0,,Foil,,4
567114,Sabo (Premium Card Collection -Leader Collection-),Sabo Premium Card Collection Leader Collection,https://tcgplayer-cdn.tcgplayer.com/product/567114_200w.jpg,68,17675,https://cpt.tcgcsv.com/jSx6,2024-09-14T13:41:51.617,1,L,ST13-001,[DON!! x1][Activate: Main][Once Per Turn] <strong>You may add 1 of your Characters with a cost of 3 or more and 7000 power or more to the top of your Life cards face-up</strong>: Up to 1 of your Characters gains +2000 power until the start of your next turn.,Red;Yellow,Leader,,5000,Revolutionary Army;Dressrosa,Special,21.0,28.78,64.95,28.3,,Foil,,4
567115,Kaido (Premium Card Collection -Leader Collection-),Kaido Premium Card Collection Leader Collection,https://tcgplayer-cdn.tcgplayer.com/product/567115_200w.jpg,68,17675,https://cpt.tcgcsv.com/kSx6,2024-09-14T13:41:31.693,1,L,ST04-001,[Activate: Main] [Once Per Turn] DON!! -7 <em>(You may return the specified number of DON!! cards from your field to your DON!! deck.)</em>: Trash up to 1 of your opponent's Life cards.,Purple,Leader,,5000,Animal Kingdom Pirates;The Four Emperors,Strike,31.0,43.47,100.0,33.73,,Foil,,5
567116,Crocodile (Premium Card Collection -Leader Collection-),Crocodile Premium Card Collection Leader Collection,https://tcgplayer-cdn.tcgplayer.com/product/567116_200w.jpg,68,17675,https://cpt.tcgcsv.com/lSx6,2024-09-14T13:41:21.203,1,L,ST03-001,[Activate: Main] [Once Per Turn] DON!! -4 <em>(You may return the specified number of DON!! cards from your field to your DON!! deck.)</em>: Return up to 1 Character with a cost of 5 or less to the owner's hand.,Blue,Leader,,5000,Baroque Works;The Seven Warlords of the Sea,Special,21.0,23.93,64.95,25.84,,Foil,,5
567117,"Eustass""Captain""Kid (Premium Card Collection -Leader Collection-)",EustassCaptainKid Premium Card Collection Leader Collection,https://tcgplayer-cdn.tcgplayer.com/product/567117_200w.jpg,68,17675,https://cpt.tcgcsv.com/mSx6,2024-09-14T13:41:26.41,1,L,ST02-001,[Activate: Main] [Once Per Turn] (3) <em>(You may rest the specified number of DON!! cards in your cost area.)</em> You may trash 1 card from your hand: Set this Leader as active.,Green,Leader,,5000,Kid Pirates;Supernovas,Special,16.54,20.91,74.95,23.96,,Foil,,5
577142,Marco (Two Legends Pre-Release),Marco Two Legends Pre Release,https://tcgplayer-cdn.tcgplayer.com/product/577142_200w.jpg,68,17675,https://cpt.tcgcsv.com/SSD6,2024-09-06T14:31:15.553,1,PR,P-071,[On K.O.] You may add this Character card to your hand.,Blue,Character,4,6000,Whitebeard Pirates,Special,0.32,0.5,5.0,0.41,,Normal,,
577143,Marco (Two Legends Pre-Release Winner),Marco Two Legends Pre Release Winner,https://tcgplayer-cdn.tcgplayer.com/product/577143_200w.jpg,68,17675,https://cpt.tcgcsv.com/TSD6,2024-09-06T14:31:56.563,1,PR,P-071,[On K.O.] You may add this Character card to your hand.,Blue,Character,4,6000,Whitebeard Pirates,Special,22.0,29.22,60.0,29.61,,Foil,,
579364,Yamato (Championship 2024 Finals Winner),Yamato Championship 2024 Finals Winner,https://tcgplayer-cdn.tcgplayer.com/product/579364_200w.jpg,68,17675,https://cpt.tcgcsv.com/jMF6,2024-09-14T14:12:27.933,1,SR,OP04-112,"[On Play] K.O. up to 1 of your opponent's Characters with a cost equal to or less than the total of your and your opponent's Life cards. Then, if you have 1 or less Life cards, add up to 1 card from the top of your deck to the top of your Life cards.",Yellow,Character,9,9000,Land of Wano,Strike,,,,,,,,
579365,Yamato (Championship 2024 Finals 2nd Place),Yamato Championship 2024 Finals 2nd Place,https://tcgplayer-cdn.tcgplayer.com/product/579365_200w.jpg,68,17675,https://cpt.tcgcsv.com/kMF6,2024-09-14T14:12:49.96,1,SR,OP04-112,"[On Play] K.O. up to 1 of your opponent's Characters with a cost equal to or less than the total of your and your opponent's Life cards. Then, if you have 1 or less Life cards, add up to 1 card from the top of your deck to the top of your Life cards.",Yellow,Character,9,9000,Land of Wano,Strike,,,,,,,,
579366,Yamato (Championship 2024 Finals 3rd Place),Yamato Championship 2024 Finals 3rd Place,https://tcgplayer-cdn.tcgplayer.com/product/579366_200w.jpg,68,17675,https://cpt.tcgcsv.com/lMF6,2024-09-14T14:13:07.987,1,SR,OP04-112,"[On Play] K.O. up to 1 of your opponent's Characters with a cost equal to or less than the total of your and your opponent's Life cards. Then, if you have 1 or less Life cards, add up to 1 card from the top of your deck to the top of your Life cards.",Yellow,Character,9,9000,Land of Wano,Strike,,,,,,,,
579367,Perona (Championship 2024 Finalist Card Set),Perona Championship 2024 Finalist Card Set,https://tcgplayer-cdn.tcgplayer.com/product/579367_200w.jpg,68,17675,https://cpt.tcgcsv.com/mMF6,2024-09-14T14:15:30.143,1,UC,OP01-077,[On Play] Look at 5 cards from the top of your deck and place them at the top or bottom of the deck in any order.,Blue,Character,1,2000,Thriller Bark Pirates,Special,,,,,,,1000,
579368,Gedatsu (Championship 2024 Finalist Card Set),Gedatsu Championship 2024 Finalist Card Set,https://tcgplayer-cdn.tcgplayer.com/product/579368_200w.jpg,68,17675,https://cpt.tcgcsv.com/nMF6,2024-09-14T14:16:14.237,1,R,OP05-102,[On Play] K.O. up to 1 of your opponent's Characters with a cost equal to or less than the number of your opponent's Life cards.,Yellow,Character,5,6000,Sky Island;Vassals,Strike,299.99,300.0,300.0,178.0,,Foil,1000,
579369,Camie (Championship 2024 Finalist Card Set),Camie Championship 2024 Finalist Card Set,https://tcgplayer-cdn.tcgplayer.com/product/579369_200w.jpg,68,17675,https://cpt.tcgcsv.com/pMF6,2024-09-14T14:17:01.493,1,R,OP06-025,"[On Play] Look at 4 cards from the top of your deck; reveal up to 1 ""Fish-Man"" or ""Merfolk"" type card other than [Camie] and add it to your hand. Then, place the rest at the bottom of your deck in any order.",Green,Character,1,2000,Merfolk,Wisdom,,,,,,,1000,
579370,Brook (Championship 2024 Finalist Card Set),Brook Championship 2024 Finalist Card Set,https://tcgplayer-cdn.tcgplayer.com/product/579370_200w.jpg,68,17675,https://cpt.tcgcsv.com/qMF6,2024-09-14T14:17:46.563,1,R,OP06-092,"[On Play] Choose one:
<br>• Trash up to 1 of your opponent's Characters with a cost of 4 or less. 
<br>• Your opponent places 3 cards from their trash at bottom of their deck in any order.",Black,Character,6,6000,Former Rumbar Pirates,Slash,1800.0,1800.0,1800.0,,,Foil,,
579371,Sanji (Championship 2024 Finalist Card Set),Sanji Championship 2024 Finalist Card Set,https://tcgplayer-cdn.tcgplayer.com/product/579371_200w.jpg,68,17675,https://cpt.tcgcsv.com/rMF6,2024-09-14T14:19:14.31,1,SR,OP07-064,"If the number of DON!! cards on your field is at least 2 less than the number on your opponent's field, give this card in your hand -3 cost.
<br>
[Blocker] <em>(After your opponent declares an attack, you may rest this card to make it the new target of the attack.)</em>",Purple,Character,6,6000,Straw Hat Crew,Strike,1424.0,1424.0,1424.0,600.0,,Foil,2000,
579372,Drum Kingdom (Championship 2024 Finalist Card Set),Drum Kingdom Championship 2024 Finalist Card Set,https://tcgplayer-cdn.tcgplayer.com/product/579372_200w.jpg,68,17675,https://cpt.tcgcsv.com/sMF6,2024-09-14T14:20:05.91,1,C,OP08-020,[Opponent's Turn] All of your [Drum Kingdom] type Characters gain +1000 power.,Red,Stage,1,,Drum Kingdom,,,,,,,,,
579373,Drum Kingdom (Championship 2024 Top Player Pack),Drum Kingdom Championship 2024 Top Player Pack,https://tcgplayer-cdn.tcgplayer.com/product/579373_200w.jpg,68,17675,https://cpt.tcgcsv.com/tMF6,2025-03-06T14:58:08.913,1,C,OP08-020,[Opponent's Turn] All of your [Drum Kingdom] type Characters gain +1000 power.,Red,Stage,1,,Drum Kingdom,,,,,,,,,
579374,Sanji (Championship 2024 Top Player Pack),Sanji Championship 2024 Top Player Pack,https://tcgplayer-cdn.tcgplayer.com/product/579374_200w.jpg,68,17675,https://cpt.tcgcsv.com/vMF6,2025-03-06T14:57:35.33,1,SR,OP07-064,"If the number of DON!! cards on your field is at least 2 less than the number on your opponent's field, give this card in your hand -3 cost.
<br>
[Blocker] <em>(After your opponent declares an attack, you may rest this card to make it the new target of the attack.)</em>",Purple,Character,6,6000,Straw Hat Crew,Strike,,,,,,,2000,
579375,Brook (Championship 2024 Top Player Pack),Brook Championship 2024 Top Player Pack,https://tcgplayer-cdn.tcgplayer.com/product/579375_200w.jpg,68,17675,https://cpt.tcgcsv.com/wMF6,2025-03-06T14:57:16.047,1,R,OP06-092,"[On Play] Choose one:
<br>• Trash up to 1 of your opponent's Characters with a cost of 4 or less. 
<br>• Your opponent places 3 cards from their trash at bottom of their deck in any order.",Black,Character,6,6000,Former Rumbar Pirates,Slash,1139.0,1139.0,1139.0,,,Foil,,
579376,Camie (Championship 2024 Top Player Pack),Camie Championship 2024 Top Player Pack,https://tcgplayer-cdn.tcgplayer.com/product/579376_200w.jpg,68,17675,https://cpt.tcgcsv.com/xMF6,2025-03-06T14:56:55.543,1,R,OP06-025,"[On Play] Look at 4 cards from the top of your deck; reveal up to 1 ""Fish-Man"" or ""Merfolk"" type card other than [Camie] and add it to your hand. Then, place the rest at the bottom of your deck in any order.",Green,Character,1,2000,Merfolk,Wisdom,,,,,,,1000,
579377,Gedatsu (Championship 2024 Top Player Pack),Gedatsu Championship 2024 Top Player Pack,https://tcgplayer-cdn.tcgplayer.com/product/579377_200w.jpg,68,17675,https://cpt.tcgcsv.com/zMF6,2025-03-06T14:56:36.63,1,R,OP05-102,[On Play] K.O. up to 1 of your opponent's Characters with a cost equal to or less than the number of your opponent's Life cards.,Yellow,Character,5,6000,Sky Island;Vassals,Strike,300.0,300.0,300.0,300.0,,Foil,1000,
579378,Perona (Championship 2024 Top Player Pack),Perona Championship 2024 Top Player Pack,https://tcgplayer-cdn.tcgplayer.com/product/579378_200w.jpg,68,17675,https://cpt.tcgcsv.com/BMF6,2025-03-06T14:56:19.847,1,UC,OP01-077,[On Play] Look at 5 cards from the top of your deck and place them at the top or bottom of the deck in any order.,Blue,Character,1,2000,Thriller Bark Pirates,Special,799.99,849.99,899.99,,,Foil,1000,
579379,Championship 2024 Top Player Pack,Championship 2024 Top Player Pack,https://tcgplayer-cdn.tcgplayer.com/product/579379_200w.jpg,68,17675,https://cpt.tcgcsv.com/CMF6,2024-09-14T14:31:35.977,1,,,,,,,,,,,,,,,,,
579982,Monet (CS 2024 Event Pack),Monet CS 2024 Event Pack,https://tcgplayer-cdn.tcgplayer.com/product/579982_200w.jpg,68,17675,https://cpt.tcgcsv.com/G_F6,2024-09-16T17:43:12.643,1,UC,OP05-036,"[Blocker] <em>(After your opponent declares an attack, you may rest this card to make it the new target of the attack.)</em>
<br>
[On Block] Rest up to 1 of your opponent's Characters with a cost of 4 or less.",Green,Character,3,1000,Donquixote Pirates,Special,11.54,17.99,35.0,11.54,,Foil,1000,
579983,Monkey.D.Luffy (CS 2024 Event Pack),MonkeyDLuffy CS 2024 Event Pack,https://tcgplayer-cdn.tcgplayer.com/product/579983_200w.jpg,68,17675,https://cpt.tcgcsv.com/H_F6,2024-09-16T17:43:05.157,1,SR,OP07-109,"[Activate: Main]<strong>You may trash this Character</strong>: If you have 2 or less Life cards, K.O. up to 1 of your opponent's Characters with a cost of 4 or less. Then, draw 1 card.
<br>
[Trigger] K.O. up to 1 of your opponent's Characters with a cost of 4 or less.",Yellow,Character,5,6000,Straw Hat Crew;The Four Emperors;Egghead,Strike,,,,,,,1000,
579984,Trafalgar Law - P-038 (CS 2024 Event Pack),Trafalgar Law P 038 CS 2024 Event Pack,https://tcgplayer-cdn.tcgplayer.com/product/579984_200w.jpg,68,17675,https://cpt.tcgcsv.com/J_F6,2024-09-16T17:42:57.213,1,PR,P-038,[On Play]<strong>You may rest your 1 Leader</strong>: K.O. up to 1 of your opponent's Characters with a cost of 1 or less.,Black,Character,4,5000,Heart Pirates;Dressrosa,Slash,29.2,31.5,75.0,28.73,,Foil,1000,
579985,Roronoa Zoro (CS 2024 Event Pack),Roronoa Zoro CS 2024 Event Pack,https://tcgplayer-cdn.tcgplayer.com/product/579985_200w.jpg,68,17675,https://cpt.tcgcsv.com/K_F6,2024-09-16T17:42:47.063,1,PR,P-042,[Trigger] K.O. up to 1 of your opponent's Characters with a cost of 4 or less.,Yellow,Character,4,5000,Land of Wano;Straw Hat Crew,Slash,174.97,219.99,500.0,237.47,,Foil,1000,
579986,Sabo (CS 2024 Event Pack),Sabo CS 2024 Event Pack,https://tcgplayer-cdn.tcgplayer.com/product/579986_200w.jpg,68,17675,https://cpt.tcgcsv.com/L_F6,2024-09-16T17:42:35.817,1,PR,P-044,"[DON!! x1] If you have 4 or less cards in your hand, this Character gains +2000 power.",Red,Character,3,4000,Revolutionary Army,Special,19.99,31.13,50.0,23.94,,Foil,1000,
579987,Yamato (CS 2024 Event Pack),Yamato CS 2024 Event Pack,https://tcgplayer-cdn.tcgplayer.com/product/579987_200w.jpg,68,17675,https://cpt.tcgcsv.com/M_F6,2024-09-16T17:42:15.21,1,PR,P-046,"[On Play] You may place all cards in your hand at the bottom of your deck in any order. If you do, draw cards equal to the number you placed at the bottom of your deck.",Purple,Character,1,2000,Land of Wano,Strike,99.99,145.02,474.99,103.0,,Foil,1000,
579988,Jinbe (CS 2024 Event Pack),Jinbe CS 2024 Event Pack,https://tcgplayer-cdn.tcgplayer.com/product/579988_200w.jpg,68,17675,https://cpt.tcgcsv.com/N_F6,2024-09-16T17:42:04.9,1,PR,P-063,[On Play] Rest up to 1 of your opponent's Characters with a cost of 1 or less.,Green,Character,4,5000,Fish-Man,Strike,8.29,9.98,34.99,7.85,,Foil,2000,
579989,Kouzuki Momonosuke (CS 2024 Event Pack),Kouzuki Momonosuke CS 2024 Event Pack,https://tcgplayer-cdn.tcgplayer.com/product/579989_200w.jpg,68,17675,https://cpt.tcgcsv.com/P_F6,2024-09-16T17:41:45.38,1,PR,P-064,,Yellow,Character,6,8000,Land of Wano;Kouzuki Clan,Special,31.79,34.79,79.95,22.89,,Foil,1000,
579990,Trafalgar Law - ST03-008 (CS 2024 Event Pack),Trafalgar Law ST03 008 CS 2024 Event Pack,https://tcgplayer-cdn.tcgplayer.com/product/579990_200w.jpg,68,17675,https://cpt.tcgcsv.com/Q_F6,2024-09-16T17:41:31.913,1,C,ST03-008,"[Blocker] <em>(After your opponent declares an attack, you may rest this card to make it the new target of the attack.)</em>",Blue,Character,1,1000,Heart Pirates;The Seven Warlords of the Sea,Slash,32.0,36.31,2400.0,35.86,,Foil,,
579991,CS 2024 Event Pack,CS 2024 Event Pack,https://tcgplayer-cdn.tcgplayer.com/product/579991_200w.jpg,68,17675,https://cpt.tcgcsv.com/R_F6,2024-09-16T17:46:26.48,1,,,,,,,,,,695.0,698.98,799.0,642.22,,Normal,,
580033,Monet (CS 2024 Event Pack Finalist),Monet CS 2024 Event Pack Finalist,https://tcgplayer-cdn.tcgplayer.com/product/580033_200w.jpg,68,17675,https://cpt.tcgcsv.com/H0G6,2024-09-16T18:57:43.543,1,UC,OP05-036,"[Blocker] <em>(After your opponent declares an attack, you may rest this card to make it the new target of the attack.)</em>
<br>
[On Block] Rest up to 1 of your opponent's Characters with a cost of 4 or less.",Green,Character,3,1000,Donquixote Pirates,Special,600.0,600.0,600.0,,,Foil,1000,
580034,Trafalgar Law - P-038 (CS 2024 Event Pack Finalist),Trafalgar Law P 038 CS 2024 Event Pack Finalist,https://tcgplayer-cdn.tcgplayer.com/product/580034_200w.jpg,68,17675,https://cpt.tcgcsv.com/J0G6,2024-09-16T18:58:19.84,1,PR,P-038,[On Play]<strong>You may rest your 1 Leader</strong>: K.O. up to 1 of your opponent's Characters with a cost of 1 or less.,Black,Character,4,5000,Heart Pirates;Dressrosa,Slash,,,,,,,1000,
580035,Roronoa Zoro (CS 2024 Event Pack Finalist),Roronoa Zoro CS 2024 Event Pack Finalist,https://tcgplayer-cdn.tcgplayer.com/product/580035_200w.jpg,68,17675,https://cpt.tcgcsv.com/K0G6,2024-09-16T18:58:50.453,1,PR,P-042,[Trigger] K.O. up to 1 of your opponent's Characters with a cost of 4 or less.,Yellow,Character,4,5000,Land of Wano;Straw Hat Crew,Slash,,,,,,,1000,
580036,Sabo (CS 2024 Event Pack Finalist),Sabo CS 2024 Event Pack Finalist,https://tcgplayer-cdn.tcgplayer.com/product/580036_200w.jpg,68,17675,https://cpt.tcgcsv.com/L0G6,2024-09-16T18:59:29.183,1,PR,P-044,"[DON!! x1] If you have 4 or less cards in your hand, this Character gains +2000 power.",Red,Character,3,4000,Revolutionary Army,Special,1600.0,1600.0,1600.0,,,Foil,1000,
580037,Yamato (CS 2024 Event Pack Finalist),Yamato CS 2024 Event Pack Finalist,https://tcgplayer-cdn.tcgplayer.com/product/580037_200w.jpg,68,17675,https://cpt.tcgcsv.com/M0G6,2024-09-16T19:00:04.617,1,PR,P-046,"[On Play] You may place all cards in your hand at the bottom of your deck in any order. If you do, draw cards equal to the number you placed at the bottom of your deck.",Purple,Character,1,2000,Land of Wano,Strike,,,,,,,1000,
580038,Jinbe (CS 2024 Event Pack Finalist),Jinbe CS 2024 Event Pack Finalist,https://tcgplayer-cdn.tcgplayer.com/product/580038_200w.jpg,68,17675,https://cpt.tcgcsv.com/N0G6,2024-09-16T19:00:55.11,1,PR,P-063,[On Play] Rest up to 1 of your opponent's Characters with a cost of 1 or less.,Green,Character,4,5000,Fish-Man,Strike,499.0,574.5,650.0,300.0,,Foil,2000,
580039,Kouzuki Momonosuke (CS 2024 Event Pack Finalist),Kouzuki Momonosuke CS 2024 Event Pack Finalist,https://tcgplayer-cdn.tcgplayer.com/product/580039_200w.jpg,68,17675,https://cpt.tcgcsv.com/P0G6,2024-09-16T19:01:55.217,1,PR,P-064,,Yellow,Character,6,8000,Land of Wano;Kouzuki Clan,Special,1500.0,1500.0,1500.0,541.67,,Foil,1000,
580040,Trafalgar Law - ST03-008 (CS 2024 Event Pack Finalist),Trafalgar Law ST03 008 CS 2024 Event Pack Finalist,https://tcgplayer-cdn.tcgplayer.com/product/580040_200w.jpg,68,17675,https://cpt.tcgcsv.com/Q0G6,2024-09-16T19:03:42.923,1,C,ST03-008,"[Blocker] <em>(After your opponent declares an attack, you may rest this card to make it the new target of the attack.)</em>",Blue,Character,1,1000,Heart Pirates;The Seven Warlords of the Sea,Slash,,,,,,,,
580041,CS 2024 Event Pack Finalist Ver.,CS 2024 Event Pack Finalist Ver,https://tcgplayer-cdn.tcgplayer.com/product/580041_200w.jpg,68,17675,https://cpt.tcgcsv.com/R0G6,2024-09-16T19:06:10.927,1,,,,,,,,,,,,,,,,,
580042,Kouzuki Momonosuke (CS 2024 Celebration Pack),Kouzuki Momonosuke CS 2024 Celebration Pack,https://tcgplayer-cdn.tcgplayer.com/product/580042_200w.jpg,68,17675,https://cpt.tcgcsv.com/S0G6,2024-09-16T19:08:05.35,1,R,OP01-041,"[Activate:Main] (1) <em>(You may rest the specified number of DON!! cards in your cost area)</em> <strong>You may rest this Character:</strong> Look at 5 cards from the top of your deck; reveal up to 1 ""Land of Wano"" type card and add it to your hand. Then, place the rest at the bottom of your deck in any order.
<br><br>
<a href=""https://en.onepiece-cardgame.com/rules/errata_card/#group_20221111-26"">This card has been officially errata'd.</a>",Green,Character,1,0,Land of Wano;Kouzuki Clan,Slash,17.59,21.21,24.0,15.57,,Foil,1000,
580043,Hatchan (CS 2024 Celebration Pack),Hatchan CS 2024 Celebration Pack,https://tcgplayer-cdn.tcgplayer.com/product/580043_200w.jpg,68,17675,https://cpt.tcgcsv.com/T0G6,2024-09-16T19:08:42.953,1,UC,OP03-033,"[Trigger] If your Leader has the [East Blue] type, play this card.",Green,Character,4,4000,Fish-Man;Arlong Pirates;East Blue,Slash,8.18,13.99,80.0,9.59,,Foil,2000,
580044,Kaya (CS 2024 Celebration Pack),Kaya CS 2024 Celebration Pack,https://tcgplayer-cdn.tcgplayer.com/product/580044_200w.jpg,68,17675,https://cpt.tcgcsv.com/V0G6,2024-09-16T19:09:24.73,1,R,OP03-044,[On Play] Draw 2 cards and trash 2 cards from your hand.,Blue,Character,1,0,East Blue,Wisdom,24.7,26.9,59.98,29.09,,Foil,2000,
580045,Fukurou (CS 2024 Celebration Pack),Fukurou CS 2024 Celebration Pack,https://tcgplayer-cdn.tcgplayer.com/product/580045_200w.jpg,68,17675,https://cpt.tcgcsv.com/W0G6,2024-09-16T19:10:09.483,1,UC,OP03-088,"This Character cannot be K.O.'d by effects.
<br>
[Blocker] <em>(After your opponent declares an attack, you may rest this card to make it the new target of the attack.)</em>",Black,Character,3,3000,CP9,Strike,25.0,30.53,36.05,10.65,,Foil,1000,
580046,Shirahoshi (CS 2024 Celebration Pack),Shirahoshi CS 2024 Celebration Pack,https://tcgplayer-cdn.tcgplayer.com/product/580046_200w.jpg,68,17675,https://cpt.tcgcsv.com/X0G6,2024-09-16T19:12:11.227,1,UC,OP03-116,"[On Play] Draw 3 cards and trash 2 cards from your hand.
<br>
[Trigger] Play this card.",Yellow,Character,5,0,Merfolk,Wisdom,84.15,92.07,99.98,31.75,,Foil,1000,
580047,Shura (CS 2024 Celebration Pack),Shura CS 2024 Celebration Pack,https://tcgplayer-cdn.tcgplayer.com/product/580047_200w.jpg,68,17675,https://cpt.tcgcsv.com/Z0G6,2024-09-16T19:12:54.773,1,R,OP05-106,"[On Play] Look at 5 cards from the top of your deck; reveal up to 1 [Sky Island] type card other than [Shura] and add it to your hand. Then, place the rest at the bottom of your deck in any order.
<br>
[Trigger] Play this card.",Yellow,Character,2,2000,Sky Island;Vassals,Slash,43.65,50.92,64.99,53.38,,Foil,1000,
580048,Trafalgar Law (CS 2024 Celebration Pack),Trafalgar Law CS 2024 Celebration Pack,https://tcgplayer-cdn.tcgplayer.com/product/580048_200w.jpg,68,17675,https://cpt.tcgcsv.com/-0G6,2024-09-16T19:16:22.71,1,PR,P-017,[On Play] Give up to 1 of your opponent's Characters -2000 power during this turn.,Red,Character,4,5000,Heart Pirates;Supernovas,Slash,89.99,92.6,99.9,27.62,,Foil,1000,
580049,Bepo (CS 2024 Celebration Pack),Bepo CS 2024 Celebration Pack,https://tcgplayer-cdn.tcgplayer.com/product/580049_200w.jpg,68,17675,https://cpt.tcgcsv.com/_0G6,2024-09-16T19:17:33.147,1,PR,P-019,[DON!! x1] [When Attacking] K.O. up to 1 of your opponent's Characters with 3000 power or less.,Red,Character,3,2000,Heart Pirates;Minks,Strike,149.99,174.99,199.99,18.88,,Foil,2000,
580050,Monkey.D.Luffy (CS 2024 Celebration Pack),MonkeyDLuffy CS 2024 Celebration Pack,https://tcgplayer-cdn.tcgplayer.com/product/580050_200w.jpg,68,17675,https://cpt.tcgcsv.com/02G6,2024-09-16T19:18:19.943,1,SR,ST01-012,"[Rush] <em>(This card can attack on the turn in which it is played.)</em>
<br>[DON!! x2] [When Attacking] Your opponent cannot activate [Blocker] during this battle.",Red,Character,5,6000,Straw Hat Crew;Supernovas,Strike,242.99,292.49,500.0,149.46,,Foil,,
580051,"Eustass""Captain""Kid (CS 2024 Celebration Pack)",EustassCaptainKid CS 2024 Celebration Pack,https://tcgplayer-cdn.tcgplayer.com/product/580051_200w.jpg,68,17675,https://cpt.tcgcsv.com/22G6,2024-09-16T19:19:14.327,1,SR,ST02-013,"[Blocker] <em>(After your opponent declares an attack, you may rest this card to make it the new target of the attack.)</em>
<br>
[DON!! x1] [End of Your Turn] Set this card as active.
<br><br>
<a href=""https://en.onepiece-cardgame.com/rules/errata_card/#errata_08"">This card has been officially errata'd.</a>",Green,Character,7,7000,Kid Pirates;Supernovas,Special,19.0,23.88,29.99,17.87,,Foil,,
580052,Crocodile (CS 2024 Celebration Pack),Crocodile CS 2024 Celebration Pack,https://tcgplayer-cdn.tcgplayer.com/product/580052_200w.jpg,68,17675,https://cpt.tcgcsv.com/32G6,2024-09-16T19:20:07.34,1,SR,ST03-003,"[Blocker] <em>(After your opponent declares an attack, you may rest this card to make it the new target of the attack.)</em>
<br>
[DON!! x1] [On Block] Place up to 1 Character with a cost of 2 or less at the bottom of the owner's deck.",Blue,Character,5,6000,Baroque Works;The Seven Warlords of the Sea,Special,25.0,28.5,29.94,16.58,,Foil,,
580053,Kaido (CS 2024 Celebration Pack),Kaido CS 2024 Celebration Pack,https://tcgplayer-cdn.tcgplayer.com/product/580053_200w.jpg,68,17675,https://cpt.tcgcsv.com/52G6,2024-09-16T19:20:42.287,1,SR,ST04-003,"[On Play] DON!! -5 <em>(You may return the specified number of DON!! cards from your field to your DON!! deck.)</em>: K.O. up to 1 of your opponent's Characters with a cost of 6 or less. 
<br>This Character gains [Rush] during this turn. 
<br>(This card can attack on the turn in which it is played.)",Purple,Character,9,10000,Animal Kingdom Pirates;The Four Emperors,Strike,34.0,48.0,99.95,24.6,,Foil,,
580054,CS 2024 Celebration Pack,CS 2024 Celebration Pack,https://tcgplayer-cdn.tcgplayer.com/product/580054_200w.jpg,68,17675,https://cpt.tcgcsv.com/62G6,2024-09-16T19:21:27.93,1,,,,,,,,,,500.0,500.0,500.0,,,Normal,,
580055,Monkey.D.Luffy (CS 2024 Participation),MonkeyDLuffy CS 2024 Participation,https://tcgplayer-cdn.tcgplayer.com/product/580055_200w.jpg,68,17675,https://cpt.tcgcsv.com/72G6,2024-09-16T19:24:29.093,1,PR,P-041,,Purple,Character,10,12000,Straw Hat Crew;The Four Emperors,Strike,99.0,110.0,420.69,125.69,,Foil,1000,
580056,Monkey.D.Luffy (Bandai Card Games Fest 24-25),MonkeyDLuffy Bandai Card Games Fest 24 25,https://tcgplayer-cdn.tcgplayer.com/product/580056_200w.jpg,68,17675,https://cpt.tcgcsv.com/82G6,2024-09-16T19:29:32.923,1,PR,P-080,,Red,Character,7,9000,Straw Hat Crew;The Four Emperors;Egghead,Strike,194.0,274.43,1000.99,260.86,,Normal,1000,
583731,Tournament Pack 2024 Oct.-Dec.,Tournament Pack 2024 Oct Dec,https://tcgplayer-cdn.tcgplayer.com/product/583731_200w.jpg,68,17675,https://cpt.tcgcsv.com/FvH6,2024-10-04T16:46:54.613,1,,,,,,,,,,1.0,2.38,9.99,1.74,,Normal,,
583732,Winner Pack 2024 Oct.-Dec.,Winner Pack 2024 Oct Dec,https://tcgplayer-cdn.tcgplayer.com/product/583732_200w.jpg,68,17675,https://cpt.tcgcsv.com/GvH6,2024-10-04T16:48:57.477,1,,,,,,,,,,25.0,29.69,99.99,22.12,,Normal,,
583733,Event Pack Vol. 5,Event Pack Vol 5,https://tcgplayer-cdn.tcgplayer.com/product/583733_200w.jpg,68,17675,https://cpt.tcgcsv.com/HvH6,2024-10-01T18:06:28.11,1,,,,,,,,,,1000.0,1000.0,1000.0,58.47,,Normal,,
583735,Charlotte Pudding (Tournament Pack 2024 Oct.-Dec.),Charlotte Pudding Tournament Pack 2024 Oct Dec,https://tcgplayer-cdn.tcgplayer.com/product/583735_200w.jpg,68,17675,https://cpt.tcgcsv.com/KvH6,2024-10-04T16:45:45.667,1,R,OP03-112,"[On Play] Look at 4 cards from the top of your deck; reveal up to 1 [Sanji] or [Big Mom Pirates] type card other than [Charlotte Pudding] and add it to your hand. Then, place the rest at the bottom of your deck in any order.",Yellow,Character,1,2000,Big Mom Pirates,Wisdom,0.12,0.38,25.0,0.33,,Normal,2000,
583736,Charlotte Pudding (Winner Pack 2024 Oct.-Dec.),Charlotte Pudding Winner Pack 2024 Oct Dec,https://tcgplayer-cdn.tcgplayer.com/product/583736_200w.jpg,68,17675,https://cpt.tcgcsv.com/LvH6,2024-10-04T16:48:51.797,1,R,OP03-112,"[On Play] Look at 4 cards from the top of your deck; reveal up to 1 [Sanji] or [Big Mom Pirates] type card other than [Charlotte Pudding] and add it to your hand. Then, place the rest at the bottom of your deck in any order.",Yellow,Character,1,2000,Big Mom Pirates,Wisdom,6.5,9.28,50.0,8.11,,Foil,2000,
583737,Tony Tony.Chopper (Winner Pack 2024 Oct.-Dec.),Tony TonyChopper Winner Pack 2024 Oct Dec,https://tcgplayer-cdn.tcgplayer.com/product/583737_200w.jpg,68,17675,https://cpt.tcgcsv.com/MvH6,2024-10-04T16:48:46.563,1,C,OP04-010,[On Play] Play up to 1 [Animal] type Character card with 3000 power or less from your hand.,Red,Character,3,4000,Animal;Alabasta;Straw Hat Crew,Strike,29.98,44.9,1000.0,39.52,,Foil,1000,
583738,Tony Tony.Chopper (Tournament Pack 2024 Oct.-Dec.),Tony TonyChopper Tournament Pack 2024 Oct Dec,https://tcgplayer-cdn.tcgplayer.com/product/583738_200w.jpg,68,17675,https://cpt.tcgcsv.com/NvH6,2024-10-04T16:46:45.03,1,C,OP04-010,[On Play] Play up to 1 [Animal] type Character card with 3000 power or less from your hand.,Red,Character,3,4000,Animal;Alabasta;Straw Hat Crew,Strike,0.25,0.54,3.15,0.54,,Normal,1000,
583739,Portgas.D.Ace (Winner Pack 2024 Oct.-Dec.),PortgasDAce Winner Pack 2024 Oct Dec,https://tcgplayer-cdn.tcgplayer.com/product/583739_200w.jpg,68,17675,https://cpt.tcgcsv.com/PvH6,2024-10-04T16:48:40.353,1,R,OP07-053,"[Blocker] <em>(After your opponent declares an attack, you may rest this card to make it the new target of the attack.)</em>
<br>[On Play] Draw 2 cards and place 2 cards from your hand at the top or bottom of your deck in any order.",Blue,Character,5,6000,Whitebeard Pirates,Special,14.24,18.0,40.0,15.99,,Foil,1000,
583740,Portgas.D.Ace (Tournament Pack 2024 Oct.-Dec.),PortgasDAce Tournament Pack 2024 Oct Dec,https://tcgplayer-cdn.tcgplayer.com/product/583740_200w.jpg,68,17675,https://cpt.tcgcsv.com/QvH6,2024-10-04T16:46:38.49,1,R,OP07-053,"[Blocker] <em>(After your opponent declares an attack, you may rest this card to make it the new target of the attack.)</em>
<br>[On Play] Draw 2 cards and place 2 cards from your hand at the top or bottom of your deck in any order.",Blue,Character,5,6000,Whitebeard Pirates,Special,0.18,0.49,3.06,0.41,,Normal,1000,
583741,Edison (Winner Pack 2024 Oct.-Dec.),Edison Winner Pack 2024 Oct Dec,https://tcgplayer-cdn.tcgplayer.com/product/583741_200w.jpg,68,17675,https://cpt.tcgcsv.com/RvH6,2024-10-04T16:48:34.73,1,C,OP07-100,"[On Play] If you have 2 or less Life cards, draw 2 cards and trash 2 card from your hand.
<br>
[Trigger] If your Leader is [Vegapunk], play this card.",Yellow,Character,4,5000,Scientist;Egghead,Wisdom,4.59,6.17,9.74,5.17,,Foil,2000,
583742,Edison (Tournament Pack 2024 Oct.-Dec.),Edison Tournament Pack 2024 Oct Dec,https://tcgplayer-cdn.tcgplayer.com/product/583742_200w.jpg,68,17675,https://cpt.tcgcsv.com/SvH6,2024-10-04T16:46:32,1,C,OP07-100,"[On Play] If you have 2 or less Life cards, draw 2 cards and trash 2 card from your hand.
<br>
[Trigger] If your Leader is [Vegapunk], play this card.",Yellow,Character,4,5000,Scientist;Egghead,Wisdom,0.05,0.25,3.0,0.19,,Normal,2000,
583744,Judge Pack Vol. 4,Judge Pack Vol 4,https://tcgplayer-cdn.tcgplayer.com/product/583744_200w.jpg,68,17675,https://cpt.tcgcsv.com/VvH6,2024-10-04T19:08:33.417,1,,,,,,,,,,8.99,9.98,100.0,7.18,,Normal,,
583745,Edward Weevil (Judge Pack Vol. 4),Edward Weevil Judge Pack Vol 4,https://tcgplayer-cdn.tcgplayer.com/product/583745_200w.jpg,68,17675,https://cpt.tcgcsv.com/WvH6,2024-10-04T19:08:20.637,1,R,EB01-023,[On Play] Draw 1 card.,Blue,Character,4,6000,The Seven Warlords of the Sea,Slash,2.0,3.53,28.95,3.1,,Foil,,
583746,Viola (Judge Pack Vol. 4),Viola Judge Pack Vol 4,https://tcgplayer-cdn.tcgplayer.com/product/583746_200w.jpg,68,17675,https://cpt.tcgcsv.com/XvH6,2024-10-04T19:09:14.443,1,C,OP04-021,[On Your Opponent's Attack] (2) <em>(You may rest the specified number of DON!! cards in your cost area.)</em>: Rest up to 1 of your opponent's DON!! cards.,Green,Character,3,3000,Donquixote Pirates,Special,2.9,6.0,40.0,3.33,,Foil,2000,
583747,Nico Robin (Judge Pack Vol. 4),Nico Robin Judge Pack Vol 4,https://tcgplayer-cdn.tcgplayer.com/product/583747_200w.jpg,68,17675,https://cpt.tcgcsv.com/ZvH6,2024-10-04T19:08:57.09,1,UC,OP05-010,[On Play] K.O. up to 1 of your opponent's Characters with 1000 power or less.,Red,Character,1,2000,Straw Hat Crew,Strike,26.87,33.49,199.5,36.25,,Foil,1000,
583748,Mansherry (Judge Pack Vol. 4),Mansherry Judge Pack Vol 4,https://tcgplayer-cdn.tcgplayer.com/product/583748_200w.jpg,68,17675,https://cpt.tcgcsv.com/-vH6,2024-10-04T19:08:45.163,1,R,OP05-088,[Activate:Main] (1) <em>(You may rest the specified number of DON!! cards in your cost area.)</em> <strong>You may rest this Character and place 2 cards from your trash at the bottom of your deck in any order</strong>: Add up to 1 black Character card with a cost of 3 to 5 from your trash to your hand.,Black,Character,1,0,Dressrosa;The Tontattas,Special,2.7,8.5,35.99,2.76,,Foil,1000,
583749,Ohm (Judge Pack Vol. 4),Ohm Judge Pack Vol 4,https://tcgplayer-cdn.tcgplayer.com/product/583749_200w.jpg,68,17675,https://cpt.tcgcsv.com/_vH6,2024-10-04T19:09:02.67,1,R,OP05-101,"If you have 2 or less Life cards, this Character gains +1000 power.
<br>
[On Play] Look at 5 cards from the top of your deck; reveal up to 1 [Holly] and add it to your hand. Then, place the rest at the bottom of your deck in any order and play up to 1 [Holly] from your hand.",Yellow,Character,4,5000,Sky Island;Vassals,Slash,1.34,1.98,20.0,1.75,,Foil,1000,
583750,Ryuma (Judge Pack Vol. 4),Ryuma Judge Pack Vol 4,https://tcgplayer-cdn.tcgplayer.com/product/583750_200w.jpg,68,17675,https://cpt.tcgcsv.com/0wH6,2024-10-04T19:09:07.463,1,R,OP06-036,[On Play] / [On K.O.] K.O. up to 1 of your opponent's rested Characters with a cost of 4 or less.,Green,Character,4,6000,Land of Wano;Thriller Bark Pirates,Slash,2.69,3.0,20.0,2.86,,Foil,,
583751,Zephyr (Navy) (Judge Pack Vol. 4),Zephyr Navy Judge Pack Vol 4,https://tcgplayer-cdn.tcgplayer.com/product/583751_200w.jpg,68,17675,https://cpt.tcgcsv.com/2wH6,2024-10-04T19:09:20.053,1,R,OP06-074,"[On Play] <strong>DON!! -1</strong> <em>(You may return the specified number of DON!! cards from your field to your DON!! deck.)</em>: Negate the effect of up to 1 of your opponent's Characters during this turn. Then, if that Character has 5000 power or less, K.O. it.",Purple,Character,7,7000,FILM;Navy,Strike,1.99,2.99,20.0,2.99,,Foil,,
583752,Inuppe (Judge Pack Vol. 4),Inuppe Judge Pack Vol 4,https://tcgplayer-cdn.tcgplayer.com/product/583752_200w.jpg,68,17675,https://cpt.tcgcsv.com/3wH6,2024-10-04T19:08:27.517,1,C,OP06-082,"[On Play] / [On K.O.] If your Leader has the [Thriller Bark Pirates] type, draw 2 cards and trash 2 cards from your hand.",Black,Character,2,3000,Thriller Bark Pirates,Strike,1.0,5.43,20.0,1.77,,Foil,1000,
583753,Baccarat (Judge Pack Vol. 4),Baccarat Judge Pack Vol 4,https://tcgplayer-cdn.tcgplayer.com/product/583753_200w.jpg,68,17675,https://cpt.tcgcsv.com/5wH6,2024-10-04T19:07:24.207,1,R,OP07-010,"[Blocker] <em>(After your opponent declares an attack, you may rest this card to make it the new target of the attack.)</em>
<br>
[On Your Opponent's Attack][Once Per Turn] <strong>You may trash 1 card from your hand</strong>: Up to 1 of your Leader or Character cards gains +2000 power during this battle.",Red,Character,3,4000,FILM;Grantesoro,Special,4.0,5.0,20.0,3.29,,Foil,1000,
583754,Marshall.D.Teach (Judge Pack Vol. 4),MarshallDTeach Judge Pack Vol 4,https://tcgplayer-cdn.tcgplayer.com/product/583754_200w.jpg,68,17675,https://cpt.tcgcsv.com/6wH6,2024-10-04T19:08:52.217,1,C,ST03-014,[On Play] Return up to 1 Character with a cost of 3 or less to the owner's hand.,Blue,Character,4,4000,Blackbeard Pirates;The Seven Warlords of the Sea,Special,4.0,8.0,40.0,7.82,,Foil,1000,
583755,Ain (Judge Pack Vol. 4),Ain Judge Pack Vol 4,https://tcgplayer-cdn.tcgplayer.com/product/583755_200w.jpg,68,17675,https://cpt.tcgcsv.com/7wH6,2024-10-04T19:07:07.903,1,C,ST05-002,[On Play] Add up to 1 DON!! card from your DON!! deck and rest it.,Purple,Character,4,5000,Neo Navy,Special,0.78,1.1,35.0,1.02,,Foil,,
583756,Makino (Judge Pack Vol. 4),Makino Judge Pack Vol 4,https://tcgplayer-cdn.tcgplayer.com/product/583756_200w.jpg,68,17675,https://cpt.tcgcsv.com/8wH6,2024-10-04T19:08:40.177,1,C,ST13-012,[On Play] <strong>You may add 1 card from the top or bottom of your Life cards to your hand</strong>: Look at all of your Life cards and place them back in your Life area in any order.,Yellow,Character,1,0,Windmill Village,Wisdom,2.96,4.95,40.0,4.23,,Foil,2000,
583757,Tony Tony.Chopper (Offline Regional 2024 Vol. 3) [Finalist],Tony TonyChopper Offline Regional 2024 Vol 3 Finalist,https://tcgplayer-cdn.tcgplayer.com/product/583757_200w.jpg,68,17675,https://cpt.tcgcsv.com/9wH6,2024-10-01T18:08:14.74,1,UC,OP01-015,"[DON!! x1] [When Attacking] <strong>You may trash 1 card from your hand:</strong> Add up to 1 ""Straw Hat Crew"" type Character card other than [Tony Tony.Chopper] with a cost of 4 or less from your trash to your hand.
<br><br>
<a href=""https://en.onepiece-cardgame.com/rules/errata_card/#group_20221111-9"">This card has been officially errata'd.</a>",Red,Character,3,4000,Animal;Straw Hat Crew,Wisdom,999.0,1249.04,1499.07,494.98,,Foil,1000,
583758,Mr.1 (Daz.Bonez) (Offline Regional 2024 Vol. 3) [Finalist],Mr1 DazBonez Offline Regional 2024 Vol 3 Finalist,https://tcgplayer-cdn.tcgplayer.com/product/583758_200w.jpg,68,17675,https://cpt.tcgcsv.com/bwH6,2024-10-01T18:08:02.31,1,UC,OP02-063,[On Play] Add up to 1 blue Event card with a cost of 1 from your trash to your hand.,Blue,Character,1,1000,Impel Down;Former Baroque Works,Slash,33.1,59.39,74.95,30.79,,Foil,1000,
583760,Nekomamushi (Offline Regional 2024 Vol. 3) [Finalist],Nekomamushi Offline Regional 2024 Vol 3 Finalist,https://tcgplayer-cdn.tcgplayer.com/product/583760_200w.jpg,68,17675,https://cpt.tcgcsv.com/dwH6,2024-10-01T18:08:08.56,1,UC,OP06-110,"[DON!! x2] This Character can also attack your opponent's active Characters.
<br>
[Trigger] If your opponent has 3 or less Life cards, play this card.",Yellow,Character,4,5000,Land of Wano;Minks;The Akazaya Nine,Slash,48.0,48.94,49.2,39.08,,Foil,1000,
583762,Monkey.D.Luffy (091) (Offline Regional 2024 Vol. 3) [Finalist],MonkeyDLuffy 091 Offline Regional 2024 Vol 3 Finalist,https://tcgplayer-cdn.tcgplayer.com/product/583762_200w.jpg,68,17675,https://cpt.tcgcsv.com/gwH6,2024-10-01T18:07:51.497,1,R,OP07-091,"[When Attacking] Trash up to 1 of your opponent's Characters with a cost of 2 or less. Then, place any number of Character cards with a cost of 4 or more from your trash at the bottom of your deck in any order. This Character gains +1000 power during this turn for every 3 cards placed at the bottom of your deck.",Black,Character,5,6000,Straw Hat Crew,Special,1999.97,2000.0,2000.0,961.59,,Foil,1000,
583763,Zoro-Juurou (Event Pack Vol. 5),Zoro Juurou Event Pack Vol 5,https://tcgplayer-cdn.tcgplayer.com/product/583763_200w.jpg,68,17675,https://cpt.tcgcsv.com/hwH6,2024-10-01T18:06:54.937,1,R,OP05-067,"[When Attacking] If you have 3 or less Life cards, add up to 1 DON!! card from your DON!! deck and set it as active.",Purple,Character,3,4000,Straw Hat Crew,Slash,65.66,84.57,100.0,80.39,,Foil,1000,
583764,O-Nami (Event Pack Vol. 5),O Nami Event Pack Vol 5,https://tcgplayer-cdn.tcgplayer.com/product/583764_200w.jpg,68,17675,https://cpt.tcgcsv.com/jwH6,2024-10-01T18:06:42.527,1,R,OP06-101,"[On Play] Up to 1 of your Leader or Character cards gains [Banish] during this turn.
<br><em>(When this card deals damage, the target card is trashed without activating its Trigger.)</em>
<br>[Trigger] K.O. up to 1 of your opponent's Characters with a cost of 5 or less.",Yellow,Character,2,3000,Straw Hat Crew,Special,90.99,103.98,199.95,91.8,,Foil,1000,
583766,Tony Tony.Chopper (Event Pack Vol. 5),Tony TonyChopper Event Pack Vol 5,https://tcgplayer-cdn.tcgplayer.com/product/583766_200w.jpg,68,17675,https://cpt.tcgcsv.com/lwH6,2024-10-01T18:06:50.603,1,PR,P-065,"[When Attacking] If your opponent has a Character with a cost of 0, this Character gains +2000 power until the start of your next turn.",Black,Character,3,4000,Animal;Straw Hat Crew,Wisdom,80.99,93.99,199.99,86.14,,Foil,1000,
583768,Koala (Event Pack Vol. 5),Koala Event Pack Vol 5,https://tcgplayer-cdn.tcgplayer.com/product/583768_200w.jpg,68,17675,https://cpt.tcgcsv.com/nwH6,2024-10-01T18:06:36.293,1,PR,P-069,[Activate:Main] [Once Per Turn] Give up to 1 rested DON!! card to your Leader or 1 of your Characters.,Red,Character,1,1000,Revolutionary Army,Strike,5.49,6.6,27.98,5.61,,Foil,1000,
583773,Nefeltari Vivi (October Championship 2024 Store Regionals),Nefeltari Vivi October Championship 2024 Store Regionals,https://tcgplayer-cdn.tcgplayer.com/product/583773_200w.jpg,68,17675,https://cpt.tcgcsv.com/twH6,2024-10-01T18:08:36.427,1,R,OP05-086,"If you have 10 or more cards in your trash, this Character gains [Blocker]. <em>(After your opponent declares an attack, you may rest this card to make it the new target of the attack.)</em>",Black,Character,1,1000,Alabasta,Wisdom,3999.99,3999.99,3999.99,2024.99,,Foil,1000,
584365,Shirahoshi (October Championship 2024 Online Regional),Shirahoshi October Championship 2024 Online Regional,https://tcgplayer-cdn.tcgplayer.com/product/584365_200w.jpg,68,17675,https://cpt.tcgcsv.com/kMH6,2024-10-04T17:57:07.997,1,UC,OP03-116,"[On Play] Draw 3 cards and trash 2 cards from your hand.
<br>
[Trigger] Play this card.",Yellow,Character,5,0,Merfolk,Wisdom,758.44,773.69,1000.0,699.64,,Foil,1000,
584366,Rebecca (October Championship 2024 Online Regional),Rebecca October Championship 2024 Online Regional,https://tcgplayer-cdn.tcgplayer.com/product/584366_200w.jpg,68,17675,https://cpt.tcgcsv.com/lMH6,2024-10-04T17:58:24.257,1,SR,OP05-091,"[Blocker]
<br>
[On Play] Add up to 1 black Character card with a cost of 3 to 7 other than [Rebecca] from your trash to your hand. Then, play up to 1 black Character card with a cost of 3 or less from your hand rested.",Black,Character,4,0,Dressrosa,Wisdom,13000.0,13000.0,13000.0,8000.0,,Foil,1000,
585580,Online Regional Participation Pack 2024 Vol. 3,Online Regional Participation Pack 2024 Vol 3,https://tcgplayer-cdn.tcgplayer.com/product/585580_200w.jpg,68,17675,https://cpt.tcgcsv.com/DfJ6,2024-10-04T17:20:46.217,1,,,,,,,,,,1000.0,1000.0,1000.0,130.0,,Normal,,
585981,Tony Tony.Chopper (Online Regional 2024 Vol. 3),Tony TonyChopper Online Regional 2024 Vol 3,https://tcgplayer-cdn.tcgplayer.com/product/585981_200w.jpg,68,17675,https://cpt.tcgcsv.com/FpJ6,2024-10-04T19:32:25.807,1,UC,OP01-015,"[DON!! x1] [When Attacking] <strong>You may trash 1 card from your hand:</strong> Add up to 1 ""Straw Hat Crew"" type Character card other than [Tony Tony.Chopper] with a cost of 4 or less from your trash to your hand.
<br><br>
<a href=""https://en.onepiece-cardgame.com/rules/errata_card/#group_20221111-9"">This card has been officially errata'd.</a>",Red,Character,3,4000,Animal;Straw Hat Crew,Wisdom,282.0,284.99,294.99,120.31,,Normal,1000,
585982,Mr.1 (Daz.Bonez) (Online Regional 2024 Vol. 3),Mr1 DazBonez Online Regional 2024 Vol 3,https://tcgplayer-cdn.tcgplayer.com/product/585982_200w.jpg,68,17675,https://cpt.tcgcsv.com/GpJ6,2024-10-04T19:32:10.197,1,UC,OP02-063,[On Play] Add up to 1 blue Event card with a cost of 1 from your trash to your hand.,Blue,Character,1,1000,Impel Down;Former Baroque Works,Slash,5.48,9.5,10.99,4.42,,Normal,1000,
585983,Nekomamushi (Online Regional 2024 Vol. 3),Nekomamushi Online Regional 2024 Vol 3,https://tcgplayer-cdn.tcgplayer.com/product/585983_200w.jpg,68,17675,https://cpt.tcgcsv.com/HpJ6,2024-10-04T19:31:42.573,1,UC,OP06-110,"[DON!! x2] This Character can also attack your opponent's active Characters.
<br>
[Trigger] If your opponent has 3 or less Life cards, play this card.",Yellow,Character,4,5000,Land of Wano;Minks;The Akazaya Nine,Slash,7.95,9.96,17.99,7.32,,Normal,1000,
585986,Monkey.D.Luffy (091) (Online Regional 2024 Vol. 3),MonkeyDLuffy 091 Online Regional 2024 Vol 3,https://tcgplayer-cdn.tcgplayer.com/product/585986_200w.jpg,68,17675,https://cpt.tcgcsv.com/LpJ6,2024-10-04T19:31:32.34,1,R,OP07-091,"[When Attacking] Trash up to 1 of your opponent's Characters with a cost of 2 or less. Then, place any number of Character cards with a cost of 4 or more from your trash at the bottom of your deck in any order. This Character gains +1000 power during this turn for every 3 cards placed at the bottom of your deck.",Black,Character,5,6000,Straw Hat Crew,Special,169.99,239.99,600.0,173.26,,Normal,1000,
586014,Monkey.D.Luffy (091) (Online Regional 2024 Vol. 3) [Finalist],MonkeyDLuffy 091 Online Regional 2024 Vol 3 Finalist,https://tcgplayer-cdn.tcgplayer.com/product/586014_200w.jpg,68,17675,https://cpt.tcgcsv.com/jqJ6,2024-10-04T19:32:58.03,1,R,OP07-091,"[When Attacking] Trash up to 1 of your opponent's Characters with a cost of 2 or less. Then, place any number of Character cards with a cost of 4 or more from your trash at the bottom of your deck in any order. This Character gains +1000 power during this turn for every 3 cards placed at the bottom of your deck.",Black,Character,5,6000,Straw Hat Crew,Special,2000.0,2000.0,2000.0,,,Foil,1000,
586015,Nekomamushi (Online Regional 2024 Vol. 3) [Finalist],Nekomamushi Online Regional 2024 Vol 3 Finalist,https://tcgplayer-cdn.tcgplayer.com/product/586015_200w.jpg,68,17675,https://cpt.tcgcsv.com/kqJ6,2024-10-04T19:34:27.967,1,UC,OP06-110,"[DON!! x2] This Character can also attack your opponent's active Characters.
<br>
[Trigger] If your opponent has 3 or less Life cards, play this card.",Yellow,Character,4,5000,Land of Wano;Minks;The Akazaya Nine,Slash,150.0,174.51,199.01,60.78,,Foil,1000,
586016,Mr.1 (Daz.Bonez) (Online Regional 2024 Vol. 3) [Finalist],Mr1 DazBonez Online Regional 2024 Vol 3 Finalist,https://tcgplayer-cdn.tcgplayer.com/product/586016_200w.jpg,68,17675,https://cpt.tcgcsv.com/lqJ6,2024-10-04T19:36:07.887,1,UC,OP02-063,[On Play] Add up to 1 blue Event card with a cost of 1 from your trash to your hand.,Blue,Character,1,1000,Impel Down;Former Baroque Works,Slash,,,,,,,1000,
586017,Tony Tony.Chopper (Online Regional 2024 Vol. 3) [Finalist],Tony TonyChopper Online Regional 2024 Vol 3 Finalist,https://tcgplayer-cdn.tcgplayer.com/product/586017_200w.jpg,68,17675,https://cpt.tcgcsv.com/mqJ6,2024-10-04T19:37:59.607,1,UC,OP01-015,"[DON!! x1] [When Attacking] <strong>You may trash 1 card from your hand:</strong> Add up to 1 ""Straw Hat Crew"" type Character card other than [Tony Tony.Chopper] with a cost of 4 or less from your trash to your hand.
<br><br>
<a href=""https://en.onepiece-cardgame.com/rules/errata_card/#group_20221111-9"">This card has been officially errata'd.</a>",Red,Character,3,4000,Animal;Straw Hat Crew,Wisdom,,,,,,,1000,
586018,Tony Tony.Chopper (Online Regional 2024 Vol. 3) [Winner],Tony TonyChopper Online Regional 2024 Vol 3 Winner,https://tcgplayer-cdn.tcgplayer.com/product/586018_200w.jpg,68,17675,https://cpt.tcgcsv.com/nqJ6,2024-10-04T19:38:31.077,1,UC,OP01-015,"[DON!! x1] [When Attacking] <strong>You may trash 1 card from your hand:</strong> Add up to 1 ""Straw Hat Crew"" type Character card other than [Tony Tony.Chopper] with a cost of 4 or less from your trash to your hand.
<br><br>
<a href=""https://en.onepiece-cardgame.com/rules/errata_card/#group_20221111-9"">This card has been officially errata'd.</a>",Red,Character,3,4000,Animal;Straw Hat Crew,Wisdom,,,,,,,1000,
586019,Mr.1 (Daz.Bonez) (Online Regional 2024 Vol. 3) [Winner],Mr1 DazBonez Online Regional 2024 Vol 3 Winner,https://tcgplayer-cdn.tcgplayer.com/product/586019_200w.jpg,68,17675,https://cpt.tcgcsv.com/pqJ6,2024-10-04T19:39:10.25,1,UC,OP02-063,[On Play] Add up to 1 blue Event card with a cost of 1 from your trash to your hand.,Blue,Character,1,1000,Impel Down;Former Baroque Works,Slash,,,,,,,1000,
586021,Nekomamushi (Online Regional 2024 Vol. 3) [Winner],Nekomamushi Online Regional 2024 Vol 3 Winner,https://tcgplayer-cdn.tcgplayer.com/product/586021_200w.jpg,68,17675,https://cpt.tcgcsv.com/rqJ6,2024-10-04T19:41:10.783,1,UC,OP06-110,"[DON!! x2] This Character can also attack your opponent's active Characters.
<br>
[Trigger] If your opponent has 3 or less Life cards, play this card.",Yellow,Character,4,5000,Land of Wano;Minks;The Akazaya Nine,Slash,,,,,,,1000,
586022,Monkey.D.Luffy (091) (Online Regional 2024 Vol. 3) [Winner],MonkeyDLuffy 091 Online Regional 2024 Vol 3 Winner,https://tcgplayer-cdn.tcgplayer.com/product/586022_200w.jpg,68,17675,https://cpt.tcgcsv.com/sqJ6,2024-10-04T19:41:55.023,1,R,OP07-091,"[When Attacking] Trash up to 1 of your opponent's Characters with a cost of 2 or less. Then, place any number of Character cards with a cost of 4 or more from your trash at the bottom of your deck in any order. This Character gains +1000 power during this turn for every 3 cards placed at the bottom of your deck.",Black,Character,5,6000,Straw Hat Crew,Special,,,,,,,1000,
586023,Monkey.D.Luffy (091) (Offline Regional 2024 Vol. 3) [Winner],MonkeyDLuffy 091 Offline Regional 2024 Vol 3 Winner,https://tcgplayer-cdn.tcgplayer.com/product/586023_200w.jpg,68,17675,https://cpt.tcgcsv.com/tqJ6,2024-10-04T19:53:34,1,R,OP07-091,"[When Attacking] Trash up to 1 of your opponent's Characters with a cost of 2 or less. Then, place any number of Character cards with a cost of 4 or more from your trash at the bottom of your deck in any order. This Character gains +1000 power during this turn for every 3 cards placed at the bottom of your deck.",Black,Character,5,6000,Straw Hat Crew,Special,,,,,,,1000,
586024,Monkey.D.Luffy (091) (Offline Regional 2024 Vol. 3),MonkeyDLuffy 091 Offline Regional 2024 Vol 3,https://tcgplayer-cdn.tcgplayer.com/product/586024_200w.jpg,68,17675,https://cpt.tcgcsv.com/vqJ6,2024-10-04T19:53:55.6,1,R,OP07-091,"[When Attacking] Trash up to 1 of your opponent's Characters with a cost of 2 or less. Then, place any number of Character cards with a cost of 4 or more from your trash at the bottom of your deck in any order. This Character gains +1000 power during this turn for every 3 cards placed at the bottom of your deck.",Black,Character,5,6000,Straw Hat Crew,Special,119.99,128.56,200.0,163.18,,Normal,1000,
586025,Mr.1 (Daz.Bonez) (Offline Regional 2024 Vol. 3) [Winner],Mr1 DazBonez Offline Regional 2024 Vol 3 Winner,https://tcgplayer-cdn.tcgplayer.com/product/586025_200w.jpg,68,17675,https://cpt.tcgcsv.com/wqJ6,2024-10-04T19:54:21.253,1,UC,OP02-063,[On Play] Add up to 1 blue Event card with a cost of 1 from your trash to your hand.,Blue,Character,1,1000,Impel Down;Former Baroque Works,Slash,,,,,,,1000,
586026,Mr.1 (Daz.Bonez) (Offline Regional 2024 Vol. 3),Mr1 DazBonez Offline Regional 2024 Vol 3,https://tcgplayer-cdn.tcgplayer.com/product/586026_200w.jpg,68,17675,https://cpt.tcgcsv.com/xqJ6,2024-10-04T19:54:41.427,1,UC,OP02-063,[On Play] Add up to 1 blue Event card with a cost of 1 from your trash to your hand.,Blue,Character,1,1000,Impel Down;Former Baroque Works,Slash,4.5,5.42,7.78,5.16,,Normal,1000,
586027,Nekomamushi (Offline Regional 2024 Vol. 3) [Winner],Nekomamushi Offline Regional 2024 Vol 3 Winner,https://tcgplayer-cdn.tcgplayer.com/product/586027_200w.jpg,68,17675,https://cpt.tcgcsv.com/zqJ6,2024-10-04T19:55:04.323,1,UC,OP06-110,"[DON!! x2] This Character can also attack your opponent's active Characters.
<br>
[Trigger] If your opponent has 3 or less Life cards, play this card.",Yellow,Character,4,5000,Land of Wano;Minks;The Akazaya Nine,Slash,,,,,,,1000,
586028,Nekomamushi (Offline Regional 2024 Vol. 3),Nekomamushi Offline Regional 2024 Vol 3,https://tcgplayer-cdn.tcgplayer.com/product/586028_200w.jpg,68,17675,https://cpt.tcgcsv.com/BqJ6,2024-10-04T19:55:30.357,1,UC,OP06-110,"[DON!! x2] This Character can also attack your opponent's active Characters.
<br>
[Trigger] If your opponent has 3 or less Life cards, play this card.",Yellow,Character,4,5000,Land of Wano;Minks;The Akazaya Nine,Slash,4.98,9.47,29.0,5.83,,Normal,1000,
586029,Tony Tony.Chopper (Offline Regional 2024 Vol. 3) [Winner],Tony TonyChopper Offline Regional 2024 Vol 3 Winner,https://tcgplayer-cdn.tcgplayer.com/product/586029_200w.jpg,68,17675,https://cpt.tcgcsv.com/CqJ6,2024-10-04T19:55:56.74,1,UC,OP01-015,"[DON!! x1] [When Attacking] <strong>You may trash 1 card from your hand:</strong> Add up to 1 ""Straw Hat Crew"" type Character card other than [Tony Tony.Chopper] with a cost of 4 or less from your trash to your hand.
<br><br>
<a href=""https://en.onepiece-cardgame.com/rules/errata_card/#group_20221111-9"">This card has been officially errata'd.</a>",Red,Character,3,4000,Animal;Straw Hat Crew,Wisdom,,,,,,,1000,
586030,Tony Tony.Chopper (Offline Regional 2024 Vol. 3),Tony TonyChopper Offline Regional 2024 Vol 3,https://tcgplayer-cdn.tcgplayer.com/product/586030_200w.jpg,68,17675,https://cpt.tcgcsv.com/DqJ6,2024-10-04T19:56:18.433,1,UC,OP01-015,"[DON!! x1] [When Attacking] <strong>You may trash 1 card from your hand:</strong> Add up to 1 ""Straw Hat Crew"" type Character card other than [Tony Tony.Chopper] with a cost of 4 or less from your trash to your hand.
<br><br>
<a href=""https://en.onepiece-cardgame.com/rules/errata_card/#group_20221111-9"">This card has been officially errata'd.</a>",Red,Character,3,4000,Animal;Straw Hat Crew,Wisdom,299.0,299.95,300.0,133.6,,Normal,1000,
586031,Offline Regional Participation Pack 2024 Vol. 3,Offline Regional Participation Pack 2024 Vol 3,https://tcgplayer-cdn.tcgplayer.com/product/586031_200w.jpg,68,17675,https://cpt.tcgcsv.com/FqJ6,2024-10-04T19:58:30.087,1,,,,,,,,,,1000.0,1000.0,1000.0,50.0,,Normal,,
587220,Premium Card Collection -Best Selection Vol. 2-,Premium Card Collection Best Selection Vol 2,https://tcgplayer-cdn.tcgplayer.com/product/587220_200w.jpg,68,17675,https://cpt.tcgcsv.com/qVJ6,2024-11-18T18:57:45.63,1,,,,,,,,,,89.98,99.99,500.0,85.86,,Normal,,
587221,Karasu (Premium Card Collection -Best Selection Vol. 2-),Karasu Premium Card Collection Best Selection Vol 2,https://tcgplayer-cdn.tcgplayer.com/product/587221_200w.jpg,68,17675,https://cpt.tcgcsv.com/rVJ6,2024-10-25T04:08:13.773,1,R,OP05-005,"[On Play] If your Leader has the [Revolutionary Army] type, give up to 1 of your opponent's Leader or Character cards -1000 power during this turn.
<br>
[When Attacking] If this Character has 7000 power or more, give up to 1 of your opponent's Leader or Character cards -1000 power during this turn.",Red,Character,4,5000,Revolutionary Army,Special,4.0,6.99,60.0,5.29,,Foil,1000,
587222,"Capone""Gang""Bege (Premium Card Collection -Best Selection Vol. 2-)",CaponeGangBege Premium Card Collection Best Selection Vol 2,https://tcgplayer-cdn.tcgplayer.com/product/587222_200w.jpg,68,17675,https://cpt.tcgcsv.com/sVJ6,2024-10-25T04:08:13.773,1,C,ST02-004,"[Blocker] <em>(After your opponent declares an attack, you may rest this card to make it the new target of the attack.)</em>",Green,Character,1,1000,Firetank Pirates;Supernovas,Special,0.67,1.87,40.0,1.0,,Foil,,
587223,X.Drake (Premium Card Collection -Best Selection Vol. 2-),XDrake Premium Card Collection Best Selection Vol 2,https://tcgplayer-cdn.tcgplayer.com/product/587223_200w.jpg,68,17675,https://cpt.tcgcsv.com/tVJ6,2024-10-25T04:08:13.773,1,R,OP01-114,[On Play] DON!! -1 <em>(You may return the specified number of DON!! cards from your field to your DON!! deck.)</em>: Your opponent trashes 1 card from their hand.,Purple,Character,5,5000,Animal Kingdom Pirates;Drake Pirates;Navy,Slash,1.0,2.6,40.0,1.63,,Foil,2000,
587224,Boa Hancock (Premium Card Collection -Best Selection Vol. 2-),Boa Hancock Premium Card Collection Best Selection Vol 2,https://tcgplayer-cdn.tcgplayer.com/product/587224_200w.jpg,68,17675,https://cpt.tcgcsv.com/vVJ6,2024-10-25T04:08:13.773,1,C,ST03-013,"[Blocker] <em>(After your opponent declares an attack, you may rest this card to make it the new target of the attack.)</em>
<br>
[Trigger] Play this card.",Blue,Character,3,1000,Kuja Pirates;The Seven Warlords of the Sea,Special,31.0,38.98,149.99,32.58,,Foil,1000,
587225,Hina (Premium Card Collection -Best Selection Vol. 2-),Hina Premium Card Collection Best Selection Vol 2,https://tcgplayer-cdn.tcgplayer.com/product/587225_200w.jpg,68,17675,https://cpt.tcgcsv.com/wVJ6,2024-10-25T04:08:13.773,1,C,ST06-008,[On Play] Give up to 1 of your opponent's Characters -4 cost during this turn.,Black,Character,3,5000,Navy,Special,6.5,11.62,40.0,9.06,,Foil,,
587226,Kikunojo (Premium Card Collection -Best Selection Vol. 2-),Kikunojo Premium Card Collection Best Selection Vol 2,https://tcgplayer-cdn.tcgplayer.com/product/587226_200w.jpg,68,17675,https://cpt.tcgcsv.com/xVJ6,2024-12-05T14:04:48.513,1,R,OP06-104,"[On K.O.] If your opponent has 3 or less Life cards, add up to 1 card from the top of your deck to the top of your Life cards.
<br>[Trigger] If your opponent has 3 or less Life cards, play this card.",Yellow,Character,4,6000,Land of Wano;The Akazaya Nine,Slash,19.49,24.99,59.99,21.17,,Foil,,
587227,Fire Fist (Premium Card Collection -Best Selection Vol. 2-),Fire Fist Premium Card Collection Best Selection Vol 2,https://tcgplayer-cdn.tcgplayer.com/product/587227_200w.jpg,68,17675,https://cpt.tcgcsv.com/zVJ6,2024-10-25T04:08:13.773,1,R,OP05-019,"[Main] Give up to 1 of your opponent's Characters -4000 power during this turn. Then, if you have 2 or less Life cards, K.O. up to 1 of your opponent's Characters with 0 power or less.
<br>
[Trigger] Activate this card's [Main] effect.",Red,Event,2,,Revolutionary Army,,5.98,10.69,40.0,7.61,,Foil,,
587228,The Billion-fold World Trichiliocosm (Premium Card Collection -Best Selection Vol. 2-),The Billion fold World Trichiliocosm Premium Card Collection Best Selection Vol 2,https://tcgplayer-cdn.tcgplayer.com/product/587228_200w.jpg,68,17675,https://cpt.tcgcsv.com/BVJ6,2024-10-25T04:08:13.773,1,UC,OP06-038,"[Counter] Up to 1 of your Leader or Character cards gains +2000 power during this battle. Then, if you have 8 or more rested cards, that card gains an additional +2000 power during this battle.
<br>
[Trigger] K.O. up to 1 of your opponent's rested Characters with a cost of 3 or less.",Green,Event,1,,Straw Hat Crew;Dressrosa,,6.6,14.49,9999.0,13.63,,Foil,,
587229,Gum-Gum Giant Gavel (Premium Card Collection -Best Selection Vol. 2-),Gum Gum Giant Gavel Premium Card Collection Best Selection Vol 2,https://tcgplayer-cdn.tcgplayer.com/product/587229_200w.jpg,68,17675,https://cpt.tcgcsv.com/CVJ6,2024-10-25T04:08:13.773,1,C,OP03-055,"[Counter] <strong>You may trash 1 card from your hand</strong>: Up to 1 of your Leader gains +4000 power during this battle. Then, you may trash 2 cards from the top of your deck.
<br>
[Trigger] Return up to 1 Character with a cost of 4 or less to the owner's hand.",Blue,Event,1,,Straw Hat Crew;East Blue,,2.49,4.79,9999.0,2.56,,Foil,,
587230,Onigashima Island (Premium Card Collection -Best Selection Vol. 2-),Onigashima Island Premium Card Collection Best Selection Vol 2,https://tcgplayer-cdn.tcgplayer.com/product/587230_200w.jpg,68,17675,https://cpt.tcgcsv.com/DVJ6,2024-10-25T04:08:13.773,1,C,ST04-017,"[Activate: Main] <strong>You may rest this Stage</strong>: If your Leader has the {Animal Kingdom Pirates} type, add up to 1 DON!! card from your DON!! deck and rest it.",Purple,Stage,3,,Animal Kingdom Pirates,,2.67,5.74,9999.0,4.54,,Foil,,
587231,Barrier!! (Premium Card Collection -Best Selection Vol. 2-),Barrier Premium Card Collection Best Selection Vol 2,https://tcgplayer-cdn.tcgplayer.com/product/587231_200w.jpg,68,17675,https://cpt.tcgcsv.com/FVJ6,2024-10-25T04:08:13.773,1,C,OP04-095,"[Counter] Up to 1 of your Leader or Character cards gains +2000 power during this battle. Then, if you have 15 or more cards in your trash, that card gains an additional +2000 power during this battle.
<br>
[Trigger] Draw 2 cards and trash 1 card from your hand.",Black,Event,1,,Dressrosa;Barto Club,,1.0,2.8,40.0,1.78,,Foil,,
587232,El Thor (Premium Card Collection -Best Selection Vol. 2-),El Thor Premium Card Collection Best Selection Vol 2,https://tcgplayer-cdn.tcgplayer.com/product/587232_200w.jpg,68,17675,https://cpt.tcgcsv.com/GVJ6,2024-10-25T04:08:13.773,1,UC,OP05-114,"[Counter] Up to 1 of your Leader or Character cards gains +2000 power during this battle. Then, if your opponent has 2 or less Life cards, that card gains an additional +2000 power during this battle.
<br>
[Trigger] K.O. up to 1 of your opponent's Characters with a cost equal to or less than the number of your opponent's Life Cards.",Yellow,Event,1,,Sky Island,,2.79,3.99,40.0,3.24,,Foil,,
588168,Whitebeard Pirates (ST15 - ST20 Release Event Pack),Whitebeard Pirates ST15 ST20 Release Event Pack,https://tcgplayer-cdn.tcgplayer.com/product/588168_200w.jpg,68,17675,https://cpt.tcgcsv.com/nhK6,2024-10-25T12:36:24.43,1,UC,OP02-022,"[Main] Look at 5 cards from the top of your deck; reveal up to 1 Character card with a type including ""Whitebeard Pirates"" and add it to your hand. Then, place the rest at the bottom of your deck in any order.
<br>
[Trigger] Activate this card's [Main] effect.",Red,Event,1,,Whitebeard Pirates,,0.31,1.0,8.49,0.66,,Normal,,
588169,Whitebeard Pirates (ST15 - ST20 Release Event Winner Pack),Whitebeard Pirates ST15 ST20 Release Event Winner Pack,https://tcgplayer-cdn.tcgplayer.com/product/588169_200w.jpg,68,17675,https://cpt.tcgcsv.com/phK6,2024-10-25T12:36:40.2,1,UC,OP02-022,"[Main] Look at 5 cards from the top of your deck; reveal up to 1 Character card with a type including ""Whitebeard Pirates"" and add it to your hand. Then, place the rest at the bottom of your deck in any order.
<br>
[Trigger] Activate this card's [Main] effect.",Red,Event,1,,Whitebeard Pirates,,39.99,45.0,48.99,35.28,,Foil,,
588171,Tony Tony.Chopper (ST15 - ST20 Release Event Winner Pack),Tony TonyChopper ST15 ST20 Release Event Winner Pack,https://tcgplayer-cdn.tcgplayer.com/product/588171_200w.jpg,68,17675,https://cpt.tcgcsv.com/rhK6,2024-10-25T12:36:52.443,1,UC,OP02-034,[DON!! x1] [When Attacking] Rest up to 1 of your opponent's Characters with a cost of 2 or less.,Green,Character,2,2000,Animal;Straw Hat Crew,Wisdom,79.44,99.69,119.99,69.42,,Foil,2000,
588172,Tony Tony.Chopper (ST15 - ST20 Release Event Pack),Tony TonyChopper ST15 ST20 Release Event Pack,https://tcgplayer-cdn.tcgplayer.com/product/588172_200w.jpg,68,17675,https://cpt.tcgcsv.com/shK6,2024-10-25T12:37:02.693,1,UC,OP02-034,[DON!! x1] [When Attacking] Rest up to 1 of your opponent's Characters with a cost of 2 or less.,Green,Character,2,2000,Animal;Straw Hat Crew,Wisdom,14.99,17.45,40.0,17.91,,Normal,2000,
588173,Shirahoshi (ST15 - ST20 Release Event Winner Pack),Shirahoshi ST15 ST20 Release Event Winner Pack,https://tcgplayer-cdn.tcgplayer.com/product/588173_200w.jpg,68,17675,https://cpt.tcgcsv.com/thK6,2024-10-25T12:37:13.737,1,UC,OP03-116,"[On Play] Draw 3 cards and trash 2 cards from your hand.
<br>
[Trigger] Play this card.",Yellow,Character,5,0,Merfolk,Wisdom,34.81,35.8,62.11,32.3,,Foil,1000,
588174,Shirahoshi (ST15 - ST20 Release Event Pack),Shirahoshi ST15 ST20 Release Event Pack,https://tcgplayer-cdn.tcgplayer.com/product/588174_200w.jpg,68,17675,https://cpt.tcgcsv.com/vhK6,2024-10-25T12:37:27.757,1,UC,OP03-116,"[On Play] Draw 3 cards and trash 2 cards from your hand.
<br>
[Trigger] Play this card.",Yellow,Character,5,0,Merfolk,Wisdom,2.0,3.78,20.0,2.88,,Normal,1000,
588175,Crocodile (ST15 - ST20 Release Event Winner Pack),Crocodile ST15 ST20 Release Event Winner Pack,https://tcgplayer-cdn.tcgplayer.com/product/588175_200w.jpg,68,17675,https://cpt.tcgcsv.com/whK6,2024-10-25T12:37:37.173,1,UC,OP07-040,[On Play] (1) <em>(You may rest the specified number of DON!! cards in your cost area.)</em>: Return up to 1 Character with a cost of 2 or less to the owner's hand.,Blue,Character,4,5000,Baroque Works;The Seven Warlords of the Sea,Special,14.99,24.98,39.95,15.25,,Foil,2000,
588176,Crocodile (ST15 - ST20 Release Event Pack),Crocodile ST15 ST20 Release Event Pack,https://tcgplayer-cdn.tcgplayer.com/product/588176_200w.jpg,68,17675,https://cpt.tcgcsv.com/xhK6,2024-10-25T12:37:49.333,1,UC,OP07-040,[On Play] (1) <em>(You may rest the specified number of DON!! cards in your cost area.)</em>: Return up to 1 Character with a cost of 2 or less to the owner's hand.,Blue,Character,4,5000,Baroque Works;The Seven Warlords of the Sea,Special,0.4,0.75,30.0,0.62,,Normal,2000,
588178,Roronoa Zoro (ST15 - ST20 Release Event Pack),Roronoa Zoro ST15 ST20 Release Event Pack,https://tcgplayer-cdn.tcgplayer.com/product/588178_200w.jpg,68,17675,https://cpt.tcgcsv.com/BhK6,2024-10-25T12:38:00.717,1,PR,P-045,"[Banish] <em>(When this card deals damage, the target card is trashed without activating its Trigger.)</em>",Purple,Character,6,7000,Straw Hat Crew,Slash,7.0,11.31,28.5,10.03,,Normal,1000,
588179,Roronoa Zoro (ST15 - ST20 Release Event Winner Pack),Roronoa Zoro ST15 ST20 Release Event Winner Pack,https://tcgplayer-cdn.tcgplayer.com/product/588179_200w.jpg,68,17675,https://cpt.tcgcsv.com/ChK6,2024-10-25T12:38:11.107,1,PR,P-045,"[Banish] <em>(When this card deals damage, the target card is trashed without activating its Trigger.)</em>",Purple,Character,6,7000,Straw Hat Crew,Slash,168.98,169.98,179.99,83.12,,Foil,1000,
588180,Tashigi (ST15 - ST20 Release Event Pack),Tashigi ST15 ST20 Release Event Pack,https://tcgplayer-cdn.tcgplayer.com/product/588180_200w.jpg,68,17675,https://cpt.tcgcsv.com/DhK6,2024-10-25T12:38:24.823,1,C,ST06-006,[Activate:Main] <strong>You may rest this Character</strong>: Give up to 1 of your opponent's Characters -2 cost during this turn.,Black,Character,3,4000,Navy,Slash,0.5,1.83,8.0,1.27,,Normal,2000,
588181,Tashigi (ST15 - ST20 Release Event Winner Pack),Tashigi ST15 ST20 Release Event Winner Pack,https://tcgplayer-cdn.tcgplayer.com/product/588181_200w.jpg,68,17675,https://cpt.tcgcsv.com/FhK6,2024-10-25T12:39:13.403,1,C,ST06-006,[Activate:Main] <strong>You may rest this Character</strong>: Give up to 1 of your opponent's Characters -2 cost during this turn.,Black,Character,3,4000,Navy,Slash,,,,,,,2000,
588183,ST15 - ST20 Release Event Winner Pack,ST15 ST20 Release Event Winner Pack,https://tcgplayer-cdn.tcgplayer.com/product/588183_200w.jpg,68,17675,https://cpt.tcgcsv.com/HhK6,2024-10-27T21:57:21.437,1,,,,,,,,,,,,,,,,,
588184,ST15 - ST20 Release Event Pack,ST15 ST20 Release Event Pack,https://tcgplayer-cdn.tcgplayer.com/product/588184_200w.jpg,68,17675,https://cpt.tcgcsv.com/JhK6,2024-10-27T21:57:00.357,1,,,,,,,,,,10.0,10.0,11.31,9.8,,Normal,,
590986,Tony Tony.Chopper (Treasure Cup 2024),Tony TonyChopper Treasure Cup 2024,https://tcgplayer-cdn.tcgplayer.com/product/590986_200w.jpg,68,17675,https://cpt.tcgcsv.com/LpL6,2024-11-14T20:01:55.117,1,SR,EB01-006,"[Blocker] <em>(After your opponent declares an attack, you may rest this card to make it the new target of the attack.)</em>
<br>
[DON!! x2][When Attacking] Give up to 1 of your opponent's Characters -3000 power during this turn.",Red,Character,3,4000,Animal;Straw Hat Crew,Strike,2500.0,2500.0,2500.0,,,Foil,1000,
590988,Cavendish (Treasure Cup 2024),Cavendish Treasure Cup 2024,https://tcgplayer-cdn.tcgplayer.com/product/590988_200w.jpg,68,17675,https://cpt.tcgcsv.com/NpL6,2024-11-14T20:01:27.87,1,SR,EB01-012,"[On Play]/[When Attacking] If your Leader has the [Supernovas] type and you have no other [Cavendish] Characters, set up to 2 of your DON!! cards as active.",Green,Character,5,6000,Beautiful Pirates;Supernovas,Slash,1399.99,1549.98,1699.97,,,Foil,1000,
590990,Vinsmoke Reiju (Treasure Cup 2024),Vinsmoke Reiju Treasure Cup 2024,https://tcgplayer-cdn.tcgplayer.com/product/590990_200w.jpg,68,17675,https://cpt.tcgcsv.com/QpL6,2024-11-14T20:02:28.393,1,SR,OP06-069,"[On Play] If the number of DON!! cards on your field is equal to or less than the number on your opponent's field and you have 5 or less cards in your hand, draw 2 cards.",Purple,Character,4,5000,The Vinsmoke Family;GERMA 66,Special,,,,,,,1000,
593448,DON!! Card (Portgas.D.Ace) (Devil Fruits Collection Vol. 2),DON Card PortgasDAce Devil Fruits Collection Vol 2,https://tcgplayer-cdn.tcgplayer.com/product/593448_200w.jpg,68,17675,https://cpt.tcgcsv.com/-nM6,2024-11-14T19:57:20.073,1,DON!!,,Your Turn +1000,,DON!!,,,,,8.24,13.01,30.0,12.17,,Foil,,
593449,DON!! Card (Sabo) (Devil Fruits Collection Vol. 2),DON Card Sabo Devil Fruits Collection Vol 2,https://tcgplayer-cdn.tcgplayer.com/product/593449_200w.jpg,68,17675,https://cpt.tcgcsv.com/_nM6,2024-11-14T19:57:59.79,1,DON!!,,Your Turn +1000,,DON!!,,,,,5.0,7.25,20.0,7.25,,Foil,,
594591,Monkey.D.Luffy (Sound Loader Vol. 1),MonkeyDLuffy Sound Loader Vol 1,https://tcgplayer-cdn.tcgplayer.com/product/594591_200w.jpg,68,17675,https://cpt.tcgcsv.com/RRM6,2024-11-15T05:12:04.91,1,L,OP05-060,"[Activate:Main][Once Per Turn] <strong>You may add 1 card from the top of your Life cards to your hand</strong>: If you have 0 or 3 or more DON!! cards on your field, add up to 1 DON!! card from your DON!! deck and set it as active.",Purple,Leader,,5000,Straw Hat Crew,Strike,26.0,34.99,115.0,24.19,,Foil,,5
594592,Enel (Sound Loader Vol. 2),Enel Sound Loader Vol 2,https://tcgplayer-cdn.tcgplayer.com/product/594592_200w.jpg,68,17675,https://cpt.tcgcsv.com/SRM6,2024-11-15T05:12:04.91,1,L,OP05-098,"[Opponent's Turn][Once Per Turn] When your number of Life cards becomes 0, add 1 card from the top of your deck to the top of your Life cards. Then, trash 1 card from your hand.",Yellow,Leader,,5000,Sky Island,Special,8.99,10.18,35.0,9.69,,Foil,,4
599735,Donquixote Rosinante (Welcome Pack Vol. 1),Donquixote Rosinante Welcome Pack Vol 1,https://tcgplayer-cdn.tcgplayer.com/product/599735_200w.jpg,68,17675,https://cpt.tcgcsv.com/KVP6,2024-11-26T14:09:34.597,0,R,OP05-030,"[Blocker] <em>(After your opponent declares an attack, you may rest this card to make it the new target of the attack.)</em>
<br>
[Opponent's Turn] If your rested Character would be K.O.'d, you may trash this Character instead.",Green,Character,2,1000,Donquixote Pirates;Navy,Special,0.9,1.07,8.99,0.98,,Normal,1000,
599736,Satori (Welcome Pack Vol. 1),Satori Welcome Pack Vol 1,https://tcgplayer-cdn.tcgplayer.com/product/599736_200w.jpg,68,17675,https://cpt.tcgcsv.com/LVP6,2024-11-26T14:10:54.843,0,R,OP05-105,[Trigger] <strong>You may trash 1 card from your hand</strong>: Play this card.,Yellow,Character,5,5000,Sky Island;Vassals,Strike,0.18,0.45,45.0,0.38,,Normal,2000,
599737,Emporio.Ivankov (Welcome Pack Vol. 1),EmporioIvankov Welcome Pack Vol 1,https://tcgplayer-cdn.tcgplayer.com/product/599737_200w.jpg,68,17675,https://cpt.tcgcsv.com/MVP6,2024-11-26T14:12:18.873,0,UC,OP05-004,"[Activate:Main][Once Per Turn] If this Character has 7000 power or more, play up to 1 [Revolutionary Army] type Character card with 5000 power or less other than [Emporio.Ivankov] from your hand.",Red,Character,4,5000,Revolutionary Army,Special,0.12,0.5,24.0,0.35,,Normal,1000,
599739,Fra-Nosuke (Welcome Pack Vol. 1),Fra Nosuke Welcome Pack Vol 1,https://tcgplayer-cdn.tcgplayer.com/product/599739_200w.jpg,68,17675,https://cpt.tcgcsv.com/PVP6,2024-11-26T14:15:06.707,0,UC,OP05-070,"[DON!! x1] If you have 8 or more DON!! cards on your field, this Character gains [Rush]. <em>(This card can attack on the turn in which it is played.)</em>",Purple,Character,5,4000,Straw Hat Crew,Strike,0.49,0.86,18.0,0.51,,Normal,2000,
599744,Trafalgar Law (Welcome Pack Vol. 1),Trafalgar Law Welcome Pack Vol 1,https://tcgplayer-cdn.tcgplayer.com/product/599744_200w.jpg,68,17675,https://cpt.tcgcsv.com/VVP6,2024-11-26T14:17:46.67,0,C,OP04-087,,Black,Character,5,7000,Heart Pirates;Dressrosa,Slash,0.4,1.28,20.0,1.12,,Normal,1000,
599748,Issho (Welcome Pack Vol. 1),Issho Welcome Pack Vol 1,https://tcgplayer-cdn.tcgplayer.com/product/599748_200w.jpg,68,17675,https://cpt.tcgcsv.com/-VP6,2024-11-26T14:20:04.793,0,R,OP05-042,[On Play] Up to 1 of your opponent's Characters with a cost of 7 or less cannot attack until the start of your next turn.,Blue,Character,6,6000,Navy,Special,0.1,0.4,30.0,0.27,,Normal,1000,
600706,DON!! Card (2nd Anniversary Tournament),DON Card 2nd Anniversary Tournament,https://tcgplayer-cdn.tcgplayer.com/product/600706_200w.jpg,68,17675,https://cpt.tcgcsv.com/8jQ6,2024-12-06T14:00:47.15,1,DON!!,,Your Turn +1000,,DON!!,,,,,3.0,6.8,39.99,4.47,,Normal,,
600707,Sabo (2nd Anniversary Tournament),Sabo 2nd Anniversary Tournament,https://tcgplayer-cdn.tcgplayer.com/product/600707_200w.jpg,68,17675,https://cpt.tcgcsv.com/9jQ6,2024-12-06T14:00:41.54,1,L,ST13-001,[DON!! x1][Activate: Main][Once Per Turn] <strong>You may add 1 of your Characters with a cost of 3 or more and 7000 power or more to the top of your Life cards face-up</strong>: Up to 1 of your Characters gains +2000 power until the start of your next turn.,Red;Yellow,Leader,,5000,Revolutionary Army;Dressrosa,Special,29.99,39.81,250.0,39.81,,Foil,,4
600709,Portgas.D.Ace (2nd Anniversary Tournament),PortgasDAce 2nd Anniversary Tournament,https://tcgplayer-cdn.tcgplayer.com/product/600709_200w.jpg,68,17675,https://cpt.tcgcsv.com/cjQ6,2024-12-06T14:00:23.963,1,L,ST13-002,"[DON!! x2][Activate: Main][Once Per Turn] Look at 5 cards from the top of your deck and add up to 1 Character card with a cost of 5 to the top of your Life cards face-up. Then, place the rest at the bottom of your deck in any order.
<br>
[End of Your Turn] Trash all your face-up Life cards.",Blue;Yellow,Leader,,5000,Whitebeard Pirates,Special,42.95,47.75,250.0,51.09,,Foil,,4
600711,Monkey.D.Luffy (2nd Anniversary Tournament),MonkeyDLuffy 2nd Anniversary Tournament,https://tcgplayer-cdn.tcgplayer.com/product/600711_200w.jpg,68,17675,https://cpt.tcgcsv.com/fjQ6,2024-12-06T14:00:14.85,1,L,ST13-003,"Your face-up Life cards are placed at the bottom of your deck instead of being added to your hand, according to the rules.
<br>
[DON!! x2][Activate: Main][Once Per Turn]<strong>You may trash 1 card from your hand</strong>: If you have 0 Life cards, add up to 2 Character cards with a cost of 5 from your hand or trash to the top of your Life cards face-up.",Yellow,Leader,,5000,Straw Hat Crew;Supernovas,Strike,114.98,147.95,549.95,151.57,,Foil,,4
603076,Monkey.D.Luffy (2nd Anniversary Stamped Promo),MonkeyDLuffy 2nd Anniversary Stamped Promo,https://tcgplayer-cdn.tcgplayer.com/product/603076_200w.jpg,68,17675,https://cpt.tcgcsv.com/xfR6,2025-01-08T13:18:33.833,1,PR,P-043,[On Play] Return up to 1 Character with a cost of 3 or less to the owner's hand.,Blue,Character,7,7000,Straw Hat Crew,Strike,21.0,29.08,165.0,24.79,,Normal,1000,
606589,Premium Card Collection -Best Selection Vol. 3-,Premium Card Collection Best Selection Vol 3,https://tcgplayer-cdn.tcgplayer.com/product/606589_200w.jpg,68,17675,https://cpt.tcgcsv.com/PFS6,2025-05-07T20:26:24.9,1,,,,,,,,,,127.97,146.97,249.99,136.6,,Normal,,
607971,Sanji (Winner Pack 2025 Vol. 1),Sanji Winner Pack 2025 Vol 1,https://tcgplayer-cdn.tcgplayer.com/product/607971_200w.jpg,68,17675,https://cpt.tcgcsv.com/rcT6,2025-01-04T12:16:09.647,1,R,EB01-014,[DON!! x1] [Your Turn] This Character gains +1000 power for every 3 of your rested DON!! cards.,Green,Character,4,5000,FILM;Straw Hat Crew,Strike,12.97,18.0,100.0,18.05,,Foil,2000,
607973,Charlotte Pudding (Winner Pack 2025 Vol. 1),Charlotte Pudding Winner Pack 2025 Vol 1,https://tcgplayer-cdn.tcgplayer.com/product/607973_200w.jpg,68,17675,https://cpt.tcgcsv.com/tcT6,2025-01-04T12:16:03.637,1,R,OP06-047,"[On Play] Your opponent returns all cards in their hand to their deck and shuffles their deck. Then, your opponent draws 5 cards.",Blue,Character,4,4000,Big Mom Pirates,Wisdom,6.0,10.78,100.0,8.41,,Foil,1000,
607974,Hitokiri Kamazo (Winner Pack 2025 Vol. 1),Hitokiri Kamazo Winner Pack 2025 Vol 1,https://tcgplayer-cdn.tcgplayer.com/product/607974_200w.jpg,68,17675,https://cpt.tcgcsv.com/vcT6,2025-01-04T12:15:48.007,1,UC,OP06-076,"[Your Turn] [Once Per Turn] When a DON!! card on your field is returned to your DON!! deck, K.O. up to 1 of your opponent's Characters with a cost of 2 or less.",Purple,Character,4,5000,Kid Pirates;Supernovas;SMILE,Slash,3.25,5.45,13.29,4.97,,Foil,2000,
607975,Kaku (Winner Pack 2025 Vol. 1),Kaku Winner Pack 2025 Vol 1,https://tcgplayer-cdn.tcgplayer.com/product/607975_200w.jpg,68,17675,https://cpt.tcgcsv.com/wcT6,2025-01-04T12:15:42.103,1,R,OP07-080,"[On Play] You may place 2 cards with a type including ""CP"" from your trash at the bottom of your deck in any order: Give up to 1 of your opponent's Characters -3 cost during this turn.",Black,Character,4,5000,CP0,Slash,1.59,2.98,12.5,2.24,,Foil,2000,
607976,Sanji (Tournament Pack 2025 Vol. 1),Sanji Tournament Pack 2025 Vol 1,https://tcgplayer-cdn.tcgplayer.com/product/607976_200w.jpg,68,17675,https://cpt.tcgcsv.com/xcT6,2025-01-04T12:11:35.49,1,R,EB01-014,[DON!! x1] [Your Turn] This Character gains +1000 power for every 3 of your rested DON!! cards.,Green,Character,4,5000,FILM;Straw Hat Crew,Strike,0.25,0.67,3.25,0.61,,Normal,2000,
607977,Charlotte Pudding (Tournament Pack 2025 Vol. 1),Charlotte Pudding Tournament Pack 2025 Vol 1,https://tcgplayer-cdn.tcgplayer.com/product/607977_200w.jpg,68,17675,https://cpt.tcgcsv.com/zcT6,2025-01-04T12:11:31.9,1,R,OP06-047,"[On Play] Your opponent returns all cards in their hand to their deck and shuffles their deck. Then, your opponent draws 5 cards.",Blue,Character,4,4000,Big Mom Pirates,Wisdom,0.24,1.49,50.0,0.88,,Normal,1000,
607978,Hitokiri Kamazo (Tournament Pack 2025 Vol. 1),Hitokiri Kamazo Tournament Pack 2025 Vol 1,https://tcgplayer-cdn.tcgplayer.com/product/607978_200w.jpg,68,17675,https://cpt.tcgcsv.com/BcT6,2025-01-04T12:11:26.31,1,UC,OP06-076,"[Your Turn] [Once Per Turn] When a DON!! card on your field is returned to your DON!! deck, K.O. up to 1 of your opponent's Characters with a cost of 2 or less.",Purple,Character,4,5000,Kid Pirates;Supernovas;SMILE,Slash,0.1,0.25,3.0,0.27,,Normal,2000,
607979,Kaku (Tournament Pack 2025 Vol. 1),Kaku Tournament Pack 2025 Vol 1,https://tcgplayer-cdn.tcgplayer.com/product/607979_200w.jpg,68,17675,https://cpt.tcgcsv.com/CcT6,2025-01-04T12:11:22.923,1,R,OP07-080,"[On Play] You may place 2 cards with a type including ""CP"" from your trash at the bottom of your deck in any order: Give up to 1 of your opponent's Characters -3 cost during this turn.",Black,Character,4,5000,CP0,Slash,0.04,0.26,3.0,0.26,,Normal,2000,
609714,Tournament Pack 2025 Vol. 1,Tournament Pack 2025 Vol 1,https://tcgplayer-cdn.tcgplayer.com/product/609714_200w.jpg,68,17675,https://cpt.tcgcsv.com/jVT6,2025-01-08T19:37:19.817,1,,,,,,,,,,1.23,2.49,5.0,1.58,,Normal,,
609715,Winner Pack 2025 Vol. 1,Winner Pack 2025 Vol 1,https://tcgplayer-cdn.tcgplayer.com/product/609715_200w.jpg,68,17675,https://cpt.tcgcsv.com/kVT6,2025-01-08T19:37:31.2,1,,,,,,,,,,19.99,20.95,99.99,20.85,,Normal,,
610116,One Piece Card Game Illustration Box Vol. 1,One Piece Card Game Illustration Box Vol 1,https://tcgplayer-cdn.tcgplayer.com/product/610116_200w.jpg,68,17675,https://cpt.tcgcsv.com/l3V6,2025-03-07T05:10:16.71,1,,,,,,,,,,285.5,299.99,1000.0,257.34,,Normal,,
610117,One Piece Card Game Illustration Box Vol. 2,One Piece Card Game Illustration Box Vol 2,https://tcgplayer-cdn.tcgplayer.com/product/610117_200w.jpg,68,17675,https://cpt.tcgcsv.com/m3V6,2025-03-07T05:10:16.71,1,,,,,,,,,,175.0,194.84,1000.0,130.07,,Normal,,
610118,One Piece Card Game Illustration Box EX,One Piece Card Game Illustration Box EX,https://tcgplayer-cdn.tcgplayer.com/product/610118_200w.jpg,68,17675,https://cpt.tcgcsv.com/n3V6,2025-03-08T05:10:12.81,1,,,,,,,,,,1000.0,1200.0,2000.0,824.37,,Normal,,
610801,Nami (2025 New Year Event),Nami 2025 New Year Event,https://tcgplayer-cdn.tcgplayer.com/product/610801_200w.jpg,68,17675,https://cpt.tcgcsv.com/2lV6,2025-01-22T18:26:58.237,1,C,ST01-007,[Activate: Main] [Once Per Turn] Give up to 1 rested DON!! card to your Leader or 1 of your Characters.,Red,Character,1,1000,Straw Hat Crew,Special,29.99,54.48,1069.99,57.23,,Normal,1000,
610802,Nami (2025 New Year Event Winner),Nami 2025 New Year Event Winner,https://tcgplayer-cdn.tcgplayer.com/product/610802_200w.jpg,68,17675,https://cpt.tcgcsv.com/3lV6,2025-01-22T18:27:52.493,1,C,ST01-007,[Activate: Main] [Once Per Turn] Give up to 1 rested DON!! card to your Leader or 1 of your Characters.,Red,Character,1,1000,Straw Hat Crew,Special,5999.99,8000.0,8000.0,,,Foil,1000,
615308,San-Gorou (Treasure Cup 2025),San Gorou Treasure Cup 2025,https://tcgplayer-cdn.tcgplayer.com/product/615308_200w.jpg,68,17675,https://cpt.tcgcsv.com/b8X6,2025-02-01T16:29:17.39,1,C,ST18-003,"[When Attacking] [Once Per Turn] If you have 8 or more DON!! cards on your field, draw 1 card.",Purple,Character,5,6000,Straw Hat Crew,Strike,1225.0,1237.5,1249.99,724.94,,Foil,1000,
615309,Jack (Treasure Cup 2025),Jack Treasure Cup 2025,https://tcgplayer-cdn.tcgplayer.com/product/615309_200w.jpg,68,17675,https://cpt.tcgcsv.com/c8X6,2025-02-01T16:29:11.26,1,SR,OP08-084,"This Character gains +4 cost.<br>
[Activate: Main] You may rest this Character: Draw 1 card and trash 1 card from your hand. Then, K.O. up to 1 of your opponent's Characters with a cost of 3 or less.",Black,Character,7,8000,Animal Kingdom Pirates,Slash,,,,,,,,
615310,Uta (Treasure Cup 2025),Uta Treasure Cup 2025,https://tcgplayer-cdn.tcgplayer.com/product/615310_200w.jpg,68,17675,https://cpt.tcgcsv.com/d8X6,2025-02-01T16:29:06.78,1,R,OP09-002,"[On Play] Look at 5 cards from the top of your deck; reveal up to 1 ""Red-Haired Pirates"" type card and add it to your hand. Then, place the rest at the bottom of your deck in any order.",Red,Character,1,2000,FILM,Special,,,,,,,1000,
617586,In Two Years!! At the Sabaody Archipelago!! (One Piece Japanese Version 2nd Anniversary Set),In Two Years At the Sabaody Archipelago One Piece Japanese Version 2nd Anniversary Set,https://tcgplayer-cdn.tcgplayer.com/product/617586_200w.jpg,68,17675,https://cpt.tcgcsv.com/L2Z6,2025-04-23T15:54:33.663,1,UC,OP01-030,"[Main] Look at 5 cards from the top of your deck; reveal up to 1 ""Straw Hat Crew"" type Character card and add it to your hand. Then, place the rest at the bottom of your deck in any order.
<br>
[Trigger] Activate this card's [Main] effect.
<br><br>
<a href=""https://en.onepiece-cardgame.com/rules/errata_card/#group_20221111-18"">This card has been officially errata'd.</a>",Red,Event,1,,Straw Hat Crew,,119.95,163.79,1000.0,124.62,,Foil,,
617587,Portgas.D.Ace (One Piece Japanese Version 2nd Anniversary Set),PortgasDAce One Piece Japanese Version 2nd Anniversary Set,https://tcgplayer-cdn.tcgplayer.com/product/617587_200w.jpg,68,17675,https://cpt.tcgcsv.com/M2Z6,2025-04-23T15:56:58.093,1,SR,OP02-013,"[On Play] Give up to 2 of your opponent's Characters -3000 power during this turn. Then, if your Leader's type includes ""Whitebeard Pirates"", this Character gains [Rush] during this turn. <em>(This card can attack on the turn in which it is played.)</em>",Red,Character,7,7000,Whitebeard Pirates,Special,146.66,153.24,300.0,131.7,,Foil,,
617588,Kaya (One Piece Japanese Version 2nd Anniversary Set),Kaya One Piece Japanese Version 2nd Anniversary Set,https://tcgplayer-cdn.tcgplayer.com/product/617588_200w.jpg,68,17675,https://cpt.tcgcsv.com/N2Z6,2025-04-23T15:52:35.71,1,R,OP03-044,[On Play] Draw 2 cards and trash 2 cards from your hand.,Blue,Character,1,0,East Blue,Wisdom,30.0,34.1,65.0,32.69,,Foil,2000,
617589,Sabo (One Piece Japanese Version 2nd Anniversary Set),Sabo One Piece Japanese Version 2nd Anniversary Set,https://tcgplayer-cdn.tcgplayer.com/product/617589_200w.jpg,68,17675,https://cpt.tcgcsv.com/P2Z6,2025-04-23T15:52:18.633,1,SR,OP04-083,"[Blocker] <em>(After your opponent declares an attack, you may rest this card to make it the new target of the attack.)</em>
<br>
[On Play] None of your Characters can be K.O.'d by effects until the start of your next turn. Then, draw 2 cards and trash 2 cards from your hand.",Black,Character,5,6000,Revolutionary Army;Dressrosa,Special,47.32,59.99,300.0,53.96,,Foil,1000,
617590,Donquixote Rosinante (One Piece Japanese Version 2nd Anniversary Set),Donquixote Rosinante One Piece Japanese Version 2nd Anniversary Set,https://tcgplayer-cdn.tcgplayer.com/product/617590_200w.jpg,68,17675,https://cpt.tcgcsv.com/Q2Z6,2025-04-23T15:51:58.227,1,R,OP05-030,"[Blocker] <em>(After your opponent declares an attack, you may rest this card to make it the new target of the attack.)</em>
<br>
[Opponent's Turn] If your rested Character would be K.O.'d, you may trash this Character instead.",Green,Character,2,1000,Donquixote Pirates;Navy,Special,34.51,38.62,200.0,34.52,,Foil,1000,
617591,Roronoa Zoro (One Piece Japanese Version 2nd Anniversary Set),Roronoa Zoro One Piece Japanese Version 2nd Anniversary Set,https://tcgplayer-cdn.tcgplayer.com/product/617591_200w.jpg,68,17675,https://cpt.tcgcsv.com/R2Z6,2025-04-23T15:51:28.197,1,SEC,OP06-118,"[When Attacking][Once Per Turn](1)<em>(You may rest the specified number of DON!! cards in your cost area.)</em>: Set this Character as active.
<br>
[Activate:Main][Once Per Turn](2)<em>(You may rest the specified number of DON!! cards in your cost area.)</em>: Set this Character as active.",Green,Character,9,9000,Straw Hat Crew,Slash,180.0,229.99,600.0,186.95,,Foil,,
617592,Sanji (One Piece Japanese Version 2nd Anniversary Set),Sanji One Piece Japanese Version 2nd Anniversary Set,https://tcgplayer-cdn.tcgplayer.com/product/617592_200w.jpg,68,17675,https://cpt.tcgcsv.com/S2Z6,2025-04-23T15:52:59.86,1,SR,OP07-064,"If the number of DON!! cards on your field is at least 2 less than the number on your opponent's field, give this card in your hand -3 cost.
<br>
[Blocker] <em>(After your opponent declares an attack, you may rest this card to make it the new target of the attack.)</em>",Purple,Character,6,6000,Straw Hat Crew,Strike,74.0,84.79,300.0,80.56,,Foil,2000,
617593,Charlotte Linlin (One Piece Japanese Version 2nd Anniversary Set),Charlotte Linlin One Piece Japanese Version 2nd Anniversary Set,https://tcgplayer-cdn.tcgplayer.com/product/617593_200w.jpg,68,17675,https://cpt.tcgcsv.com/T2Z6,2025-04-23T15:53:24.037,1,SR,OP08-069,"[On Play] DON!! 1, You may trash 1 card from your hand: Add up to 1 card from the top of your deck to the top of your Life cards. Then, add up to 1 of your opponent's Characters with a cost of 6 or less to the top or bottom of your opponent's Life cards face-up.",Purple,Character,9,9000,Big Mom Pirates;Former Rocks Pirates,Special,30.0,36.5,50.0,36.54,,Foil,,
617594,Monkey.D.Luffy (One Piece Japanese Version 2nd Anniversary Set),MonkeyDLuffy One Piece Japanese Version 2nd Anniversary Set,https://tcgplayer-cdn.tcgplayer.com/product/617594_200w.jpg,68,17675,https://cpt.tcgcsv.com/V2Z6,2026-03-30T13:02:29.02,1,SR,ST13-015,"[Activate:Main][Once Per Turn]This Character gains +2000 power until the start of your next turn. Then, if you have 1 or more Life cards, draw 1 card and trash 1 card from the top of your Life cards.",Yellow,Character,5,6000,Straw Hat Crew;Supernovas,Strike,320.85,577.77,2000.0,329.59,,Foil,1000,
619192,Offline Regional Participation Pack 2025 Vol. 1,Offline Regional Participation Pack 2025 Vol 1,https://tcgplayer-cdn.tcgplayer.com/product/619192_200w.jpg,68,17675,https://cpt.tcgcsv.com/SHZ6,2025-04-10T14:55:55.917,1,,,,,,,,,,45.0,47.5,49.99,41.71,,Normal,,
619193,Event Pack Vol. 6,Event Pack Vol 6,https://tcgplayer-cdn.tcgplayer.com/product/619193_200w.jpg,68,17675,https://cpt.tcgcsv.com/THZ6,2025-04-10T14:55:26.077,1,,,,,,,,,,2.0,4.99,34.98,2.99,,Normal,,
619194,Judge Pack Vol. 5,Judge Pack Vol 5,https://tcgplayer-cdn.tcgplayer.com/product/619194_200w.jpg,68,17675,https://cpt.tcgcsv.com/VHZ6,2025-04-10T14:55:44.32,1,,,,,,,,,,10.0,16.5,19.98,8.24,,Normal,,
619195,Spandine (Offline Regional Participation Pack 2025 Vol.1),Spandine Offline Regional Participation Pack 2025 Vol1,https://tcgplayer-cdn.tcgplayer.com/product/619195_200w.jpg,68,17675,https://cpt.tcgcsv.com/WHZ6,2025-12-03T13:49:45.033,1,R,EB01-043,"[On Play] <strong>You may place 3 cards with a type including ""CP"" from your trash at the bottom of your deck in any order</strong>: Play up to 1 Character card with a type including ""CP"" and a cost of 4 or less other than [Spandine] from your trash rested.",Black,Character,3,2000,CP9,Wisdom,2.5,5.5,34.0,3.74,,Normal,1000,
619196,Urouge (Offline Regional Participation Pack 2025 Vol.1),Urouge Offline Regional Participation Pack 2025 Vol1,https://tcgplayer-cdn.tcgplayer.com/product/619196_200w.jpg,68,17675,https://cpt.tcgcsv.com/XHZ6,2025-12-03T13:50:02.38,1,R,OP07-021,"[Blocker] <em>(After your opponent declares an attack, you may rest this card to make it the new target of the attack.)</em>
<br>[End of Your Turn] Set up to 1 of your DON!! cards as active.",Green,Character,4,5000,Fallen Monk Pirates;Supernovas,Strike,2.4,4.0,18.0,3.75,,Normal,1000,
619197,Nico Olvia (Offline Regional Participation Pack 2025 Vol.1),Nico Olvia Offline Regional Participation Pack 2025 Vol1,https://tcgplayer-cdn.tcgplayer.com/product/619197_200w.jpg,68,17675,https://cpt.tcgcsv.com/ZHZ6,2025-12-03T13:49:30.14,1,C,OP09-106,"[On Play] Up to 1 of your [Nico Robin] Leader gains +3000 power during this turn.<br>
[Trigger] If your Leader is [Nico Robin], draw 3 cards and trash 2 cards from your hand.",Yellow,Character,1,,Ohara,Wisdom,74.98,75.0,76.5,33.91,,Normal,2000,
619198,Adio (Offline Regional Participation Pack 2025 Vol.1),Adio Offline Regional Participation Pack 2025 Vol1,https://tcgplayer-cdn.tcgplayer.com/product/619198_200w.jpg,68,17675,https://cpt.tcgcsv.com/-HZ6,2025-12-03T13:49:18.827,1,PR,P-078,"If you have 2 or more rested ""ODYSSEY"" type Characters, this Character gains +1000 power.",Green,Character,4,5000,ODYSSEY,Ranged,2.97,6.0,69.98,3.2,,Normal,2000,
619199,Carrot (Event Pack Vol. 6),Carrot Event Pack Vol 6,https://tcgplayer-cdn.tcgplayer.com/product/619199_200w.jpg,68,17675,https://cpt.tcgcsv.com/_HZ6,2025-03-17T18:45:13.503,1,PR,P-070,"[Blocker] <em>(After your opponent declares an attack, you may rest this card to make it the new target of the attack.)</em>",Green,Character,2,2000,Minks,Special,0.94,2.49,22.5,2.03,,Foil,1000,
619200,Ulti (Event Pack Vol. 6),Ulti Event Pack Vol 6,https://tcgplayer-cdn.tcgplayer.com/product/619200_200w.jpg,68,17675,https://cpt.tcgcsv.com/0JZ6,2025-03-17T18:45:47.233,1,PR,P-077,"[Once Per Turn] When 2 or more DON!! cards on your field are returned to your DON!! deck, add up to 1 DON!! card from your DON!! deck and rest it. Then, set up to 1 of your purple Stages as active.",Purple,Character,6,6000,Animal Kingdom Pirates,Strike,1.97,5.06,28.28,4.75,,Foil,1000,
619201,Lim (Event Pack Vol. 6),Lim Event Pack Vol 6,https://tcgplayer-cdn.tcgplayer.com/product/619201_200w.jpg,68,17675,https://cpt.tcgcsv.com/2JZ6,2025-03-17T18:45:34.303,1,PR,P-079,"[Blocker] <em>(After your opponent declares an attack, you may rest this card to make it the new target of the attack.)</em>
<br>[End of Your Turn] If you have 2 or more rested ""ODYSSEY"" type Characters, set this Character as active.",Green,Character,2,0,ODYSSEY,Wisdom,0.5,1.0,33.04,0.75,,Foil,1000,
619202,Shanks (Event Pack Vol. 6),Shanks Event Pack Vol 6,https://tcgplayer-cdn.tcgplayer.com/product/619202_200w.jpg,68,17675,https://cpt.tcgcsv.com/3JZ6,2025-03-17T18:45:41.233,1,PR,P-083,"[DON!!x1] [When Attacking] <strong>You may trash 1 Character card from your hand:</strong> Give up to 1 of your opponent's Characters -1000 power during this turn. Then, draw 1 card.",Red,Character,6,7000,The Four Emperors;Red-Haired Pirates,Slash,20.0,26.74,57.0,3.52,,Foil,1000,
619203,Chaka (Judge Pack Vol. 5),Chaka Judge Pack Vol 5,https://tcgplayer-cdn.tcgplayer.com/product/619203_200w.jpg,68,17675,https://cpt.tcgcsv.com/5JZ6,2025-03-17T18:47:26.5,1,UC,OP05-008,[DON!! x1][Activate:Main][Once Per Turn] Give up to 2 rested DON!! cards to your Leader or 1 of your Characters.,Red,Character,5,6000,Alabasta,Slash,1.0,3.0,10.0,1.42,,Foil,1000,
619204,Backlight (Judge Pack Vol. 5),Backlight Judge Pack Vol 5,https://tcgplayer-cdn.tcgplayer.com/product/619204_200w.jpg,68,17675,https://cpt.tcgcsv.com/6JZ6,2025-03-17T18:47:11.923,1,C,ST11-003,"[Main] If your Leader is [Uta], choose one:
<br>
• Rest up to 1 of your opponent's Characters with a cost of 5 or less.
<br>
• K.O. up to 1 of your opponent's rested Characters with a cost of 5 or less.",Green,Event,2,,FILM;Music,,12.64,16.9,100.0,12.64,,Foil,,
619205,Vinsmoke Ichiji (Judge Pack Vol. 5),Vinsmoke Ichiji Judge Pack Vol 5,https://tcgplayer-cdn.tcgplayer.com/product/619205_200w.jpg,68,17675,https://cpt.tcgcsv.com/7JZ6,2025-03-17T18:48:28.327,1,R,OP06-061,"[On Play] If the number of DON!! cards on your field is equal to or less than the number on your opponent's field, give up to 1 of your opponent's Characters -2000 power during this turn and this Character gains [Rush]. <em>(This card can attack on the turn in which it is played.)</em>",Purple,Character,7,7000,The Vinsmoke Family;GERMA 66,Strike,1.0,4.5,8.0,1.76,,Foil,,
619206,T-Bone (Judge Pack Vol. 5),T Bone Judge Pack Vol 5,https://tcgplayer-cdn.tcgplayer.com/product/619206_200w.jpg,68,17675,https://cpt.tcgcsv.com/8JZ6,2025-03-17T18:48:21.723,1,R,EB01-049,[On Play] K.O. up to 1 of your opponent's Characters with a cost of 2 or less.,Black,Character,5,5000,Navy;Water Seven,Slash,1.43,2.99,5.0,1.44,,Foil,2000,
619208,Donquixote Doflamingo (Judge Pack Vol. 5),Donquixote Doflamingo Judge Pack Vol 5,https://tcgplayer-cdn.tcgplayer.com/product/619208_200w.jpg,68,17675,https://cpt.tcgcsv.com/bJZ6,2025-03-17T18:47:32.5,1,UC,OP07-048,"[Activate:Main] [Once Per Turn] (2) <em>(You may rest the specified number of DON!! cards in your cost area.)</em>: Reveal 1 card from the top of your deck. If that card is a [The Seven Warlords of the Sea] type Character card with a cost of 4 or less, you may play that card rested. Then, place the rest at the bottom of your deck.",Blue,Character,3,4000,Donquixote Pirates;The Seven Warlords of the Sea,Special,6.0,7.99,150.0,6.36,,Foil,,
619209,Shaka (Judge Pack Vol. 5),Shaka Judge Pack Vol 5,https://tcgplayer-cdn.tcgplayer.com/product/619209_200w.jpg,68,17675,https://cpt.tcgcsv.com/cJZ6,2025-03-17T18:48:07.867,1,UC,OP07-101,"[Blocker] <em>(After your opponent declares an attack, you may rest this card to make it the new target of the attack.)</em>
<br>
[Trigger] If your Leader is [Vegapunk], play this card.",Yellow,Character,5,6000,Scientist;Egghead,Wisdom,2.8,4.09,24.99,4.09,,Foil,1000,
619210,Buggy (Judge Pack Vol. 5),Buggy Judge Pack Vol 5,https://tcgplayer-cdn.tcgplayer.com/product/619210_200w.jpg,68,17675,https://cpt.tcgcsv.com/dJZ6,2025-03-17T18:47:20.46,1,C,ST17-003,[On Play] Look at 3 cards from the top of your deck and place them at the top of your deck in any order.,Blue,Character,1,2000,Buggy's Delivery;The Seven Warlords of the Sea,Slash,11.97,16.4,50.0,16.94,,Foil,2000,
619211,Hongo (Judge Pack Vol. 5),Hongo Judge Pack Vol 5,https://tcgplayer-cdn.tcgplayer.com/product/619211_200w.jpg,68,17675,https://cpt.tcgcsv.com/fJZ6,2025-03-17T18:47:43.89,1,UC,OP09-011,"[Activate: Main] <strong>You may rest this Character</strong>: If your Leader has the ""Red-Haired Pirates"" type, give up to 1 of your opponent's Characters 2000 power during this turn.",Red,Character,3,3000,Red-Haired Pirates,Strike,1.55,2.7,5.0,1.64,,Foil,2000,
619212,Perona (Judge Pack Vol. 5),Perona Judge Pack Vol 5,https://tcgplayer-cdn.tcgplayer.com/product/619212_200w.jpg,68,17675,https://cpt.tcgcsv.com/gJZ6,2025-03-17T18:48:00.843,1,R,OP09-034,"[On Play] Look at 5 cards from the top of your deck; reveal up to 1 [Dracule Mihawk] or ""Thriller Bark Pirates"" type card and add it to your hand. Then, place the rest at the bottom of your deck in any order and trash 1 card from your hand.",Green,Character,1,2000,Thriller Bark Pirates;Muggy Kingdom,Special,9.6,11.99,190.0,10.88,,Foil,2000,
619213,Shiryu (Judge Pack Vol. 5),Shiryu Judge Pack Vol 5,https://tcgplayer-cdn.tcgplayer.com/product/619213_200w.jpg,68,17675,https://cpt.tcgcsv.com/hJZ6,2025-03-17T18:48:15.39,1,UC,OP09-088,[DON!! x1] [When Attacking] <strong>You may trash 2 cards from your hand</strong>: Draw 2 cards.,Black,Character,3,4000,Blackbeard Pirates,Slash,2.65,3.0,19.99,1.39,,Foil,2000,
619214,Baby 5 (Judge Pack Vol. 5),Baby 5 Judge Pack Vol 5,https://tcgplayer-cdn.tcgplayer.com/product/619214_200w.jpg,68,17675,https://cpt.tcgcsv.com/jJZ6,2025-03-17T18:47:00.39,1,UC,OP10-076,"[On Play] <strong>You may trash 1 card from your hand:</strong> If your Leader has the ""Donquixote Pirates"" type, add up to 1 DON!! card from your DON!! deck and set it as active.",Purple,Character,3,1000,Donquixote Pirates,Special,0.99,10.99,50.0,6.62,,Foil,2000,
619215,Killer (Judge Pack Vol. 5),Killer Judge Pack Vol 5,https://tcgplayer-cdn.tcgplayer.com/product/619215_200w.jpg,68,17675,https://cpt.tcgcsv.com/kJZ6,2025-03-17T18:47:55.633,1,UC,OP10-106,"[On K.O.] If your Leader has the ""Supernovas"" type, look at 3 cards from the top of your deck; reveal up to 1 ""Supernovas"" or ""Kid Pirates"" type card and add it to your hand. Then, place the rest at the bottom of your deck in any order.",Yellow,Character,3,5000,Kid Pirates;Supernovas,Slash,1.8,3.97,10.0,2.26,,Foil,,
619216,Nami (Championship 25-26 Regionals Season 1),Nami Championship 25 26 Regionals Season 1,https://tcgplayer-cdn.tcgplayer.com/product/619216_200w.jpg,68,17675,https://cpt.tcgcsv.com/lJZ6,2025-03-17T18:49:43.34,1,R,OP09-050,"[When Attacking] Look at 5 cards from the top of your deck; reveal up to 1 blue Event and add it to your hand. Then, place the rest at the bottom of your deck in any order.",Blue,Character,1,1000,East Blue,Wisdom,2399.99,2499.5,2599.01,1981.07,,Foil,1000,
619217,Roronoa Zoro (Championship 25-26 Regionals Season 1),Roronoa Zoro Championship 25 26 Regionals Season 1,https://tcgplayer-cdn.tcgplayer.com/product/619217_200w.jpg,68,17675,https://cpt.tcgcsv.com/mJZ6,2025-03-17T18:50:43.78,1,R,OP09-076,[On Play] <strong>You may return 1 or more DON!! cards from your field to your DON!! deck</strong>: Add up to 1 DON!! card from your DON!! deck and set it as active.,Purple,Character,3,5000,Straw Hat Crew,Slash,6000.0,6000.0,6000.0,5000.0,,Foil,,
619218,Sanji (Championship 25-26 Regionals Season 1),Sanji Championship 25 26 Regionals Season 1,https://tcgplayer-cdn.tcgplayer.com/product/619218_200w.jpg,68,17675,https://cpt.tcgcsv.com/nJZ6,2025-03-17T18:51:02.52,1,SR,OP09-065,"[On Play] <strong>You may return 1 or more DON!! cards from your field to your DON!! deck</strong>: This Character gains [Rush] during this turn. Then, rest up to 1 of your opponent's Characters with a cost of 6 or less.",Purple,Character,7,7000,Straw Hat Crew,Strike,4000.0,4000.0,4000.0,,,Foil,1000,
619590,Monkey.D.Luffy (Championship 2024 World Final 3rd Place),MonkeyDLuffy Championship 2024 World Final 3rd Place,https://tcgplayer-cdn.tcgplayer.com/product/619590_200w.jpg,68,17675,https://cpt.tcgcsv.com/QRZ6,2025-03-17T18:58:59.21,1,SR,OP07-109,"[Activate: Main]<strong>You may trash this Character</strong>: If you have 2 or less Life cards, K.O. up to 1 of your opponent's Characters with a cost of 4 or less. Then, draw 1 card.
<br>
[Trigger] K.O. up to 1 of your opponent's Characters with a cost of 4 or less.",Yellow,Character,5,6000,Straw Hat Crew;The Four Emperors;Egghead,Strike,,,,,,,1000,
619591,Monkey.D.Luffy (Championship 2024 World Final 2nd Place),MonkeyDLuffy Championship 2024 World Final 2nd Place,https://tcgplayer-cdn.tcgplayer.com/product/619591_200w.jpg,68,17675,https://cpt.tcgcsv.com/RRZ6,2025-03-17T18:58:45.733,1,SR,OP07-109,"[Activate: Main]<strong>You may trash this Character</strong>: If you have 2 or less Life cards, K.O. up to 1 of your opponent's Characters with a cost of 4 or less. Then, draw 1 card.
<br>
[Trigger] K.O. up to 1 of your opponent's Characters with a cost of 4 or less.",Yellow,Character,5,6000,Straw Hat Crew;The Four Emperors;Egghead,Strike,,,,,,,1000,
619592,Monkey.D.Luffy (Championship 2024 World Final 1st Place),MonkeyDLuffy Championship 2024 World Final 1st Place,https://tcgplayer-cdn.tcgplayer.com/product/619592_200w.jpg,68,17675,https://cpt.tcgcsv.com/SRZ6,2025-03-17T18:58:32.15,1,SR,OP07-109,"[Activate: Main]<strong>You may trash this Character</strong>: If you have 2 or less Life cards, K.O. up to 1 of your opponent's Characters with a cost of 4 or less. Then, draw 1 card.
<br>
[Trigger] K.O. up to 1 of your opponent's Characters with a cost of 4 or less.",Yellow,Character,5,6000,Straw Hat Crew;The Four Emperors;Egghead,Strike,,,,,,,1000,
619595,DON!! Card (Championship 2024 World Final),DON Card Championship 2024 World Final,https://tcgplayer-cdn.tcgplayer.com/product/619595_200w.jpg,68,17675,https://cpt.tcgcsv.com/WRZ6,2025-03-17T18:58:20.43,1,DON!!,,Your Turn +1000,,DON!!,,,,,,,,,,,,
620095,Monkey.D.Luffy (One Piece Day Dallas 2025),MonkeyDLuffy One Piece Day Dallas 2025,https://tcgplayer-cdn.tcgplayer.com/product/620095_200w.jpg,68,17675,https://cpt.tcgcsv.com/W2-6,2025-03-12T20:43:38.36,1,SR,ST10-006,"[Rush] <em>(This card can attack on the turn in which it is played.)</em>
<br>
[Once Per Turn] When your opponent activates a [Blocker], K.O. up to 1 of your opponent's Characters with 8000 power or less.",Red,Character,10,11000,Straw Hat Crew,Strike,630.0,720.0,2000.0,636.25,,Foil,,
620096,Roronoa Zoro (One Piece Day Dallas 2025),Roronoa Zoro One Piece Day Dallas 2025,https://tcgplayer-cdn.tcgplayer.com/product/620096_200w.jpg,68,17675,https://cpt.tcgcsv.com/X2-6,2025-03-12T20:43:07.653,1,UC,OP07-113,"[Trigger] If your Leader has the [Egghead] type, rest up to 1 of your opponent's Leader or Character cards.",Yellow,Character,5,6000,Straw Hat Crew;Egghead,Slash,440.0,580.12,700.0,505.52,,Foil,1000,
620097,DON!! Card (One Piece Day Dallas 2025),DON Card One Piece Day Dallas 2025,https://tcgplayer-cdn.tcgplayer.com/product/620097_200w.jpg,68,17675,https://cpt.tcgcsv.com/Z2-6,2025-03-12T20:44:12.067,1,DON!!,,Your Turn +1000,,DON!!,,,,,459.55,473.7,666.0,264.05,,Foil,,
620141,Special DON!! Set Vol. 1 -Luffy-,Special DON Set Vol 1 Luffy,https://tcgplayer-cdn.tcgplayer.com/product/620141_200w.jpg,68,17675,https://cpt.tcgcsv.com/R3-6,2025-03-12T20:39:32.29,1,,,,,,,,,,90.0,95.98,100.0,51.81,,Normal,,
620142,Special DON!! Set Vol. 2 -Ace-,Special DON Set Vol 2 Ace,https://tcgplayer-cdn.tcgplayer.com/product/620142_200w.jpg,68,17675,https://cpt.tcgcsv.com/S3-6,2025-03-12T20:40:02.85,1,,,,,,,,,,49.95,50.99,100.0,45.57,,Normal,,
620143,Special DON!! Set Vol. 3 -Sabo-,Special DON Set Vol 3 Sabo,https://tcgplayer-cdn.tcgplayer.com/product/620143_200w.jpg,68,17675,https://cpt.tcgcsv.com/T3-6,2025-03-12T20:40:23.72,1,,,,,,,,,,44.99,100.0,110.0,37.78,,Normal,,
620144,Special DON!! Set Vol. 1-3 [Set of 3],Special DON Set Vol 1 3 Set of 3,https://tcgplayer-cdn.tcgplayer.com/product/620144_200w.jpg,68,17675,https://cpt.tcgcsv.com/V3-6,2025-03-12T20:39:49.073,1,,,,,,,,,,229.99,297.5,317.11,135.95,,Normal,,
620148,DON!! Card (Sabo) (Special DON!! Set Vol. 3),DON Card Sabo Special DON Set Vol 3,https://tcgplayer-cdn.tcgplayer.com/product/620148_200w.jpg,68,17675,https://cpt.tcgcsv.com/-3-6,2025-03-01T05:10:12.917,1,DON!!,,Your Turn +1000,,DON!!,,,,,5.91,7.8,49.99,7.21,,Foil,,
620149,DON!! Card (Ace) (Special DON!! Set Vol. 2),DON Card Ace Special DON Set Vol 2,https://tcgplayer-cdn.tcgplayer.com/product/620149_200w.jpg,68,17675,https://cpt.tcgcsv.com/_3-6,2025-03-01T05:10:12.917,1,DON!!,,Your Turn +1000,,DON!!,,,,,4.62,7.04,49.99,6.1,,Foil,,
620151,DON!! Card (Luffy) (Special DON!! Set Vol. 1),DON Card Luffy Special DON Set Vol 1,https://tcgplayer-cdn.tcgplayer.com/product/620151_200w.jpg,68,17675,https://cpt.tcgcsv.com/25-6,2025-03-01T05:10:12.917,1,DON!!,,Your Turn +1000,,DON!!,,,,,9.0,13.84,50.0,12.17,,Foil,,
620278,One Piece Tin Pack Set Vol. 1 -Gol.D.Roger-,One Piece Tin Pack Set Vol 1 GolDRoger,https://tcgplayer-cdn.tcgplayer.com/product/620278_200w.jpg,68,17675,https://cpt.tcgcsv.com/B7-6,2025-04-18T04:10:16.857,1,,,,,,,,,,89.99,95.0,99.99,29.24,,Normal,,
620279,One Piece Tin Pack Set Vol. 1 -Monkey.D.Luffy-,One Piece Tin Pack Set Vol 1 MonkeyDLuffy,https://tcgplayer-cdn.tcgplayer.com/product/620279_200w.jpg,68,17675,https://cpt.tcgcsv.com/C7-6,2025-04-18T04:10:16.857,1,,,,,,,,,,64.99,69.99,99.94,29.72,,Normal,,
620280,One Piece Tin Pack Set Vol. 1 Display,One Piece Tin Pack Set Vol 1 Display,https://tcgplayer-cdn.tcgplayer.com/product/620280_200w.jpg,68,17675,https://cpt.tcgcsv.com/D7-6,2025-07-24T13:40:06.823,1,,,,,,,,,,799.99,810.0,1200.0,453.12,,Normal,,
620281,One Piece Tin Pack Set Vol. 1 Display Case,One Piece Tin Pack Set Vol 1 Display Case,https://tcgplayer-cdn.tcgplayer.com/product/620281_200w.jpg,68,17675,https://cpt.tcgcsv.com/F7-6,2025-04-18T04:10:16.857,1,,,,,,,,,,5000.69,5000.69,5000.69,,,Normal,,
620828,Buggy (OP10 Release Event),Buggy OP10 Release Event,https://tcgplayer-cdn.tcgplayer.com/product/620828_200w.jpg,68,17675,https://cpt.tcgcsv.com/Bl-6,2025-03-17T18:55:23.917,1,PR,P-084,"This Character cannot attack.
<br>If your Leader is [Buggy], all Characters with a cost of 3 or 4 cannot attack.
<br>[On Play] Play up to 1 ""Cross Guild"" type Character card with a cost of 6 or less from your hand.",Blue,Character,7,8000,The Four Emperors;Cross Guild,Slash,0.18,0.75,9.19,0.63,,Normal,,
620829,Buggy (OP10 Release Event Winner),Buggy OP10 Release Event Winner,https://tcgplayer-cdn.tcgplayer.com/product/620829_200w.jpg,68,17675,https://cpt.tcgcsv.com/Cl-6,2025-03-17T18:55:16.04,1,PR,P-084,"This Character cannot attack.
<br>If your Leader is [Buggy], all Characters with a cost of 3 or 4 cannot attack.
<br>[On Play] Play up to 1 ""Cross Guild"" type Character card with a cost of 6 or less from your hand.",,Character,7,8000,,,67.01,90.0,200.0,84.48,,Foil,,
620834,Trafalgar Law (OP10 Release Event),Trafalgar Law OP10 Release Event,https://tcgplayer-cdn.tcgplayer.com/product/620834_200w.jpg,68,17675,https://cpt.tcgcsv.com/Jl-6,2025-03-17T18:55:07.83,1,PR,P-086,"[Activate:Main] [Once Per Turn] <strong>DON!!-3, You may place 1 Character with 3000 power or more at the bottom of your deck:</strong> Play up to 1 ""Heart Pirates"" type Character card with a cost of 4 or less from your hand.",Purple;Red,Leader,,5000,Heart Pirates,Slash,0.9,1.2,5.89,1.09,,Normal,,4
622589,Tournament Pack 2025 Vol. 2,Tournament Pack 2025 Vol 2,https://tcgplayer-cdn.tcgplayer.com/product/622589_200w.jpg,68,17675,https://cpt.tcgcsv.com/P2_6,2025-04-16T19:17:06.86,1,,,,,,,,,,1.45,2.75,5.0,1.71,,Normal,,
622590,Winner Pack 2025 Vol. 2,Winner Pack 2025 Vol 2,https://tcgplayer-cdn.tcgplayer.com/product/622590_200w.jpg,68,17675,https://cpt.tcgcsv.com/Q2_6,2025-04-16T19:17:20.15,1,,,,,,,,,,12.0,12.9,12.9,11.54,,Normal,,
622591,Rebecca (Tournament Pack 2025 Vol. 2),Rebecca Tournament Pack 2025 Vol 2,https://tcgplayer-cdn.tcgplayer.com/product/622591_200w.jpg,68,17675,https://cpt.tcgcsv.com/R2_6,2025-04-01T17:45:31.743,1,R,OP04-092,"[On Play] Look at 3 cards from the top of your deck; reveal up to 1 [Dressrosa] type card other than [Rebecca] and add it to your hand. Then, trash the rest.",Black,Character,1,2000,Dressrosa,Slash,0.15,0.34,3.0,0.27,,Normal,1000,
622592,Scratchmen Apoo (Tournament Pack 2025 Vol. 2),Scratchmen Apoo Tournament Pack 2025 Vol 2,https://tcgplayer-cdn.tcgplayer.com/product/622592_200w.jpg,68,17675,https://cpt.tcgcsv.com/S2_6,2025-04-01T17:45:37.583,1,R,EB01-015,[On Play] Rest up to 1 of your opponent's Characters with a cost of 2 or less.,Green,Character,1,1000,On-Air Pirates;Supernovas,Special,0.11,0.35,3.0,0.37,,Normal,2000,
622593,Wyper (Tournament Pack 2025 Vol. 2),Wyper Tournament Pack 2025 Vol 2,https://tcgplayer-cdn.tcgplayer.com/product/622593_200w.jpg,68,17675,https://cpt.tcgcsv.com/T2_6,2025-05-16T14:12:53.913,1,R,OP08-110,"[On Play] Look at 5 cards from the top of your deck; reveal up to 1 [Upper Yard] and add it to your hand. Then, place the rest at the bottom of your deck in any order and play up to 1 [Upper Yard] from your hand.",Yellow,Character,4,5000,Sky Island;Shandian Warrior,Ranged,0.03,0.25,3.72,0.2,,Normal,2000,
622594,Hongo (Tournament Pack 2025 Vol. 2),Hongo Tournament Pack 2025 Vol 2,https://tcgplayer-cdn.tcgplayer.com/product/622594_200w.jpg,68,17675,https://cpt.tcgcsv.com/V2_6,2025-04-01T17:45:25.37,1,UC,OP09-011,"[Activate: Main] <strong>You may rest this Character</strong>: If your Leader has the ""Red-Haired Pirates"" type, give up to 1 of your opponent's Characters 2000 power during this turn.",Red,Character,3,3000,Red-Haired Pirates,Strike,0.05,0.25,3.0,0.15,,Normal,2000,
622595,Hongo (Winner Pack 2025 Vol. 2),Hongo Winner Pack 2025 Vol 2,https://tcgplayer-cdn.tcgplayer.com/product/622595_200w.jpg,68,17675,https://cpt.tcgcsv.com/W2_6,2025-04-01T17:46:19.807,1,UC,OP09-011,"[Activate: Main] <strong>You may rest this Character</strong>: If your Leader has the ""Red-Haired Pirates"" type, give up to 1 of your opponent's Characters 2000 power during this turn.",Red,Character,3,3000,Red-Haired Pirates,Strike,5.63,7.98,9999.0,7.48,,Foil,2000,
622596,Wyper (Winner Pack 2025 Vol. 2),Wyper Winner Pack 2025 Vol 2,https://tcgplayer-cdn.tcgplayer.com/product/622596_200w.jpg,68,17675,https://cpt.tcgcsv.com/X2_6,2025-05-16T14:12:43.557,1,R,OP08-110,"[On Play] Look at 5 cards from the top of your deck; reveal up to 1 [Upper Yard] and add it to your hand. Then, place the rest at the bottom of your deck in any order and play up to 1 [Upper Yard] from your hand.",Yellow,Character,4,5000,Sky Island;Shandian Warrior,Ranged,2.35,3.67,15.0,3.06,,Foil,2000,
622597,Scratchmen Apoo (Winner Pack 2025 Vol. 2),Scratchmen Apoo Winner Pack 2025 Vol 2,https://tcgplayer-cdn.tcgplayer.com/product/622597_200w.jpg,68,17675,https://cpt.tcgcsv.com/Z2_6,2025-04-01T17:46:30.513,1,R,EB01-015,[On Play] Rest up to 1 of your opponent's Characters with a cost of 2 or less.,Green,Character,1,1000,On-Air Pirates;Supernovas,Special,3.99,6.11,10.99,5.68,,Foil,2000,
622598,Rebecca (Winner Pack 2025 Vol. 2),Rebecca Winner Pack 2025 Vol 2,https://tcgplayer-cdn.tcgplayer.com/product/622598_200w.jpg,68,17675,https://cpt.tcgcsv.com/-2_6,2025-04-01T17:46:25.36,1,R,OP04-092,"[On Play] Look at 3 cards from the top of your deck; reveal up to 1 [Dressrosa] type card other than [Rebecca] and add it to your hand. Then, trash the rest.",Black,Character,1,2000,Dressrosa,Slash,11.67,14.95,49.99,13.36,,Foil,1000,
622717,Championship 2024 Top Player Pack Vol. 2,Championship 2024 Top Player Pack Vol 2,https://tcgplayer-cdn.tcgplayer.com/product/622717_200w.jpg,68,17675,https://cpt.tcgcsv.com/m6_6,2025-04-10T14:52:51.68,1,,,,,,,,,,,,,,,,,
622719,Perona (Championship 2024 Top Player Pack Vol. 2),Perona Championship 2024 Top Player Pack Vol 2,https://tcgplayer-cdn.tcgplayer.com/product/622719_200w.jpg,68,17675,https://cpt.tcgcsv.com/p6_6,2025-03-06T14:28:47.143,1,UC,OP01-077,[On Play] Look at 5 cards from the top of your deck and place them at the top or bottom of the deck in any order.,Blue,Character,1,2000,Thriller Bark Pirates,Special,,,,,,,1000,
622720,Gedatsu (Championship 2024 Top Player Pack Vol. 2),Gedatsu Championship 2024 Top Player Pack Vol 2,https://tcgplayer-cdn.tcgplayer.com/product/622720_200w.jpg,68,17675,https://cpt.tcgcsv.com/q6_6,2025-03-06T14:28:32.197,1,R,OP05-102,[On Play] K.O. up to 1 of your opponent's Characters with a cost equal to or less than the number of your opponent's Life cards.,Yellow,Character,5,6000,Sky Island;Vassals,Strike,263.32,337.49,398.88,283.32,,Foil,1000,
622721,Camie (Championship 2024 Top Player Pack Vol. 2),Camie Championship 2024 Top Player Pack Vol 2,https://tcgplayer-cdn.tcgplayer.com/product/622721_200w.jpg,68,17675,https://cpt.tcgcsv.com/r6_6,2025-03-06T14:28:18.447,1,R,OP06-025,"[On Play] Look at 4 cards from the top of your deck; reveal up to 1 ""Fish-Man"" or ""Merfolk"" type card other than [Camie] and add it to your hand. Then, place the rest at the bottom of your deck in any order.",Green,Character,1,2000,Merfolk,Wisdom,749.99,750.0,750.0,300.0,,Foil,1000,
622722,Brook (Championship 2024 Top Player Pack Vol. 2),Brook Championship 2024 Top Player Pack Vol 2,https://tcgplayer-cdn.tcgplayer.com/product/622722_200w.jpg,68,17675,https://cpt.tcgcsv.com/s6_6,2025-03-06T14:28:04.643,1,R,OP06-092,"[On Play] Choose one:
<br>• Trash up to 1 of your opponent's Characters with a cost of 4 or less. 
<br>• Your opponent places 3 cards from their trash at bottom of their deck in any order.",Black,Character,6,6000,Former Rumbar Pirates,Slash,2000.0,2000.0,2000.0,750.0,,Foil,,
622723,Sanji (Championship 2024 Top Player Pack Vol. 2),Sanji Championship 2024 Top Player Pack Vol 2,https://tcgplayer-cdn.tcgplayer.com/product/622723_200w.jpg,68,17675,https://cpt.tcgcsv.com/t6_6,2025-03-06T14:27:51.7,1,SR,OP07-064,"If the number of DON!! cards on your field is at least 2 less than the number on your opponent's field, give this card in your hand -3 cost.
<br>
[Blocker] <em>(After your opponent declares an attack, you may rest this card to make it the new target of the attack.)</em>",Purple,Character,6,6000,Straw Hat Crew,Strike,999.99,999.99,999.99,,,Foil,2000,
622725,Drum Kingdom (Championship 2024 Top Player Pack Vol. 2),Drum Kingdom Championship 2024 Top Player Pack Vol 2,https://tcgplayer-cdn.tcgplayer.com/product/622725_200w.jpg,68,17675,https://cpt.tcgcsv.com/w6_6,2025-03-06T14:27:37.757,1,C,OP08-020,[Opponent's Turn] All of your [Drum Kingdom] type Characters gain +1000 power.,Red,Stage,1,,Drum Kingdom,,1799.99,1799.99,1799.99,1250.0,,Foil,,
622732,Perona (Championship 2024 Finalist Card Set Vol. 2),Perona Championship 2024 Finalist Card Set Vol 2,https://tcgplayer-cdn.tcgplayer.com/product/622732_200w.jpg,68,17675,https://cpt.tcgcsv.com/G6_6,2025-03-06T15:06:45.307,1,UC,OP01-077,[On Play] Look at 5 cards from the top of your deck and place them at the top or bottom of the deck in any order.,Blue,Character,1,2000,Thriller Bark Pirates,Special,1000.0,1000.0,1000.0,650.0,,Foil,1000,
622733,Gedatsu (Championship 2024 Finalist Card Set Vol. 2),Gedatsu Championship 2024 Finalist Card Set Vol 2,https://tcgplayer-cdn.tcgplayer.com/product/622733_200w.jpg,68,17675,https://cpt.tcgcsv.com/H6_6,2025-03-06T15:07:19.68,1,R,OP05-102,[On Play] K.O. up to 1 of your opponent's Characters with a cost equal to or less than the number of your opponent's Life cards.,Yellow,Character,5,6000,Sky Island;Vassals,Strike,299.99,300.0,450.0,233.17,,Foil,1000,
622736,Camie (Championship 2024 Finalist Card Set Vol. 2),Camie Championship 2024 Finalist Card Set Vol 2,https://tcgplayer-cdn.tcgplayer.com/product/622736_200w.jpg,68,17675,https://cpt.tcgcsv.com/L6_6,2025-03-06T15:08:19.14,1,R,OP06-025,"[On Play] Look at 4 cards from the top of your deck; reveal up to 1 ""Fish-Man"" or ""Merfolk"" type card other than [Camie] and add it to your hand. Then, place the rest at the bottom of your deck in any order.",Green,Character,1,2000,Merfolk,Wisdom,,,,,,,1000,
622737,Brook (Championship 2024 Finalist Card Set Vol. 2),Brook Championship 2024 Finalist Card Set Vol 2,https://tcgplayer-cdn.tcgplayer.com/product/622737_200w.jpg,68,17675,https://cpt.tcgcsv.com/M6_6,2025-03-06T15:09:30.64,1,R,OP06-092,"[On Play] Choose one:
<br>• Trash up to 1 of your opponent's Characters with a cost of 4 or less. 
<br>• Your opponent places 3 cards from their trash at bottom of their deck in any order.",Black,Character,6,6000,Former Rumbar Pirates,Slash,,,,,,,,
622738,Sanji (Championship 2024 Finalist Card Set Vol. 2),Sanji Championship 2024 Finalist Card Set Vol 2,https://tcgplayer-cdn.tcgplayer.com/product/622738_200w.jpg,68,17675,https://cpt.tcgcsv.com/N6_6,2025-03-06T15:10:04.207,1,SR,OP07-064,"If the number of DON!! cards on your field is at least 2 less than the number on your opponent's field, give this card in your hand -3 cost.
<br>
[Blocker] <em>(After your opponent declares an attack, you may rest this card to make it the new target of the attack.)</em>",Purple,Character,6,6000,Straw Hat Crew,Strike,,,,,,,2000,
622739,Drum Kingdom (Championship 2024 Finalist Card Set Vol. 2),Drum Kingdom Championship 2024 Finalist Card Set Vol 2,https://tcgplayer-cdn.tcgplayer.com/product/622739_200w.jpg,68,17675,https://cpt.tcgcsv.com/P6_6,2025-03-06T15:10:40.46,1,C,OP08-020,[Opponent's Turn] All of your [Drum Kingdom] type Characters gain +1000 power.,Red,Stage,1,,Drum Kingdom,,,,,,,,,
623068,Black Maria (Illustration Box Vol.2),Black Maria Illustration Box Vol2,https://tcgplayer-cdn.tcgplayer.com/product/623068_200w.jpg,68,17675,https://cpt.tcgcsv.com/nf_6,2025-03-11T20:06:03.14,1,SR,OP08-074,"[Activate:Main] [Once Per Turn] If you have no other [Black Maria] Characters, add up to 5 DON!! cards from your DON!! deck and rest them. Then, at the end of this turn, return DON!! cards from your field to your DON!! deck until you have the same number of DON!! cards on your field as your opponent.",Purple,Character,3,2000,Animal Kingdom Pirates,Special,9.7,18.0,9999.0,17.05,,Foil,2000,
623069,Boa Hancock (Illustration Box Vol.1),Boa Hancock Illustration Box Vol1,https://tcgplayer-cdn.tcgplayer.com/product/623069_200w.jpg,68,17675,https://cpt.tcgcsv.com/pf_6,2025-03-19T13:20:21.99,1,SR,ST17-004,"[Blocker] <em>(After your opponent declares an attack, you may rest this card to make it the new target of the attack.)</em><br><br>
[On Play] Look at 3 cards from the top of your deck and place them at the top or bottom of your deck in any order. Then, give up to 1 rested DON!! card to 1 of your ""The Seven Warlords of the Sea"" type Leader or Character cards.",Blue,Character,4,6000,Kuja Pirates;The Seven Warlords of the Sea,Special,40.0,59.99,9999.0,41.34,,Foil,,
623070,O-Nami (Illustration Box Vol.1),O Nami Illustration Box Vol1,https://tcgplayer-cdn.tcgplayer.com/product/623070_200w.jpg,68,17675,https://cpt.tcgcsv.com/qf_6,2025-03-11T20:07:20.177,1,UC,OP05-062,"If you have 10 DON!! cards on your field, this Character gains [Blocker]. <em>(After your opponent declares an attack, you may rest this card to make it the new target of the attack.)</em>",Purple,Character,1,1000,Straw Hat Crew,Special,25.73,34.9,9999.0,28.76,,Foil,1000,
623071,Yamato (Illustration Box Vol.2),Yamato Illustration Box Vol2,https://tcgplayer-cdn.tcgplayer.com/product/623071_200w.jpg,68,17675,https://cpt.tcgcsv.com/rf_6,2025-10-29T18:21:39.503,1,C,ST13-016,"[Rush] <em>(This card can attack on the turn in which it is played.)</em>
<br>
[On Play] Look at all your Life cards; place 1 at the top of your deck and place the rest back in your Life area in any order.",Yellow,Character,5,4000,Land of Wano,Strike,15.14,18.06,9999.0,16.05,,Foil,2000,
623072,Jewelry Bonney (Illustration Box EX),Jewelry Bonney Illustration Box EX,https://tcgplayer-cdn.tcgplayer.com/product/623072_200w.jpg,68,17675,https://cpt.tcgcsv.com/sf_6,2025-03-11T20:08:44.973,1,SR,OP08-105,"[DON!! x1] [Your Turn] [Once Per Turn] When a card is removed from your opponent's Life cards, draw 2 cards and trash 1 card from your hand.<br>
[Trigger] Draw 2 cards and trash 1 card from your hand.",Yellow,Character,3,4000,Bonney Pirates;Egghead,Special,419.21,485.0,999.69,270.61,,Foil,1000,
623073,Rob Lucci (Illustration Box EX),Rob Lucci Illustration Box EX,https://tcgplayer-cdn.tcgplayer.com/product/623073_200w.jpg,68,17675,https://cpt.tcgcsv.com/tf_6,2025-03-11T20:10:46.127,1,SR,OP05-093,[On Play] <strong>You may place 3 cards from your trash at the bottom of your deck in any order</strong>: K.O. up to 1 of your opponent's Characters with a cost of 2 or less and up to 1 of your opponent's Characters with a cost of 1 or less.,Black,Character,4,6000,CP0,Strike,58.99,67.78,300.0,60.03,,Foil,,
623618,Boa Hancock (2025 PSA Magazine Promo),Boa Hancock 2025 PSA Magazine Promo,https://tcgplayer-cdn.tcgplayer.com/product/623618_200w.jpg,68,17675,https://cpt.tcgcsv.com/ns_6,2025-03-17T18:21:21.01,1,L,OP07-038,"[Your Turn] [Once Per Turn] This effect can be activated when a Character is removed from the field by your effect. If you have 5 or less cards in your hand, draw 1 card.",Blue,Leader,,5000,Kuja Pirates;The Seven Warlords of the Sea,Special,129.99,219.5,1000.0,197.58,,Foil,,5
623620,Adio (Offline Regional Finalist Card Set 2025 Vol.1),Adio Offline Regional Finalist Card Set 2025 Vol1,https://tcgplayer-cdn.tcgplayer.com/product/623620_200w.jpg,68,17675,https://cpt.tcgcsv.com/qs_6,2026-02-27T16:36:21.597,1,PR,P-078,"If you have 2 or more rested ""ODYSSEY"" type Characters, this Character gains +1000 power.",Green,Character,4,5000,ODYSSEY,Ranged,32.66,40.93,130.0,31.91,,Foil,2000,
623621,Nico Olvia (Offline Regional Finalist Card Set 2025 Vol.1),Nico Olvia Offline Regional Finalist Card Set 2025 Vol1,https://tcgplayer-cdn.tcgplayer.com/product/623621_200w.jpg,68,17675,https://cpt.tcgcsv.com/rs_6,2026-02-27T16:40:14.867,1,C,OP09-106,"[On Play] Up to 1 of your [Nico Robin] Leader gains +3000 power during this turn.<br>
[Trigger] If your Leader is [Nico Robin], draw 3 cards and trash 2 cards from your hand.",Yellow,Character,1,,Ohara,Wisdom,120.0,159.4,350.0,133.91,,Foil,2000,
623622,Urouge (Offline Regional Finalist Card Set 2025 Vol.1),Urouge Offline Regional Finalist Card Set 2025 Vol1,https://tcgplayer-cdn.tcgplayer.com/product/623622_200w.jpg,68,17675,https://cpt.tcgcsv.com/ss_6,2026-02-27T16:32:57.163,1,R,OP07-021,"[Blocker] <em>(After your opponent declares an attack, you may rest this card to make it the new target of the attack.)</em>
<br>[End of Your Turn] Set up to 1 of your DON!! cards as active.",Green,Character,4,5000,Fallen Monk Pirates;Supernovas,Strike,24.41,60.0,199.99,29.14,,Foil,1000,
623623,Spandine (Offline Regional Finalist Card Set 2025 Vol.1),Spandine Offline Regional Finalist Card Set 2025 Vol1,https://tcgplayer-cdn.tcgplayer.com/product/623623_200w.jpg,68,17675,https://cpt.tcgcsv.com/ts_6,2025-12-18T18:32:40.993,1,R,EB01-043,"[On Play] <strong>You may place 3 cards with a type including ""CP"" from your trash at the bottom of your deck in any order</strong>: Play up to 1 Character card with a type including ""CP"" and a cost of 4 or less other than [Spandine] from your trash rested.",Black,Character,3,2000,CP9,Wisdom,32.0,40.0,74.99,38.82,,Foil,1000,
623626,DON!! Card (Black and Gold),DON Card Black and Gold,https://tcgplayer-cdn.tcgplayer.com/product/623626_200w.jpg,68,17675,https://cpt.tcgcsv.com/xs_6,2025-04-25T14:30:26.893,1,PR,,Your Turn +1000,,DON!!,,,,,11.0,14.7,9999.0,14.44,,Foil,,
623629,Spandine (Online Regional Champion Card Set 2025 Vol.1),Spandine Online Regional Champion Card Set 2025 Vol1,https://tcgplayer-cdn.tcgplayer.com/product/623629_200w.jpg,68,17675,https://cpt.tcgcsv.com/Cs_6,2026-02-27T16:25:58.417,1,R,EB01-043,"[On Play] <strong>You may place 3 cards with a type including ""CP"" from your trash at the bottom of your deck in any order</strong>: Play up to 1 Character card with a type including ""CP"" and a cost of 4 or less other than [Spandine] from your trash rested.",Black,Character,3,2000,CP9,Wisdom,,,,,,,1000,
623630,Urouge (Online Regional Champion Card Set 2025 Vol.1),Urouge Online Regional Champion Card Set 2025 Vol1,https://tcgplayer-cdn.tcgplayer.com/product/623630_200w.jpg,68,17675,https://cpt.tcgcsv.com/Ds_6,2026-02-27T16:32:47.233,1,R,OP07-021,"[Blocker] <em>(After your opponent declares an attack, you may rest this card to make it the new target of the attack.)</em>
<br>[End of Your Turn] Set up to 1 of your DON!! cards as active.",Green,Character,4,5000,Fallen Monk Pirates;Supernovas,Strike,,,,,,,1000,
623631,Nico Olvia (Online Regional Champion Card Set 2025 Vol.1),Nico Olvia Online Regional Champion Card Set 2025 Vol1,https://tcgplayer-cdn.tcgplayer.com/product/623631_200w.jpg,68,17675,https://cpt.tcgcsv.com/Fs_6,2026-02-27T16:40:05.84,1,C,OP09-106,"[On Play] Up to 1 of your [Nico Robin] Leader gains +3000 power during this turn.<br>
[Trigger] If your Leader is [Nico Robin], draw 3 cards and trash 2 cards from your hand.",Yellow,Character,1,,Ohara,Wisdom,,,,,,,2000,
623632,Adio (Online Regional Champion Card Set 2025 Vol.1),Adio Online Regional Champion Card Set 2025 Vol1,https://tcgplayer-cdn.tcgplayer.com/product/623632_200w.jpg,68,17675,https://cpt.tcgcsv.com/Gs_6,2026-02-27T16:36:09.247,1,PR,P-078,"If you have 2 or more rested ""ODYSSEY"" type Characters, this Character gains +1000 power.",Green,Character,4,5000,ODYSSEY,Ranged,,,,,,,2000,
624673,DON!! Card (Tin Pack Set Vol. 1 -Gol.D.Roger-),DON Card Tin Pack Set Vol 1 GolDRoger,https://tcgplayer-cdn.tcgplayer.com/product/624673_200w.jpg,68,17675,https://cpt.tcgcsv.com/tT_6,2025-09-18T16:00:34.023,1,DON!!,,Your Turn +1000,,DON!!,,,,,1.19,2.18,8.99,1.74,,Normal,,
624673,DON!! Card (Tin Pack Set Vol. 1 -Gol.D.Roger-),DON Card Tin Pack Set Vol 1 GolDRoger,https://tcgplayer-cdn.tcgplayer.com/product/624673_200w.jpg,68,17675,https://cpt.tcgcsv.com/tT_6,2025-09-18T16:00:34.023,1,DON!!,,Your Turn +1000,,DON!!,,,,,1.9,2.34,19.95,2.09,,Foil,,
624674,DON!! Card (Tin Pack Set Vol. 1 -Monkey.D.Luffy-),DON Card Tin Pack Set Vol 1 MonkeyDLuffy,https://tcgplayer-cdn.tcgplayer.com/product/624674_200w.jpg,68,17675,https://cpt.tcgcsv.com/vT_6,2025-09-18T16:00:42.157,1,DON!!,,Your Turn +1000,,DON!!,,,,,3.51,4.44,9999.0,4.21,,Foil,,
624674,DON!! Card (Tin Pack Set Vol. 1 -Monkey.D.Luffy-),DON Card Tin Pack Set Vol 1 MonkeyDLuffy,https://tcgplayer-cdn.tcgplayer.com/product/624674_200w.jpg,68,17675,https://cpt.tcgcsv.com/vT_6,2025-09-18T16:00:42.157,1,DON!!,,Your Turn +1000,,DON!!,,,,,2.99,4.5,50.0,3.67,,Normal,,
624989,Monkey.D.Luffy (BVB x One Piece Campaign),MonkeyDLuffy BVB x One Piece Campaign,https://tcgplayer-cdn.tcgplayer.com/product/624989_200w.jpg,68,17675,https://cpt.tcgcsv.com/P__6,2025-03-26T14:03:16.063,1,L,ST13-003,"Your face-up Life cards are placed at the bottom of your deck instead of being added to your hand, according to the rules.
<br>
[DON!! x2][Activate: Main][Once Per Turn]<strong>You may trash 1 card from your hand</strong>: If you have 0 Life cards, add up to 2 Character cards with a cost of 5 from your hand or trash to the top of your Life cards face-up.",Yellow,Leader,,5000,Straw Hat Crew;Supernovas,Strike,912.52,1201.21,1950.0,730.27,,Foil,,4
626667,Baby 5 (Premium Card Collection -Best Selection Vol. 3-),Baby 5 Premium Card Collection Best Selection Vol 3,https://tcgplayer-cdn.tcgplayer.com/product/626667_200w.jpg,68,17675,https://cpt.tcgcsv.com/mH07,2025-04-08T14:03:11.393,1,UC,OP04-032,[End of Your Turn] <strong>You may trash this Character</strong>: Set up to 2 of your DON!! cards as active.,Green,Character,1,1000,Donquixote Pirates,Special,3.98,5.02,40.0,4.85,,Foil,2000,
626668,Emporio.Ivankov (Premium Card Collection -Best Selection Vol. 3-),EmporioIvankov Premium Card Collection Best Selection Vol 3,https://tcgplayer-cdn.tcgplayer.com/product/626668_200w.jpg,68,17675,https://cpt.tcgcsv.com/nH07,2025-04-08T14:04:01.587,1,UC,OP05-004,"[Activate:Main][Once Per Turn] If this Character has 7000 power or more, play up to 1 [Revolutionary Army] type Character card with 5000 power or less other than [Emporio.Ivankov] from your hand.",Red,Character,4,5000,Revolutionary Army,Special,3.55,5.0,40.0,4.78,,Foil,1000,
626669,Raise Max (Premium Card Collection -Best Selection Vol. 3-),Raise Max Premium Card Collection Best Selection Vol 3,https://tcgplayer-cdn.tcgplayer.com/product/626669_200w.jpg,68,17675,https://cpt.tcgcsv.com/pH07,2025-04-08T14:04:50.783,1,UC,OP06-016,[Activate:Main] <strong>You may place this Character at the bottom of the owner's deck</strong>: Give up to 1 of your opponent's Characters -3000 power during this turn.,Red,Character,1,2000,FILM;Revolutionary Army,Wisdom,1.48,2.72,49.99,1.76,,Foil,,
626671,Dr. Hogback (Premium Card Collection -Best Selection Vol. 3-),Dr Hogback Premium Card Collection Best Selection Vol 3,https://tcgplayer-cdn.tcgplayer.com/product/626671_200w.jpg,68,17675,https://cpt.tcgcsv.com/rH07,2025-04-08T14:05:18.27,1,R,OP06-090,"[On Play] <strong>You may return 2 cards from your trash to the bottom of your deck in any order:</strong> Add up to 1 ""Thriller Bark Pirates"" type card other than [Dr. Hogback] from your trash to your hand.",Black,Character,4,5000,Thriller Bark Pirates,Wisdom,2.5,5.06,45.0,2.9,,Foil,1000,
626672,Atmos (Premium Card Collection -Best Selection Vol. 3-),Atmos Premium Card Collection Best Selection Vol 3,https://tcgplayer-cdn.tcgplayer.com/product/626672_200w.jpg,68,17675,https://cpt.tcgcsv.com/sH07,2025-04-08T14:07:20.167,1,UC,OP08-040,"[On Play] You may reveal 2 cards with a type including ""Whitebeard Piratess"" from your hand: If your Leader's type includes ""Whitebeard Piratess"", return up to 1 of your opponent's Characters with a cost of 4 or less to the owner's hand.",Blue,Character,4,5000,Whitebeard Pirates,Slash,2.0,5.37,40.0,3.18,,Foil,1000,
626673,Ryuma (Oda Stamped Signature) (Premium Card Collection -Best Selection Vol. 3-),Ryuma Oda Stamped Signature Premium Card Collection Best Selection Vol 3,https://tcgplayer-cdn.tcgplayer.com/product/626673_200w.jpg,68,17675,https://cpt.tcgcsv.com/tH07,2026-01-20T15:32:53.823,1,PR,P-072,[On Play]/[On K.O.] Rest up to 1 of your opponent's Characters with a cost of 4 or less.,Green,Character,4,6000,Monsters,Slash,60.0,89.0,199.99,88.35,,Foil,,
626674,Sabo (Premium Card Collection -Best Selection Vol. 3-),Sabo Premium Card Collection Best Selection Vol 3,https://tcgplayer-cdn.tcgplayer.com/product/626674_200w.jpg,68,17675,https://cpt.tcgcsv.com/vH07,2025-04-08T14:19:07.733,1,PR,P-073,[Activate:Main][Once Per Turn] <strong>You may add 1 card from the top or bottom of your Life cards to your hand</strong>: This character gains +1000 power during this turn.,Yellow,Character,5,5000,Revolutionary Army;Dressrosa,Special,2.65,4.0,40.0,2.98,,Foil,2000,
626675,Portgas.D.Ace (Premium Card Collection -Best Selection Vol. 3-),PortgasDAce Premium Card Collection Best Selection Vol 3,https://tcgplayer-cdn.tcgplayer.com/product/626675_200w.jpg,68,17675,https://cpt.tcgcsv.com/wH07,2025-04-08T14:20:49.523,1,PR,P-074,[Activate:Main] <strong>You may return this Character to the owner's hand</strong>: Look at 5 cards from the top of your deck and place them as the top or bottom of the deck in any order.,Blue,Character,3,4000,Whitebeard Pirates,Special,6.69,9.87,80.0,8.95,,Foil,1000,
627095,Monkey.D.Luffy (Premium Card Collection -Best Selection Vol. 3-),MonkeyDLuffy Premium Card Collection Best Selection Vol 3,https://tcgplayer-cdn.tcgplayer.com/product/627095_200w.jpg,68,17675,https://cpt.tcgcsv.com/WR07,2025-04-08T14:23:00.337,1,PR,P-075,"[On Play] Give up to 1 rested DON!! card to your Leader or 1 of your Characters.
<br>[When Attacking] If you have a Character with a cost of 8 or more on your field, draw 1 card and trash 1 card from your hand.",Black,Character,7,7000,Straw Hat Crew;Supernovas,Strike,19.52,39.99,99.99,39.09,,Foil,,
627239,Ulti (Premium Card Collection -Best Selection Vol. 3-),Ulti Premium Card Collection Best Selection Vol 3,https://tcgplayer-cdn.tcgplayer.com/product/627239_200w.jpg,68,17675,https://cpt.tcgcsv.com/PV07,2025-04-08T14:24:08.77,1,C,ST04-002,[On Play] DON!! -1 <em>(You may return the specified number of DON!! cards from your field to your DON!! deck.)</em>: Play up to 1 [Page One] card with a cost of 4 or less from your hand.,Purple,Character,4,5000,Animal Kingdom Pirates,Strike,4.0,6.0,9.99,5.23,,Foil,2000,
627320,Ain (Premium Card Collection -Best Selection Vol. 3-),Ain Premium Card Collection Best Selection Vol 3,https://tcgplayer-cdn.tcgplayer.com/product/627320_200w.jpg,68,17675,https://cpt.tcgcsv.com/qX07,2025-04-08T14:24:51.637,1,C,ST05-002,[On Play] Add up to 1 DON!! card from your DON!! deck and rest it.,Purple,Character,4,5000,Neo Navy,Special,2.48,3.98,40.0,3.4,,Foil,,
627456,Makino (Premium Card Collection -Best Selection Vol. 3-),Makino Premium Card Collection Best Selection Vol 3,https://tcgplayer-cdn.tcgplayer.com/product/627456_200w.jpg,68,17675,https://cpt.tcgcsv.com/8_07,2025-04-08T14:26:14.773,1,C,ST13-012,[On Play] <strong>You may add 1 card from the top or bottom of your Life cards to your hand</strong>: Look at all of your Life cards and place them back in your Life area in any order.,Yellow,Character,1,0,Windmill Village,Wisdom,4.0,5.64,31.0,4.85,,Foil,2000,
627696,Tony Tony.Chopper (Convention Promo 2025),Tony TonyChopper Convention Promo 2025,https://tcgplayer-cdn.tcgplayer.com/product/627696_200w.jpg,68,17675,https://cpt.tcgcsv.com/X527,2025-05-05T16:26:49.277,1,C,OP09-029,"[End of Your Turn] Set up to 1 of your ""ODYSSEY"" type Characters with a cost of 4 or less as active.",Green,Character,3,4000,Animal;Straw Hat Crew;ODYSSEY,Strike,19.0,33.59,80.0,31.99,,Normal,1000,
629756,Trafalgar Law (Treasure Cup 2025),Trafalgar Law Treasure Cup 2025,https://tcgplayer-cdn.tcgplayer.com/product/629756_200w.jpg,68,17675,https://cpt.tcgcsv.com/8W27,2025-05-02T20:05:41.4,1,R,OP09-069,"[On Play] Look at 4 cards from the top of your deck; reveal up to 1 ""Straw Hat Crew"" or ""Heart Pirates"" type card with a cost of 2 or more and add it to your hand. Then, place the rest at the bottom of your deck in any order.",Purple,Character,1,2000,Heart Pirates,Slash,,,,,,,1000,
629757,Charlotte Pudding (Treasure Cup 2025),Charlotte Pudding Treasure Cup 2025,https://tcgplayer-cdn.tcgplayer.com/product/629757_200w.jpg,68,17675,https://cpt.tcgcsv.com/9W27,2025-05-02T20:05:30.333,1,R,OP08-067,"[Your Turn] [Once Per Turn] When a DON!! card on your field is returned to your DON!! deck, add up to 1 DON!! card from your DON!! deck and rest it.",Purple,Character,3,4000,Big Mom Pirates,Wisdom,1550.0,1674.97,1799.94,600.0,,Foil,1000,
629758,Laboon (Treasure Cup 2025),Laboon Treasure Cup 2025,https://tcgplayer-cdn.tcgplayer.com/product/629758_200w.jpg,68,17675,https://cpt.tcgcsv.com/bW27,2025-05-02T20:05:35.923,1,SR,EB01-048,[Activate:Main]<strong>You may rest this Character</strong>: Give up to 1 of your opponent's Characters -4 cost during this turn.,Black,Character,4,5000,Animal,Strike,1400.0,3249.5,7795.0,1300.0,,Foil,1000,
629815,One Piece Tin Pack Set Vol. 1 [Set of 2],One Piece Tin Pack Set Vol 1 Set of 2,https://tcgplayer-cdn.tcgplayer.com/product/629815_200w.jpg,68,17675,https://cpt.tcgcsv.com/kX27,2025-05-08T14:08:07.03,1,,,,,,,,,,108.0,115.0,200.0,98.47,,Normal,,
630009,Portgas.D.Ace (Serial Numbered),PortgasDAce Serial Numbered,https://tcgplayer-cdn.tcgplayer.com/product/630009_200w.jpg,68,17675,https://cpt.tcgcsv.com/c037,2025-05-02T20:17:37.587,1,SEC,OP07-119,"[On Play] Add up to 1 card from the top of your deck to the top of your Life cards. Then, if you have 2 or less Life cards, this Character gains [Rush] during this turn.
<em>(This card can attack on the turn in which it is played.)</em>",Yellow,Character,10,10000,Whitebeard Pirates,Special,,,,,,,,
630420,Crocodile (Store 2-on-2 Battle 2025),Crocodile Store 2 on 2 Battle 2025,https://tcgplayer-cdn.tcgplayer.com/product/630420_200w.jpg,68,17675,https://cpt.tcgcsv.com/qb37,2025-06-06T14:32:59.63,1,PR,P-082,"[Your Turn] [On Play] If your Leader has the {Cross Guild} type or a type including ""Baroque Works"", place up to 1 of your opponent's Characters with 2000 power or less at the bottom of the owner's deck.",Blue,Character,5,7000,Former Baroque Works;Cross Guild,Special,0.18,0.59,50.0,0.59,,Normal,,
630428,Crocodile (Store 2-on-2 Battle 2025 Winner),Crocodile Store 2 on 2 Battle 2025 Winner,https://tcgplayer-cdn.tcgplayer.com/product/630428_200w.jpg,68,17675,https://cpt.tcgcsv.com/Bb37,2025-06-06T14:33:06.267,1,PR,P-082,"[Your Turn] [On Play] If your Leader has the {Cross Guild} type or a type including ""Baroque Works"", place up to 1 of your opponent's Characters with 2000 power or less at the bottom of the owner's deck.",Blue,Character,5,7000,Former Baroque Works;Cross Guild,Special,25.46,45.0,100.0,28.4,,Foil,,
632670,Charlotte Pudding (Store Treasure Cup 2025),Charlotte Pudding Store Treasure Cup 2025,https://tcgplayer-cdn.tcgplayer.com/product/632670_200w.jpg,68,17675,https://cpt.tcgcsv.com/q557,2025-05-29T16:28:55.523,1,R,OP08-067,"[Your Turn] [Once Per Turn] When a DON!! card on your field is returned to your DON!! deck, add up to 1 DON!! card from your DON!! deck and rest it.",Purple,Character,3,4000,Big Mom Pirates,Wisdom,110.0,140.74,174.99,98.33,,Foil,1000,
634529,Dracule Mihawk (OP11 Release Event),Dracule Mihawk OP11 Release Event,https://tcgplayer-cdn.tcgplayer.com/product/634529_200w.jpg,68,17675,https://cpt.tcgcsv.com/CQ57,2025-08-14T13:49:41.25,1,PR,P-081,"[Activate:Main] <strong>You may return this Character to the owner's hand:</strong> If you have 3 or more blue ""Cross Guild"" type Characters, play up to 1 ""Cross Guild"" type Character card with a cost of 5 from your hand.",Blue,Character,4,5000,Cross Guild,Slash,0.13,0.49,4.99,0.44,,Normal,1000,
634530,Dracule Mihawk (OP11 Release Event Winner),Dracule Mihawk OP11 Release Event Winner,https://tcgplayer-cdn.tcgplayer.com/product/634530_200w.jpg,68,17675,https://cpt.tcgcsv.com/DQ57,2025-08-14T13:49:30.94,1,PR,P-081,"[Activate:Main] <strong>You may return this Character to the owner's hand:</strong> If you have 3 or more blue ""Cross Guild"" type Characters, play up to 1 ""Cross Guild"" type Character card with a cost of 5 from your hand.",,Character,4,5000,,,18.99,29.98,200.0,28.62,,Foil,1000,
635470,Buggy (English Version 2nd  Anniversary Set),Buggy English Version 2nd Anniversary Set,https://tcgplayer-cdn.tcgplayer.com/product/635470_200w.jpg,68,17675,https://cpt.tcgcsv.com/qc67,2026-03-30T13:00:25.777,1,L,OP09-042,"[Activate: Main] <strong>You may rest 5 of your DON!! cards and trash 1 card from your hand</strong>: Play up to 1 ""Cross Guild"" type Character card from your hand.",Blue,Leader,,5000,The Four Emperors;Cross Guild,Slash,74.27,100.0,9999.0,74.47,,Foil,,5
635471,Shanks (English Version 2nd Anniversary Set),Shanks English Version 2nd Anniversary Set,https://tcgplayer-cdn.tcgplayer.com/product/635471_200w.jpg,68,17675,https://cpt.tcgcsv.com/rc67,2026-03-30T13:00:10.61,1,L,OP09-001,[Once Per Turn] This effect can be activated when your opponent attacks. Give up to 1 of your opponent's Leader or Character cards 1000 power during this turn.,Red,Leader,,5000,The Four Emperors;Red-Haired Pirates,Slash,129.99,154.99,9999.0,143.59,,Foil,,5
635472,Marshall.D.Teach (English Version 2nd Anniversary Set),MarshallDTeach English Version 2nd Anniversary Set,https://tcgplayer-cdn.tcgplayer.com/product/635472_200w.jpg,68,17675,https://cpt.tcgcsv.com/sc67,2026-03-30T13:01:01.417,1,L,OP09-081,"Your [On Play] effects are negated.<br>
[Activate: Main] <strong>You may trash 1 card from your hand</strong>: Your opponent's [On Play] effects are negated until the end of your opponent's next turn.",Black,Leader,,5000,Blackbeard Pirates;The Four Emperors,Special,70.0,91.99,9999.0,79.95,,Foil,,5
635473,Monkey.D.Luffy (English Version 2nd Anniversary Set),MonkeyDLuffy English Version 2nd Anniversary Set,https://tcgplayer-cdn.tcgplayer.com/product/635473_200w.jpg,68,17675,https://cpt.tcgcsv.com/tc67,2026-03-30T13:00:49.433,1,L,OP09-061,"[DON!! x1] All of your Characters gain +1 cost.<br>
[Your Turn] [Once Per Turn] When 2 or more DON!! cards on your field are returned to your DON!! deck, add up to 1 DON!! card from your DON!! deck and set it as active, and add up to 1 additional DON!! card and rest it.",Purple;Black,Leader,,5000,Straw Hat Crew;The Four Emperors,Strike,500.0,543.7,9999.0,531.16,,Foil,,4
635475,DON!! Card (English Version 2nd Anniversary Set),DON Card English Version 2nd Anniversary Set,https://tcgplayer-cdn.tcgplayer.com/product/635475_200w.jpg,68,17675,https://cpt.tcgcsv.com/wc67,2025-06-06T15:34:08.88,1,DON!!,,Your Turn +1000,,DON!!,,,,,14.0,17.92,9999.0,16.57,,Foil,,
635476,Buggy (051) (English Version 2nd Anniversary Set),Buggy 051 English Version 2nd Anniversary Set,https://tcgplayer-cdn.tcgplayer.com/product/635476_200w.jpg,68,17675,https://cpt.tcgcsv.com/xc67,2026-03-30T13:00:35.45,1,R,OP09-051,"[On Play] Place up to 1 of your opponent's Characters at the bottom of the owner's deck. Then, if you do not have 5 Characters with a cost of 5 or more, place this Character at the bottom of the owner's deck.",Blue,Character,10,12000,The Four Emperors;Cross Guild,Slash,44.99,53.19,9999.0,47.76,,Foil,,
635477,Shanks (004) (English Version 2nd Anniversary Set),Shanks 004 English Version 2nd Anniversary Set,https://tcgplayer-cdn.tcgplayer.com/product/635477_200w.jpg,68,17675,https://cpt.tcgcsv.com/zc67,2026-03-30T13:05:43.04,1,SR,OP09-004,"Give all of your opponent's Characters 1000 power.<br>
[Rush] <em>(This card can attack on the turn in which it is played.)</em>",Red,Character,10,12000,The Four Emperors;Red-Haired Pirates,Slash,55.99,65.73,9999.0,61.95,,Foil,,
635478,Marshall.D.Teach (093) (English Version 2nd Anniversary Set),MarshallDTeach 093 English Version 2nd Anniversary Set,https://tcgplayer-cdn.tcgplayer.com/product/635478_200w.jpg,68,17675,https://cpt.tcgcsv.com/Bc67,2026-03-30T13:01:15.393,1,SR,OP09-093,"[Blocker]<br>
[Activate: Main] [Once Per Turn] If your Leader has the ""Blackbeard Pirates"" type and this Character was played on this turn, negate the effect of up to 1 of your opponent's Leader during this turn. Then, negate the effect of up to 1 of your opponent's Characters and that Character cannot attack until the end of your opponent's next turn.",Black,Character,10,12000,Blackbeard Pirates;The Four Emperors,Special,77.99,85.0,9999.0,83.07,,Foil,,
635479,Monkey.D.Luffy (119) (English Version 2nd Anniversary Set),MonkeyDLuffy 119 English Version 2nd Anniversary Set,https://tcgplayer-cdn.tcgplayer.com/product/635479_200w.jpg,68,17675,https://cpt.tcgcsv.com/Cc67,2026-03-30T12:59:51.47,1,SEC,OP05-119,"[On Play] DON!! -10: Place all of your Characters except this Character at the bottom of your deck in any order. Then, take an extra turn after this one.
<br>
[Activate:Main][Once Per Turn] (1): Add up to 1 DON!! card from your DON!! deck and set it as active.",Purple,Character,10,12000,Straw Hat Crew;The Four Emperors,Strike,103.99,133.53,9999.0,119.84,,Foil,,
636531,Beginners Deck Party [ST-23] - [ST-28] Participation Pack,Beginners Deck Party ST 23 ST 28 Participation Pack,https://tcgplayer-cdn.tcgplayer.com/product/636531_200w.jpg,68,17675,https://cpt.tcgcsv.com/FD67,2025-06-10T17:44:44.41,1,,,,,,,,,,,,,,,,,
636532,Beginners Deck Party [ST-23] - [ST-28] Winner Pack,Beginners Deck Party ST 23 ST 28 Winner Pack,https://tcgplayer-cdn.tcgplayer.com/product/636532_200w.jpg,68,17675,https://cpt.tcgcsv.com/GD67,2025-06-10T17:45:04.877,1,,,,,,,,,,899.99,899.99,899.99,148.73,,Normal,,
636535,Jesus Burgess (Beginners Deck Party [ST-23] - [ST-28] Participation Pack),Jesus Burgess Beginners Deck Party ST 23 ST 28 Participation Pack,https://tcgplayer-cdn.tcgplayer.com/product/636535_200w.jpg,68,17675,https://cpt.tcgcsv.com/KD67,2025-06-06T14:42:56.783,1,UC,OP10-085,"[DON!! x1] If you have 8 or more cards in your trash, this Character gains [Rush].",Black,Character,5,6000,Blackbeard Pirates;Dressrosa,Strike,0.25,0.5,20.0,0.42,,Normal,,
636536,Jesus Burgess (Beginners Deck Party [ST-23] - [ST-28] Winner Pack),Jesus Burgess Beginners Deck Party ST 23 ST 28 Winner Pack,https://tcgplayer-cdn.tcgplayer.com/product/636536_200w.jpg,68,17675,https://cpt.tcgcsv.com/LD67,2025-06-06T14:43:40.413,1,UC,OP10-085,"[DON!! x1] If you have 8 or more cards in your trash, this Character gains [Rush].",Black,Character,5,6000,Blackbeard Pirates;Dressrosa,Strike,89.99,92.95,97.0,30.24,,Foil,,
636538,Trafalgar Law (Beginners Deck Party [ST-23] - [ST-28] Participation Pack),Trafalgar Law Beginners Deck Party ST 23 ST 28 Participation Pack,https://tcgplayer-cdn.tcgplayer.com/product/636538_200w.jpg,68,17675,https://cpt.tcgcsv.com/ND67,2025-06-06T14:45:14.463,1,R,OP09-069,"[On Play] Look at 4 cards from the top of your deck; reveal up to 1 ""Straw Hat Crew"" or ""Heart Pirates"" type card with a cost of 2 or more and add it to your hand. Then, place the rest at the bottom of your deck in any order.",Purple,Character,1,2000,Heart Pirates,Slash,2.0,4.42,19.99,2.39,,Normal,1000,
636539,Trafalgar Law (Beginners Deck Party [ST-23] - [ST-28] Winner Pack),Trafalgar Law Beginners Deck Party ST 23 ST 28 Winner Pack,https://tcgplayer-cdn.tcgplayer.com/product/636539_200w.jpg,68,17675,https://cpt.tcgcsv.com/PD67,2025-06-06T14:45:50.913,1,R,OP09-069,"[On Play] Look at 4 cards from the top of your deck; reveal up to 1 ""Straw Hat Crew"" or ""Heart Pirates"" type card with a cost of 2 or more and add it to your hand. Then, place the rest at the bottom of your deck in any order.",Purple,Character,1,2000,Heart Pirates,Slash,500.0,550.0,1051.0,161.19,,Foil,1000,
636541,Uta (Beginners Deck Party [ST-23] - [ST-28] Participation Pack),Uta Beginners Deck Party ST 23 ST 28 Participation Pack,https://tcgplayer-cdn.tcgplayer.com/product/636541_200w.jpg,68,17675,https://cpt.tcgcsv.com/RD67,2025-06-06T14:48:39.78,1,R,OP09-002,"[On Play] Look at 5 cards from the top of your deck; reveal up to 1 ""Red-Haired Pirates"" type card and add it to your hand. Then, place the rest at the bottom of your deck in any order.",Red,Character,1,2000,FILM,Special,2.07,6.5,19.99,1.97,,Normal,1000,
636543,Uta (Beginners Deck Party [ST-23] - [ST-28] Winner Pack),Uta Beginners Deck Party ST 23 ST 28 Winner Pack,https://tcgplayer-cdn.tcgplayer.com/product/636543_200w.jpg,68,17675,https://cpt.tcgcsv.com/TD67,2025-06-06T14:49:12.413,1,R,OP09-002,"[On Play] Look at 5 cards from the top of your deck; reveal up to 1 ""Red-Haired Pirates"" type card and add it to your hand. Then, place the rest at the bottom of your deck in any order.",Red,Character,1,2000,FILM,Special,209.68,239.97,259.99,114.37,,Foil,1000,
636545,Monkey.D.Luffy (Beginners Deck Party [ST-23] - [ST-28] Participation Pack),MonkeyDLuffy Beginners Deck Party ST 23 ST 28 Participation Pack,https://tcgplayer-cdn.tcgplayer.com/product/636545_200w.jpg,68,17675,https://cpt.tcgcsv.com/WD67,2025-06-06T14:52:51.62,1,C,ST16-005,"If you have a rested [Uta], this Character gains +1000 power.",Green,Character,2,3000,FILM;Straw Hat Crew;Supernovas,Strike,4.7,6.0,14.99,4.76,,Normal,2000,
636546,Monkey.D.Luffy (Beginners Deck Party [ST-23] - [ST-28] Winner Pack),MonkeyDLuffy Beginners Deck Party ST 23 ST 28 Winner Pack,https://tcgplayer-cdn.tcgplayer.com/product/636546_200w.jpg,68,17675,https://cpt.tcgcsv.com/XD67,2025-06-06T14:53:32.933,1,C,ST16-005,"If you have a rested [Uta], this Character gains +1000 power.",Green,Character,2,3000,FILM;Straw Hat Crew;Supernovas,Strike,299.9,449.9,504.47,180.2,,Foil,2000,
636548,Mr. 1 (Daz.Bonez) (Beginners Deck Party [ST-23] - [ST-28] Participation Pack),Mr 1 DazBonez Beginners Deck Party ST 23 ST 28 Participation Pack,https://tcgplayer-cdn.tcgplayer.com/product/636548_200w.jpg,68,17675,https://cpt.tcgcsv.com/-D67,2025-06-06T14:57:09.23,1,R,EB01-027,"If your Leader's type includes ""Baroque Works"", this Character gains +1000 power for every 2 Events in your trash.
<br>
[On Play] Draw 2 cards and trash 1 card from your hand.",Blue,Character,5,6000,Baroque Works,Slash,0.19,0.5,20.0,0.45,,Normal,1000,
636549,Mr. 1 (Daz.Bonez) (Beginners Deck Party [ST-23] - [ST-28] Winner Pack),Mr 1 DazBonez Beginners Deck Party ST 23 ST 28 Winner Pack,https://tcgplayer-cdn.tcgplayer.com/product/636549_200w.jpg,68,17675,https://cpt.tcgcsv.com/_D67,2025-06-06T14:57:41.297,1,R,EB01-027,"If your Leader's type includes ""Baroque Works"", this Character gains +1000 power for every 2 Events in your trash.
<br>
[On Play] Draw 2 cards and trash 1 card from your hand.",Blue,Character,5,6000,Baroque Works,Slash,150.0,150.0,150.0,14.04,,Foil,1000,
636550,O-Nami (Beginners Deck Party [ST-23] - [ST-28] Participation Pack),O Nami Beginners Deck Party ST 23 ST 28 Participation Pack,https://tcgplayer-cdn.tcgplayer.com/product/636550_200w.jpg,68,17675,https://cpt.tcgcsv.com/0F67,2025-06-06T14:59:14.677,1,R,OP06-101,"[On Play] Up to 1 of your Leader or Character cards gains [Banish] during this turn.
<br><em>(When this card deals damage, the target card is trashed without activating its Trigger.)</em>
<br>[Trigger] K.O. up to 1 of your opponent's Characters with a cost of 5 or less.",Yellow,Character,2,3000,Straw Hat Crew,Special,7.49,9.0,29.0,7.79,,Normal,1000,
636551,O-Nami (Beginners Deck Party [ST-23] - [ST-28] Winner Pack),O Nami Beginners Deck Party ST 23 ST 28 Winner Pack,https://tcgplayer-cdn.tcgplayer.com/product/636551_200w.jpg,68,17675,https://cpt.tcgcsv.com/2F67,2025-06-06T14:59:55.027,1,R,OP06-101,"[On Play] Up to 1 of your Leader or Character cards gains [Banish] during this turn.
<br><em>(When this card deals damage, the target card is trashed without activating its Trigger.)</em>
<br>[Trigger] K.O. up to 1 of your opponent's Characters with a cost of 5 or less.",Yellow,Character,2,3000,Straw Hat Crew,Special,449.99,471.99,2000.0,226.16,,Foil,1000,
641163,Zeus (Official Playmat -Bandai Card Games Fest 24-25 Edition-),Zeus Official Playmat Bandai Card Games Fest 24 25 Edition,https://tcgplayer-cdn.tcgplayer.com/product/641163_200w.jpg,68,17675,https://cpt.tcgcsv.com/ht87,2025-09-25T15:21:33.1,1,R,OP11-106,[On Play] <strong>You may add 1 card from the top or bottom of your Life cards to your hand:</strong> K.O. up to 1 of your opponent's Characters with a cost of 5 or less.,Yellow,Character,2,2000,Big Mom Pirates;Homies,Special,235.0,267.96,499.99,218.85,,Foil,2000,
641167,Winner Pack 2025 Vol. 3,Winner Pack 2025 Vol 3,https://tcgplayer-cdn.tcgplayer.com/product/641167_200w.jpg,68,17675,https://cpt.tcgcsv.com/mt87,2025-07-10T19:05:48.337,1,,,,,,,,,,35.0,44.99,99.99,23.79,,Normal,,
641169,Tournament Pack 2025 Vol. 3,Tournament Pack 2025 Vol 3,https://tcgplayer-cdn.tcgplayer.com/product/641169_200w.jpg,68,17675,https://cpt.tcgcsv.com/pt87,2025-07-10T19:05:36.753,1,,,,,,,,,,1.24,1.78,20.0,1.52,,Normal,,
641196,Charlotte Katakuri (Tournament Pack 2025 Vol. 3),Charlotte Katakuri Tournament Pack 2025 Vol 3,https://tcgplayer-cdn.tcgplayer.com/product/641196_200w.jpg,68,17675,https://cpt.tcgcsv.com/Xt87,2025-07-02T14:08:29.857,1,UC,OP08-062,"[Activate:Main] You may trash this Character: If your Leader has the {Big Mom Pirates} type, play up to 1 [Charlotte Katakuri] from your hand with a cost of 3 or more that is equal to or less than the number of DON!! cards on your opponent's field.",Purple,Character,2,3000,Big Mom Pirates,Strike,0.18,0.6,10.0,0.72,,Normal,1000,
641198,Charlotte Katakuri (Winner Pack 2025 Vol. 3),Charlotte Katakuri Winner Pack 2025 Vol 3,https://tcgplayer-cdn.tcgplayer.com/product/641198_200w.jpg,68,17675,https://cpt.tcgcsv.com/-t87,2025-07-02T14:08:20.573,1,UC,OP08-062,"[Activate:Main] You may trash this Character: If your Leader has the {Big Mom Pirates} type, play up to 1 [Charlotte Katakuri] from your hand with a cost of 3 or more that is equal to or less than the number of DON!! cards on your opponent's field.",Purple,Character,2,3000,Big Mom Pirates,Strike,13.99,19.72,50.0,18.0,,Foil,1000,
641199,Sengoku (Tournament Pack 2025 Vol. 3),Sengoku Tournament Pack 2025 Vol 3,https://tcgplayer-cdn.tcgplayer.com/product/641199_200w.jpg,68,17675,https://cpt.tcgcsv.com/_t87,2025-07-02T14:08:09.79,1,C,ST19-002,"[On Play] You may trash 2 black ""Navy"" type cards from your hand: If your Leader has the ""Navy"" type, draw 3 cards.",Black,Character,1,1000,Navy,Wisdom,0.1,0.26,1.58,0.25,,Normal,1000,
641201,Sengoku (Winner Pack 2025 Vol. 3),Sengoku Winner Pack 2025 Vol 3,https://tcgplayer-cdn.tcgplayer.com/product/641201_200w.jpg,68,17675,https://cpt.tcgcsv.com/2v87,2025-07-02T14:07:59.507,1,C,ST19-002,"[On Play] You may trash 2 black ""Navy"" type cards from your hand: If your Leader has the ""Navy"" type, draw 3 cards.",Black,Character,1,1000,Navy,Wisdom,3.0,4.36,20.0,3.22,,Foil,1000,
641202,Roronoa Zoro (Tournament Pack 2025 Vol. 3),Roronoa Zoro Tournament Pack 2025 Vol 3,https://tcgplayer-cdn.tcgplayer.com/product/641202_200w.jpg,68,17675,https://cpt.tcgcsv.com/3v87,2025-07-02T14:07:43.733,1,R,EB02-019,"If your opponent has 2 or more Characters, this Character can attack Characters on the turn in which it is played.<br>
[On Play] If your Leader has the ""Straw Hat Crew"" type, rest up to 1 of your opponent's Characters with a cost of 4 or less.",Green,Character,4,5000,Straw Hat Crew;East Blue,Slash,0.24,0.49,25.0,0.47,,Normal,1000,
641203,Roronoa Zoro (Winner Pack 2025 Vol. 3),Roronoa Zoro Winner Pack 2025 Vol 3,https://tcgplayer-cdn.tcgplayer.com/product/641203_200w.jpg,68,17675,https://cpt.tcgcsv.com/5v87,2025-07-02T14:07:32.177,1,R,EB02-019,"If your opponent has 2 or more Characters, this Character can attack Characters on the turn in which it is played.<br>
[On Play] If your Leader has the ""Straw Hat Crew"" type, rest up to 1 of your opponent's Characters with a cost of 4 or less.",Green,Character,4,5000,Straw Hat Crew;East Blue,Slash,29.73,47.56,149.99,43.42,,Foil,1000,
641205,Jinbe (Tournament Pack 2025 Vol. 3),Jinbe Tournament Pack 2025 Vol 3,https://tcgplayer-cdn.tcgplayer.com/product/641205_200w.jpg,68,17675,https://cpt.tcgcsv.com/7v87,2025-07-02T14:07:15.09,1,R,EB02-055,"[Trigger] If your Leader has the ""Fish-Man"" or ""Merfolk"" type and you have 2 or less Life cards, play this card.",Yellow,Character,4,5000,Fish-Man;Straw Hat Crew,Strike,0.08,0.25,1.75,0.19,,Normal,2000,
641206,Jinbe (Winner Pack 2025 Vol. 3),Jinbe Winner Pack 2025 Vol 3,https://tcgplayer-cdn.tcgplayer.com/product/641206_200w.jpg,68,17675,https://cpt.tcgcsv.com/8v87,2025-07-02T14:07:03.003,1,R,EB02-055,"[Trigger] If your Leader has the ""Fish-Man"" or ""Merfolk"" type and you have 2 or less Life cards, play this card.",Yellow,Character,4,5000,Fish-Man;Straw Hat Crew,Strike,5.69,8.98,50.0,9.16,,Foil,2000,
641217,Judge Pack Vol. 6,Judge Pack Vol 6,https://tcgplayer-cdn.tcgplayer.com/product/641217_200w.jpg,68,17675,https://cpt.tcgcsv.com/mv87,2025-07-10T19:05:20.793,1,,,,,,,,,,13.67,25.0,75.0,14.08,,Normal,,
641220,Rebecca (Judge Pack Vol. 6),Rebecca Judge Pack Vol 6,https://tcgplayer-cdn.tcgplayer.com/product/641220_200w.jpg,68,17675,https://cpt.tcgcsv.com/qv87,2025-07-02T14:20:14.987,1,R,OP04-092,"[On Play] Look at 3 cards from the top of your deck; reveal up to 1 [Dressrosa] type card other than [Rebecca] and add it to your hand. Then, trash the rest.",Black,Character,1,2000,Dressrosa,Slash,4.79,8.28,26.2,6.9,,Foil,1000,
641221,Corrida Coliseum (Judge Pack Vol. 6),Corrida Coliseum Judge Pack Vol 6,https://tcgplayer-cdn.tcgplayer.com/product/641221_200w.jpg,68,17675,https://cpt.tcgcsv.com/rv87,2025-07-02T14:20:53.633,1,C,OP04-096,"If your Leader has the [Dressrosa] type, your [Dressrosa] type Characters can attack Characters on the turn in which they are played.",Black,Stage,1,,Dressrosa,,1.3,5.0,7.75,1.64,,Foil,,
641222,Crocodile (Judge Pack Vol. 6),Crocodile Judge Pack Vol 6,https://tcgplayer-cdn.tcgplayer.com/product/641222_200w.jpg,68,17675,https://cpt.tcgcsv.com/sv87,2025-07-02T14:21:55.58,1,UC,OP07-040,[On Play] (1) <em>(You may rest the specified number of DON!! cards in your cost area.)</em>: Return up to 1 Character with a cost of 2 or less to the owner's hand.,Blue,Character,4,5000,Baroque Works;The Seven Warlords of the Sea,Special,2.96,6.0,9.95,3.5,,Foil,2000,
641223,Slow-Slow Beam Sword (Judge Pack Vol. 6),Slow Slow Beam Sword Judge Pack Vol 6,https://tcgplayer-cdn.tcgplayer.com/product/641223_200w.jpg,68,17675,https://cpt.tcgcsv.com/tv87,2025-07-02T14:22:39.263,1,C,OP07-076,"[Counter] <strong>DON!! -1</strong> <em>(You may return the specified number of DON!! cards from your field to your DON!! deck.)</em>: Up to 1 of your Leader or Character cards gains +2000 power during this battle. Then, rest up to 1 of your opponent's Characters.
<br>[Trigger] Add up to 1 DON!! card from your DON!! deck and set it as active.",Purple,Event,2,,Foxy Pirates,,5.19,6.75,199.0,6.58,,Foil,,
641225,Portgas.D.Ace (Judge Pack Vol. 6),PortgasDAce Judge Pack Vol 6,https://tcgplayer-cdn.tcgplayer.com/product/641225_200w.jpg,68,17675,https://cpt.tcgcsv.com/wv87,2025-07-02T14:23:23.47,1,UC,OP09-035,"[On Play] If you have 2 or more rested Characters, rest up to 1 of your opponent's Characters with a cost of 5 or less.",Green,Character,5,5000,Whitebeard Pirates;ODYSSEY,Special,36.5,38.49,50.0,39.16,,Foil,2000,
641228,Tony Tony.Chopper (Judge Pack Vol. 6),Tony TonyChopper Judge Pack Vol 6,https://tcgplayer-cdn.tcgplayer.com/product/641228_200w.jpg,68,17675,https://cpt.tcgcsv.com/Bv87,2025-07-02T14:24:25.377,1,R,OP10-011,"[Blocker] <em>(After your opponent declares an attack, you may rest this card to make it the new target of the attack.)</em><br>
[Opponent's Turn] This Character gains +2000 power.",Red,Character,4,4000,Straw Hat Crew;Punk Hazard,Strike,7.5,12.0,50.0,11.74,,Foil,2000,
641232,Gum-Gum UFO (Judge Pack Vol. 6),Gum Gum UFO Judge Pack Vol 6,https://tcgplayer-cdn.tcgplayer.com/product/641232_200w.jpg,68,17675,https://cpt.tcgcsv.com/Gv87,2025-07-02T14:26:05.61,1,UC,OP10-020,"[Main] Give up to 1 of your opponent's Characters 4000 power during this turn. Then, if you have 2 or less Life cards, up to 1 of your Leader or Character cards gains +1000 power during this turn.<br>
[Trigger] K.O. up to 1 of your opponent's Characters with 3000 power or less.",Red,Event,2,,Straw Hat Crew;Punk Hazard,,4.01,6.92,33.5,6.95,,Foil,,
641234,Enel (Judge Pack Vol. 6),Enel Judge Pack Vol 6,https://tcgplayer-cdn.tcgplayer.com/product/641234_200w.jpg,68,17675,https://cpt.tcgcsv.com/Jv87,2025-07-02T14:27:17.037,1,R,OP10-025,"[On Play] If you have 2 or more rested Characters, draw 3 cards and trash 2 cards from your hand.",Green,Character,5,6000,ODYSSEY;Sky Island,Special,5.0,9.75,21.78,5.9,,Foil,1000,
641236,Leo (Judge Pack Vol. 6),Leo Judge Pack Vol 6,https://tcgplayer-cdn.tcgplayer.com/product/641236_200w.jpg,68,17675,https://cpt.tcgcsv.com/Lv87,2025-07-02T14:28:12.2,1,R,OP10-057,"[On Play] <strong>You may rest your Leader or 1 of your Stage cards:</strong> If your Leader is [Usopp], look at 5 cards from the top of your deck; reveal up to 2 ""Dressrosa"" type cards other than [Leo] and add them to your hand. Then, place the rest at the bottom of your deck in any order, and trash 1 card from your hand.",Blue,Character,1,2000,Dressrosa;The Tontattas,Strike,2.07,2.88,7.98,2.36,,Foil,1000,
641237,Sugar (Judge Pack Vol. 6),Sugar Judge Pack Vol 6,https://tcgplayer-cdn.tcgplayer.com/product/641237_200w.jpg,68,17675,https://cpt.tcgcsv.com/Mv87,2025-07-02T14:28:49.93,1,R,OP10-065,"[Activate: Main] <strong>You may rest 1 of your DON!! cards and this Character:</strong> Look at 5 cards from the top of your deck; reveal up to 1 ""Donquixote Pirates"" type card and add it to your hand. Then, place the rest at the bottom of your deck in any order.",Purple,Character,1,1000,Donquixote Pirates,Special,3.92,5.1,8.95,4.1,,Foil,1000,
641239,Basil Hawkins (Judge Pack Vol. 6),Basil Hawkins Judge Pack Vol 6,https://tcgplayer-cdn.tcgplayer.com/product/641239_200w.jpg,68,17675,https://cpt.tcgcsv.com/Pv87,2025-07-02T14:29:40.503,1,R,OP10-109,"[On K.O.] Trash up to 1 card from the top of your opponent's Life cards.<br>
[Trigger] Draw 2 cards and trash 1 card from your hand.",Yellow,Character,4,5000,Hawkins Pirates;Supernovas,Slash,0.75,2.26,6.0,2.28,,Foil,1000,
641240,Roronoa Zoro (Judge Pack Vol. 6),Roronoa Zoro Judge Pack Vol 6,https://tcgplayer-cdn.tcgplayer.com/product/641240_200w.jpg,68,17675,https://cpt.tcgcsv.com/Qv87,2025-07-02T14:30:41.383,1,UC,OP10-113,"If you have less Life cards than your opponent, this Character gains [Rush].<br>
[Trigger] You may trash 1 card from your hand: If your Leader has the ""Supernovas"" type, play this card.",Yellow,Character,3,5000,Straw Hat Crew;Supernovas,Slash,20.75,25.99,100.0,28.23,,Foil,,
641243,When You're at Sea You Fight against Pirates!! (2025 Pirates League Store Qualifier),When Youre at Sea You Fight against Pirates 2025 Pirates League Store Qualifier,https://tcgplayer-cdn.tcgplayer.com/product/641243_200w.jpg,68,17675,https://cpt.tcgcsv.com/Tv87,2025-07-02T14:32:18.177,1,R,OP05-076,"[Main] Look at 3 cards from the top of your deck; reveal up to 1 [Straw Hat Crew], [Kid Pirates], or [Heart Pirates] type card and add it to your hand. Then, place the rest at the bottom of your deck in any order.
<br>
[Trigger] Activate this card's [Main] effect.",Purple,Event,1,,Land of Wano,,22.0,69.2,199.99,51.97,,Normal,,
641244,When You're at Sea You Fight against Pirates!! (2025 Pirates League Store Qualifier Winner),When Youre at Sea You Fight against Pirates 2025 Pirates League Store Qualifier Winner,https://tcgplayer-cdn.tcgplayer.com/product/641244_200w.jpg,68,17675,https://cpt.tcgcsv.com/Vv87,2025-07-02T14:32:44.093,1,R,OP05-076,"[Main] Look at 3 cards from the top of your deck; reveal up to 1 [Straw Hat Crew], [Kid Pirates], or [Heart Pirates] type card and add it to your hand. Then, place the rest at the bottom of your deck in any order.
<br>
[Trigger] Activate this card's [Main] effect.",Purple,Event,1,,Land of Wano,,,,,,,,,
641620,Monkey.D.Luffy (010) (Dodgers x ONE PIECE),MonkeyDLuffy 010 Dodgers x ONE PIECE,https://tcgplayer-cdn.tcgplayer.com/product/641620_200w.jpg,68,17675,https://cpt.tcgcsv.com/qG87,2025-07-07T16:06:18.24,1,L,EB02-010,"[Activate: Main] [Once Per Turn] <strong>DON!! 2:</strong> If the only Characters on your field are ""Straw Hat Crew"" type Characters, set up to 2 of your DON!! cards as active. Then, this Leader gains +1000 power until the end of your opponent's next turn.",Green;Purple,Leader,,5000,Straw Hat Crew,Strike,1995.28,2450.0,16999.0,1370.98,,Foil,,4
643883,Shanks (2025 PSA Magazine Promo),Shanks 2025 PSA Magazine Promo,https://tcgplayer-cdn.tcgplayer.com/product/643883_200w.jpg,68,17675,https://cpt.tcgcsv.com/Hz97,2025-07-16T18:00:22.283,1,L,OP09-001,[Once Per Turn] This effect can be activated when your opponent attacks. Give up to 1 of your opponent's Leader or Character cards 1000 power during this turn.,Red,Leader,,5000,The Four Emperors;Red-Haired Pirates,Slash,125.0,158.61,299.99,154.7,,Foil,,5
646249,Treasure Booster Set Display Case,Treasure Booster Set Display Case,https://tcgplayer-cdn.tcgplayer.com/product/646249_200w.jpg,68,17675,https://cpt.tcgcsv.com/_vb7,2025-07-31T14:37:03.697,1,,,,,,,,,,2474.99,2480.34,2485.69,,,Normal,,
646591,One Piece Card Game Illustration Box Vol. 3,One Piece Card Game Illustration Box Vol 3,https://tcgplayer-cdn.tcgplayer.com/product/646591_200w.jpg,68,17675,https://cpt.tcgcsv.com/RFb7,2025-08-22T04:11:50.657,1,,,,,,,,,,84.0,99.49,115.0,83.67,,Normal,,
646592,One Piece Card Game Illustration Box Vol. 4,One Piece Card Game Illustration Box Vol 4,https://tcgplayer-cdn.tcgplayer.com/product/646592_200w.jpg,68,17675,https://cpt.tcgcsv.com/SFb7,2025-08-22T04:11:50.657,1,,,,,,,,,,69.99,95.0,109.59,75.99,,Normal,,
646715,Offline Regional Participation Pack 2025 Vol. 2,Offline Regional Participation Pack 2025 Vol 2,https://tcgplayer-cdn.tcgplayer.com/product/646715_200w.jpg,68,17675,https://cpt.tcgcsv.com/kJb7,2025-08-05T16:01:36.563,1,,,,,,,,,,74.99,74.99,74.99,31.2,,Normal,,
646720,Kid & Killer (Offline Regional Champion Card Set 2025 Vol.2),Kid and Killer Offline Regional Champion Card Set 2025 Vol2,https://tcgplayer-cdn.tcgplayer.com/product/646720_200w.jpg,68,17675,https://cpt.tcgcsv.com/qJb7,2025-08-05T16:01:45.257,1,R,EB01-003,"[Rush] <em>(This card can attack on the turn in which it is played.)</em>
<br>
[When Attacking] If your opponent has 2 or less Life cards, this Character gains +2000 power during this turn.",Red,Character,4,5000,Kid Pirates;Supernovas,Slash;Special,,,,,,,,
646721,Kid & Killer (Offline Regional Finalist Card Set 2025 Vol.2),Kid and Killer Offline Regional Finalist Card Set 2025 Vol2,https://tcgplayer-cdn.tcgplayer.com/product/646721_200w.jpg,68,17675,https://cpt.tcgcsv.com/rJb7,2025-08-05T16:01:51.133,1,R,EB01-003,"[Rush] <em>(This card can attack on the turn in which it is played.)</em>
<br>
[When Attacking] If your opponent has 2 or less Life cards, this Character gains +2000 power during this turn.",Red,Character,4,5000,Kid Pirates;Supernovas,Slash;Special,138.98,144.98,399.99,73.43,,Foil,,
646722,Kid & Killer (Offline Regional Participation Pack 2025 Vol.2),Kid and Killer Offline Regional Participation Pack 2025 Vol2,https://tcgplayer-cdn.tcgplayer.com/product/646722_200w.jpg,68,17675,https://cpt.tcgcsv.com/sJb7,2025-08-05T16:01:57.043,1,R,EB01-003,"[Rush] <em>(This card can attack on the turn in which it is played.)</em>
<br>
[When Attacking] If your opponent has 2 or less Life cards, this Character gains +2000 power during this turn.",Red,Character,4,5000,Kid Pirates;Supernovas,Slash;Special,16.75,19.15,60.0,18.04,,Foil,,
646725,Trafalgar Law (Offline Regional Participation Pack 2025 Vol.2),Trafalgar Law Offline Regional Participation Pack 2025 Vol2,https://tcgplayer-cdn.tcgplayer.com/product/646725_200w.jpg,68,17675,https://cpt.tcgcsv.com/wJb7,2025-08-05T16:02:02.98,1,R,OP07-047,"[Activate: Main] <strong>You may return this Character to the owner's hand</strong>: If your opponent has 6 or more cards in their hand, your opponent places 1 card from their hand at the bottom of their deck.",Blue,Character,4,4000,Heart Pirates;The Seven Warlords of the Sea,Slash,17.85,21.84,200.0,21.39,,Foil,2000,
646726,Trafalgar Law (Offline Regional Finalist Card Set 2025 Vol.2),Trafalgar Law Offline Regional Finalist Card Set 2025 Vol2,https://tcgplayer-cdn.tcgplayer.com/product/646726_200w.jpg,68,17675,https://cpt.tcgcsv.com/xJb7,2025-08-05T16:02:10.463,1,R,OP07-047,"[Activate: Main] <strong>You may return this Character to the owner's hand</strong>: If your opponent has 6 or more cards in their hand, your opponent places 1 card from their hand at the bottom of their deck.",Blue,Character,4,4000,Heart Pirates;The Seven Warlords of the Sea,Slash,250.0,300.0,350.0,163.85,,Foil,2000,
646727,Trafalgar Law (Offline Regional Champion Card Set 2025 Vol.2),Trafalgar Law Offline Regional Champion Card Set 2025 Vol2,https://tcgplayer-cdn.tcgplayer.com/product/646727_200w.jpg,68,17675,https://cpt.tcgcsv.com/zJb7,2025-08-05T16:02:16.34,1,R,OP07-047,"[Activate: Main] <strong>You may return this Character to the owner's hand</strong>: If your opponent has 6 or more cards in their hand, your opponent places 1 card from their hand at the bottom of their deck.",Blue,Character,4,4000,Heart Pirates;The Seven Warlords of the Sea,Slash,,,,,,,2000,
646728,Jewelry Bonney (Offline Regional Participation Pack 2025 Vol.2),Jewelry Bonney Offline Regional Participation Pack 2025 Vol2,https://tcgplayer-cdn.tcgplayer.com/product/646728_200w.jpg,68,17675,https://cpt.tcgcsv.com/BJb7,2025-08-05T16:02:23.41,1,PR,P-085,"[On Play] If your Leader has the ""Supernovas"" type and the number of your Life cards is equal to or less than the number of your opponent's Life cards, add up to 1 of your opponent's Characters with a cost of 4 or less to the top or bottom of the owner's Life cards face-up.",Yellow,Character,5,6000,Bonney Pirates;Supernovas,Special,13.49,16.74,40.0,15.36,,Foil,1000,
646729,Jewelry Bonney (Offline Regional Finalist Card Set 2025 Vol.2),Jewelry Bonney Offline Regional Finalist Card Set 2025 Vol2,https://tcgplayer-cdn.tcgplayer.com/product/646729_200w.jpg,68,17675,https://cpt.tcgcsv.com/CJb7,2025-08-05T16:02:29.863,1,PR,P-085,"[On Play] If your Leader has the ""Supernovas"" type and the number of your Life cards is equal to or less than the number of your opponent's Life cards, add up to 1 of your opponent's Characters with a cost of 4 or less to the top or bottom of the owner's Life cards face-up.",Yellow,Character,5,6000,Bonney Pirates;Supernovas,Special,248.72,268.99,288.0,93.95,,Foil,1000,
646730,Jewelry Bonney (Offline Regional Champion Card Set 2025 Vol.2),Jewelry Bonney Offline Regional Champion Card Set 2025 Vol2,https://tcgplayer-cdn.tcgplayer.com/product/646730_200w.jpg,68,17675,https://cpt.tcgcsv.com/DJb7,2025-08-05T16:02:37.12,1,PR,P-085,"[On Play] If your Leader has the ""Supernovas"" type and the number of your Life cards is equal to or less than the number of your opponent's Life cards, add up to 1 of your opponent's Characters with a cost of 4 or less to the top or bottom of the owner's Life cards face-up.",Yellow,Character,5,6000,Bonney Pirates;Supernovas,Special,,,,,,,1000,
646731,Tony Tony.Chopper (Offline Regional Champion Card Set 2025 Vol.2),Tony TonyChopper Offline Regional Champion Card Set 2025 Vol2,https://tcgplayer-cdn.tcgplayer.com/product/646731_200w.jpg,68,17675,https://cpt.tcgcsv.com/FJb7,2025-08-05T16:02:46.25,1,PR,P-089,,Yellow,Character,5,7000,Animal;Straw Hat Crew,Strike,,,,,,,1000,
646733,Tony Tony.Chopper (Offline Regional Finalist Card Set 2025 Vol.2),Tony TonyChopper Offline Regional Finalist Card Set 2025 Vol2,https://tcgplayer-cdn.tcgplayer.com/product/646733_200w.jpg,68,17675,https://cpt.tcgcsv.com/HJb7,2025-08-05T16:02:59.137,1,PR,P-089,,Yellow,Character,5,7000,Animal;Straw Hat Crew,Strike,324.95,334.5,349.99,147.8,,Foil,1000,
646734,Tony Tony.Chopper (Offline Regional Participation Pack 2025 Vol.2),Tony TonyChopper Offline Regional Participation Pack 2025 Vol2,https://tcgplayer-cdn.tcgplayer.com/product/646734_200w.jpg,68,17675,https://cpt.tcgcsv.com/JJb7,2025-08-05T16:03:08.45,1,PR,P-089,,Yellow,Character,5,7000,Animal;Straw Hat Crew,Strike,30.0,39.0,300.0,41.7,,Foil,1000,
646736,Event Pack Vol. 7,Event Pack Vol 7,https://tcgplayer-cdn.tcgplayer.com/product/646736_200w.jpg,68,17675,https://cpt.tcgcsv.com/LJb7,2025-08-05T15:55:24.683,1,,,,,,,,,,13.39,14.5,19.99,13.89,,Normal,,
646737,Trafalgar Law (Event Pack Vol. 7),Trafalgar Law Event Pack Vol 7,https://tcgplayer-cdn.tcgplayer.com/product/646737_200w.jpg,68,17675,https://cpt.tcgcsv.com/MJb7,2025-08-05T15:55:30.25,1,PR,P-088,"[Trigger] If your Leader has the ""Supernovas"" type and you and your opponent have a total of 5 or less Life cards, play this card.",Yellow,Character,4,5000,Heart Pirates;Supernovas,Slash,16.0,32.66,60.0,32.66,,Foil,2000,
646738,Charlotte Smoothie (Event Pack Vol. 7),Charlotte Smoothie Event Pack Vol 7,https://tcgplayer-cdn.tcgplayer.com/product/646738_200w.jpg,68,17675,https://cpt.tcgcsv.com/NJb7,2025-08-05T15:55:37.42,1,PR,P-090,"[Opponent's Turn] [On K.O.] <strong>DON!! -1:</strong> Play up to 1 ""Big
Mom Pirates"" type Character card with a cost equal to or less than the number of DON!! cards on your opponent's field other than [Charlotte Smoothie] from your hand.",Purple,Character,7,7000,Big Mom Pirates,Special,11.0,15.89,40.0,14.46,,Foil,1000,
646739,Shirahoshi (Event Pack Vol. 7),Shirahoshi Event Pack Vol 7,https://tcgplayer-cdn.tcgplayer.com/product/646739_200w.jpg,68,17675,https://cpt.tcgcsv.com/PJb7,2025-08-05T15:55:44.847,1,PR,P-091,"[On Play] Play-up to 1 ""Neptunian"" or ""Fish-Man Island"" type Character card with a cost of 5 or less from your hand.
<br>[Activate: Main] <strong>You may rest this Character:</strong> Up to 1 of your ""Neptunian"" type Characters can attack Characters on the turn in which it is played.",Green,Character,4,0,Merfolk;Fish-Man Island,Wisdom,12.0,14.99,48.99,13.48,,Foil,1000,
646740,Koby (Event Pack Vol. 7),Koby Event Pack Vol 7,https://tcgplayer-cdn.tcgplayer.com/product/646740_200w.jpg,68,17675,https://cpt.tcgcsv.com/QJb7,2025-08-05T15:55:54.27,1,PR,P-092,"[Opponent's Turn] Give this Character -3000 power.
<br>[When Attacking] If your Leader has the ""Navy"" type, your Leader's base power becomes 7000 until the end of your opponent's next turn.",Red,Character,7,7000,Navy;SWORD,Strike,4.0,5.15,20.0,4.94,,Foil,1000,
646741,Yasopp (Championship 25-26 Offline Regionals Season 2),Yasopp Championship 25 26 Offline Regionals Season 2,https://tcgplayer-cdn.tcgplayer.com/product/646741_200w.jpg,68,17675,https://cpt.tcgcsv.com/RJb7,2025-08-05T16:05:01.017,1,R,OP09-013,"[On Play] Up to 1 of your Leader gains +1000 power until the end of your opponent's next turn.<br>
[DON!! x1] [When Attacking] Give up to 1 of your opponent's Characters 1000 power during this turn.",Red,Character,5,6000,Red-Haired Pirates,Ranged,265.0,396.5,2000.0,218.4,,Foil,1000,
646742,Benn.Beckman (Championship 25-26 Offline Regionals Season 2),BennBeckman Championship 25 26 Offline Regionals Season 2,https://tcgplayer-cdn.tcgplayer.com/product/646742_200w.jpg,68,17675,https://cpt.tcgcsv.com/SJb7,2025-08-05T16:05:09.04,1,SR,OP09-009,[On Play] Trash up to 1 of your opponent's Characters with 6000 power or less.,Red,Character,7,7000,Red-Haired Pirates,Ranged,550.0,598.49,599.99,400.66,,Foil,1000,
646743,Shanks (Championship 25-26 Offline Regionals Season 2),Shanks Championship 25 26 Offline Regionals Season 2,https://tcgplayer-cdn.tcgplayer.com/product/646743_200w.jpg,68,17675,https://cpt.tcgcsv.com/TJb7,2025-08-05T16:05:15.403,1,SR,OP09-004,"Give all of your opponent's Characters 1000 power.<br>
[Rush] <em>(This card can attack on the turn in which it is played.)</em>",Red,Character,10,12000,The Four Emperors;Red-Haired Pirates,Slash,,,,,,,,
646745,Kujyaku (Treasure Cup August 2025),Kujyaku Treasure Cup August 2025,https://tcgplayer-cdn.tcgplayer.com/product/646745_200w.jpg,68,17675,https://cpt.tcgcsv.com/WJb7,2025-08-05T15:56:00.79,1,SR,OP11-004,"[On Play] Look at 5 cards from the top of your deck; reveal up to 1 ""Navy"" type card other than ""Kujyaku"" and add it to your hand. Then, place the rest at the bottom of your deck in any order.<br>
[Activate: Main] <strong>You may trash this Character:</strong> Up to 1 of your Characters gains +1000 power during this turn.",Red,Character,1,,Navy;SWORD,Special,549.99,549.99,549.99,464.38,,Foil,1000,
646746,Hibari (Treasure Cup August 2025),Hibari Treasure Cup August 2025,https://tcgplayer-cdn.tcgplayer.com/product/646746_200w.jpg,68,17675,https://cpt.tcgcsv.com/XJb7,2025-08-05T15:56:07.787,1,SR,OP11-010,"[On Play] Give up to 1 of your opponent's Characters 2000 power during this turn.<br>
[When Attacking] This Character gains +1000 power during this turn. Then, up to 1 of your ""Navy"" type Leader can also attack active Characters during this turn.",Red,Character,5,6000,Navy;SWORD,Ranged,,,,,,,,
646747,Koby (Treasure Cup August 2025),Koby Treasure Cup August 2025,https://tcgplayer-cdn.tcgplayer.com/product/646747_200w.jpg,68,17675,https://cpt.tcgcsv.com/ZJb7,2025-08-05T15:56:20.613,1,SEC,OP11-119,"[On Play] Up to 1 of your Characters can also attack active Characters during this turn.<br>
[When Attacking] <strong>You may place 2 cards from your trash at the bottom of your deck in any order:</strong> Up to 1 of your Leader or Character cards gains +1000 power until the end of your opponent's next turn.",Black,Character,8,9000,Navy;SWORD,Strike,,,,,,,,
647759,Usopp (Official Playmat -Limited Edition Vol. 3-),Usopp Official Playmat Limited Edition Vol 3,https://tcgplayer-cdn.tcgplayer.com/product/647759_200w.jpg,68,17675,https://cpt.tcgcsv.com/c7c7,2025-09-25T15:21:12.6,1,L,OP10-042,"All of your ""Dressrosa"" type Characters with a cost of 2 or more gain +1 cost.<br>
[Opponent's Turn] [Once Per Turn] This effect can be activated when your ""Dressrosa"" type Character is removed from the field by your opponent's effect or K.O.'d. If you have 5 or less cards in your hand, draw 1 card.",Blue;Black,Leader,,5000,Straw Hat Crew;Dressrosa,Ranged,274.94,349.96,349.99,168.28,,Foil,,
648086,Edward Weevil (Seven Warlords of the Sea Binder Set),Edward Weevil Seven Warlords of the Sea Binder Set,https://tcgplayer-cdn.tcgplayer.com/product/648086_200w.jpg,68,17675,https://cpt.tcgcsv.com/Lfc7,2025-09-25T20:07:25.85,1,R,EB01-023,[On Play] Draw 1 card.,Blue,Character,4,6000,The Seven Warlords of the Sea,Slash,9.0,12.98,30.0,11.92,,Foil,,
648088,Bartholomew Kuma (Seven Warlords of the Sea Binder Set),Bartholomew Kuma Seven Warlords of the Sea Binder Set,https://tcgplayer-cdn.tcgplayer.com/product/648088_200w.jpg,68,17675,https://cpt.tcgcsv.com/Nfc7,2025-09-25T20:05:18.883,1,C,OP05-011,"[On Play] K.O. up to 1 of your opponent's Characters with 2000 power or less.
<br>
[Trigger] If your Leader is multicolored, play this card.",Red,Character,2,2000,Revolutionary Army;The Seven Warlords of the Sea,Strike,7.6,10.49,45.0,9.51,,Foil,1000,
648089,Crocodile (Seven Warlords of the Sea Binder Set),Crocodile Seven Warlords of the Sea Binder Set,https://tcgplayer-cdn.tcgplayer.com/product/648089_200w.jpg,68,17675,https://cpt.tcgcsv.com/Pfc7,2025-09-25T20:06:19.643,1,UC,OP07-040,[On Play] (1) <em>(You may rest the specified number of DON!! cards in your cost area.)</em>: Return up to 1 Character with a cost of 2 or less to the owner's hand.,Blue,Character,4,5000,Baroque Works;The Seven Warlords of the Sea,Special,5.0,7.95,25.0,7.22,,Foil,2000,
648091,Dracule Mihawk (Seven Warlords of the Sea Binder Set),Dracule Mihawk Seven Warlords of the Sea Binder Set,https://tcgplayer-cdn.tcgplayer.com/product/648091_200w.jpg,68,17675,https://cpt.tcgcsv.com/Rfc7,2025-09-25T20:07:06.86,1,C,OP07-044,[On Play] Draw 1 card.,Blue,Character,8,10000,The Seven Warlords of the Sea,Slash,7.53,10.16,35.0,8.65,,Foil,,
648094,Trafalgar Law (Seven Warlords of the Sea Binder Set),Trafalgar Law Seven Warlords of the Sea Binder Set,https://tcgplayer-cdn.tcgplayer.com/product/648094_200w.jpg,68,17675,https://cpt.tcgcsv.com/Vfc7,2025-09-25T20:08:09.183,1,R,OP07-047,"[Activate: Main] <strong>You may return this Character to the owner's hand</strong>: If your opponent has 6 or more cards in their hand, your opponent places 1 card from their hand at the bottom of their deck.",Blue,Character,4,4000,Heart Pirates;The Seven Warlords of the Sea,Slash,11.49,14.03,50.0,12.58,,Foil,2000,
648096,Donquixote Doflamingo (Seven Warlords of the Sea Binder Set),Donquixote Doflamingo Seven Warlords of the Sea Binder Set,https://tcgplayer-cdn.tcgplayer.com/product/648096_200w.jpg,68,17675,https://cpt.tcgcsv.com/Xfc7,2025-09-25T20:06:53.36,1,UC,OP07-048,"[Activate:Main] [Once Per Turn] (2) <em>(You may rest the specified number of DON!! cards in your cost area.)</em>: Reveal 1 card from the top of your deck. If that card is a [The Seven Warlords of the Sea] type Character card with a cost of 4 or less, you may play that card rested. Then, place the rest at the bottom of your deck.",Blue,Character,3,4000,Donquixote Pirates;The Seven Warlords of the Sea,Special,11.64,14.99,50.0,16.14,,Foil,,
648100,Boa Hancock (Seven Warlords of the Sea Binder Set),Boa Hancock Seven Warlords of the Sea Binder Set,https://tcgplayer-cdn.tcgplayer.com/product/648100_200w.jpg,68,17675,https://cpt.tcgcsv.com/0gc7,2025-09-25T20:05:38.98,1,SR,OP07-051,"[On Play] Up to 1 of your opponent's Characters other than [Monkey.D.Luffy] cannot attack until the end of your opponent's next turn. Then, place up to 1 Character with a cost of 1 or less at the bottom of the owner's deck.",Blue,Character,6,8000,Kuja Pirates;The Seven Warlords of the Sea,Special,100.0,108.53,450.0,111.83,,Foil,,
648101,Boa Hancock (Seven Warlords of the Sea Binder Set) (Alternate Art),Boa Hancock Seven Warlords of the Sea Binder Set Alternate Art,https://tcgplayer-cdn.tcgplayer.com/product/648101_200w.jpg,68,17675,https://cpt.tcgcsv.com/2gc7,2025-09-25T20:05:53.94,1,SR,OP07-051,"[On Play] Up to 1 of your opponent's Characters other than [Monkey.D.Luffy] cannot attack until the end of your opponent's next turn. Then, place up to 1 Character with a cost of 1 or less at the bottom of the owner's deck.",Blue,Character,6,8000,Kuja Pirates;The Seven Warlords of the Sea,Special,124.99,144.5,500.0,141.73,,Foil,,
648103,Jinbe (Seven Warlords of the Sea Binder Set),Jinbe Seven Warlords of the Sea Binder Set,https://tcgplayer-cdn.tcgplayer.com/product/648103_200w.jpg,68,17675,https://cpt.tcgcsv.com/5gc7,2025-09-25T20:07:47.557,1,PR,P-030,[On K.O.] Place up to 1 Character with a cost of 3 or less at the bottom of the owner's deck.,Blue,Character,4,5000,Fish-Man;The Seven Warlords of the Sea;The Sun Pirates,Strike,4.46,5.47,45.0,4.9,,Foil,1000,
648104,Gecko Moria (Seven Warlords of the Sea Binder Set),Gecko Moria Seven Warlords of the Sea Binder Set,https://tcgplayer-cdn.tcgplayer.com/product/648104_200w.jpg,68,17675,https://cpt.tcgcsv.com/6gc7,2025-09-25T20:07:37.35,1,C,ST03-004,"[On Play] Add up to 1 ""The Seven Warlords of the Sea"" or ""Thriller Bark Pirates"" type Character with a cost of 4 or less than [Gecko Moria] from your trash to your hand.",Blue,Character,4,5000,The Seven Warlords of the Sea;Thriller Bark Pirates,Special,5.85,7.25,35.0,6.83,,Foil,1000,
648105,Buggy (Seven Warlords of the Sea Binder Set),Buggy Seven Warlords of the Sea Binder Set,https://tcgplayer-cdn.tcgplayer.com/product/648105_200w.jpg,68,17675,https://cpt.tcgcsv.com/7gc7,2025-09-25T20:06:05.73,1,C,ST17-003,[On Play] Look at 3 cards from the top of your deck and place them at the top of your deck in any order.,Blue,Character,1,2000,Buggy's Delivery;The Seven Warlords of the Sea,Slash,19.9,23.0,40.0,22.77,,Foil,2000,
648107,Marshall.D.Teach (Seven Warlords of the Sea Binder Set),MarshallDTeach Seven Warlords of the Sea Binder Set,https://tcgplayer-cdn.tcgplayer.com/product/648107_200w.jpg,68,17675,https://cpt.tcgcsv.com/9gc7,2025-09-25T20:07:58.83,1,C,ST17-005,[Activate: Main] [Once Per Turn] You may place 1 card from your hand at the top of your deck: Give up to 2 rested DON!! cards to your Leader or 1 of your Characters.,Blue,Character,2,3000,Blackbeard Pirates;The Seven Warlords of the Sea,Special,12.0,14.38,40.0,13.69,,Foil,1000,
649246,Koby (OP12 Release Event),Koby OP12 Release Event,https://tcgplayer-cdn.tcgplayer.com/product/649246_200w.jpg,68,17675,https://cpt.tcgcsv.com/XJc7,2025-08-15T13:16:36.16,1,PR,P-092,"[Opponent's Turn] Give this Character -3000 power.
<br>[When Attacking] If your Leader has the ""Navy"" type, your Leader's base power becomes 7000 until the end of your opponent's next turn.",Red,Character,7,7000,Navy;SWORD,Strike,0.69,1.24,5.99,1.11,,Normal,1000,
649247,Koby (OP12 Release Event Winner),Koby OP12 Release Event Winner,https://tcgplayer-cdn.tcgplayer.com/product/649247_200w.jpg,68,17675,https://cpt.tcgcsv.com/ZJc7,2025-08-15T13:16:42.163,1,PR,P-092,"[Opponent's Turn] Give this Character -3000 power.
<br>[When Attacking] If your Leader has the ""Navy"" type, your Leader's base power becomes 7000 until the end of your opponent's next turn.",,Character,7,7000,,,15.99,24.99,70.0,20.37,,Foil,1000,
649617,CS 25-26 Event Pack,CS 25 26 Event Pack,https://tcgplayer-cdn.tcgplayer.com/product/649617_200w.jpg,68,17675,https://cpt.tcgcsv.com/mSc7,2025-09-22T20:10:22.69,1,,,,,,,,,,301.99,386.49,500.0,147.66,,Normal,,
649618,Zoro-Juurou (CS 25-26 Event Pack),Zoro Juurou CS 25 26 Event Pack,https://tcgplayer-cdn.tcgplayer.com/product/649618_200w.jpg,68,17675,https://cpt.tcgcsv.com/nSc7,2025-09-22T20:11:04.687,1,R,OP05-067,"[When Attacking] If you have 3 or less Life cards, add up to 1 DON!! card from your DON!! deck and set it as active.",Purple,Character,3,4000,Straw Hat Crew,Slash,239.99,258.38,1499.99,258.38,,Foil,1000,
649619,O-Nami (CS 25-26 Event Pack),O Nami CS 25 26 Event Pack,https://tcgplayer-cdn.tcgplayer.com/product/649619_200w.jpg,68,17675,https://cpt.tcgcsv.com/pSc7,2025-09-22T20:10:38.52,1,R,OP06-101,"[On Play] Up to 1 of your Leader or Character cards gains [Banish] during this turn.
<br><em>(When this card deals damage, the target card is trashed without activating its Trigger.)</em>
<br>[Trigger] K.O. up to 1 of your opponent's Characters with a cost of 5 or less.",Yellow,Character,2,3000,Straw Hat Crew,Special,216.99,248.0,1500.0,246.3,,Foil,1000,
649620,Tony Tony.Chopper (CS 25-26 Event Pack),Tony TonyChopper CS 25 26 Event Pack,https://tcgplayer-cdn.tcgplayer.com/product/649620_200w.jpg,68,17675,https://cpt.tcgcsv.com/qSc7,2025-09-22T20:10:49.67,1,PR,P-065,"[When Attacking] If your opponent has a Character with a cost of 0, this Character gains +2000 power until the start of your next turn.",Black,Character,3,4000,Animal;Straw Hat Crew,Wisdom,190.0,254.97,329.99,260.59,,Foil,1000,
649621,Koala (CS 25-26 Event Pack),Koala CS 25 26 Event Pack,https://tcgplayer-cdn.tcgplayer.com/product/649621_200w.jpg,68,17675,https://cpt.tcgcsv.com/rSc7,2025-09-22T20:10:28.063,1,PR,P-069,[Activate:Main] [Once Per Turn] Give up to 1 rested DON!! card to your Leader or 1 of your Characters.,Red,Character,1,1000,Revolutionary Army,Strike,8.0,14.99,79.99,11.29,,Foil,1000,
649622,Carrot (CS 25-26 Event Pack),Carrot CS 25 26 Event Pack,https://tcgplayer-cdn.tcgplayer.com/product/649622_200w.jpg,68,17675,https://cpt.tcgcsv.com/sSc7,2025-09-22T20:10:17.08,1,PR,P-070,"[Blocker] <em>(After your opponent declares an attack, you may rest this card to make it the new target of the attack.)</em>",Green,Character,2,2000,Minks,Special,9.6,19.49,27.0,21.85,,Foil,1000,
649623,Ulti (CS 25-26 Event Pack),Ulti CS 25 26 Event Pack,https://tcgplayer-cdn.tcgplayer.com/product/649623_200w.jpg,68,17675,https://cpt.tcgcsv.com/tSc7,2025-09-22T20:10:55.41,1,PR,P-077,"[Once Per Turn] When 2 or more DON!! cards on your field are returned to your DON!! deck, add up to 1 DON!! card from your DON!! deck and rest it. Then, set up to 1 of your purple Stages as active.",Purple,Character,6,6000,Animal Kingdom Pirates,Strike,9.44,19.25,46.99,16.87,,Foil,1000,
649624,Lim (CS 25-26 Event Pack),Lim CS 25 26 Event Pack,https://tcgplayer-cdn.tcgplayer.com/product/649624_200w.jpg,68,17675,https://cpt.tcgcsv.com/vSc7,2025-09-22T20:10:33.297,1,PR,P-079,"[Blocker] <em>(After your opponent declares an attack, you may rest this card to make it the new target of the attack.)</em>
<br>[End of Your Turn] If you have 2 or more rested ""ODYSSEY"" type Characters, set this Character as active.",Green,Character,2,0,ODYSSEY,Wisdom,6.74,8.99,49.99,7.84,,Foil,1000,
649625,Shanks (CS 25-26 Event Pack),Shanks CS 25 26 Event Pack,https://tcgplayer-cdn.tcgplayer.com/product/649625_200w.jpg,68,17675,https://cpt.tcgcsv.com/wSc7,2025-09-22T20:10:43.91,1,PR,P-083,"[DON!!x1] [When Attacking] <strong>You may trash 1 Character card from your hand:</strong> Give up to 1 of your opponent's Characters -1000 power during this turn. Then, draw 1 card.",Red,Character,6,7000,The Four Emperors;Red-Haired Pirates,Slash,92.0,96.0,110.0,109.7,,Foil,1000,
649626,Roronoa Zoro (CS 25-26 3rd Place),Roronoa Zoro CS 25 26 3rd Place,https://tcgplayer-cdn.tcgplayer.com/product/649626_200w.jpg,68,17675,https://cpt.tcgcsv.com/xSc7,2025-09-22T20:16:59.547,1,SR,ST21-015,"[DON!!x2] This Character gains [Rush].
<br>[On K.O.] Play up to 1 red Character card with 6000 power or less other than [Roronoa Zoro] from your hand.",Red,Character,4,5000,Straw Hat Crew,Slash,,,,,,,1000,
649627,Roronoa Zoro (CS 25-26 2nd Place),Roronoa Zoro CS 25 26 2nd Place,https://tcgplayer-cdn.tcgplayer.com/product/649627_200w.jpg,68,17675,https://cpt.tcgcsv.com/zSc7,2025-09-22T20:16:53.517,1,SR,ST21-015,"[DON!!x2] This Character gains [Rush].
<br>[On K.O.] Play up to 1 red Character card with 6000 power or less other than [Roronoa Zoro] from your hand.",Red,Character,4,5000,Straw Hat Crew,Slash,,,,,,,1000,
649628,Roronoa Zoro (CS 25-26 1st Place),Roronoa Zoro CS 25 26 1st Place,https://tcgplayer-cdn.tcgplayer.com/product/649628_200w.jpg,68,17675,https://cpt.tcgcsv.com/BSc7,2025-09-22T20:16:47.477,1,SR,ST21-015,"[DON!!x2] This Character gains [Rush].
<br>[On K.O.] Play up to 1 red Character card with 6000 power or less other than [Roronoa Zoro] from your hand.",Red,Character,4,5000,Straw Hat Crew,Slash,,,,,,,1000,
649629,CS 25-26 Celebration Pack,CS 25 26 Celebration Pack,https://tcgplayer-cdn.tcgplayer.com/product/649629_200w.jpg,68,17675,https://cpt.tcgcsv.com/CSc7,2025-09-22T20:13:02.223,1,,,,,,,,,,500.0,500.0,500.0,122.77,,Normal,,
649632,Sanji (CS 25-26 Celebration Pack),Sanji CS 25 26 Celebration Pack,https://tcgplayer-cdn.tcgplayer.com/product/649632_200w.jpg,68,17675,https://cpt.tcgcsv.com/GSc7,2025-09-22T20:13:42.857,1,R,EB01-014,[DON!! x1] [Your Turn] This Character gains +1000 power for every 3 of your rested DON!! cards.,Green,Character,4,5000,FILM;Straw Hat Crew,Strike,199.99,199.99,199.99,69.3,,Foil,2000,
649633,Scratchmen Apoo (CS 25-26 Celebration Pack),Scratchmen Apoo CS 25 26 Celebration Pack,https://tcgplayer-cdn.tcgplayer.com/product/649633_200w.jpg,68,17675,https://cpt.tcgcsv.com/HSc7,2025-09-22T20:13:48.47,1,R,EB01-015,[On Play] Rest up to 1 of your opponent's Characters with a cost of 2 or less.,Green,Character,1,1000,On-Air Pirates;Supernovas,Special,41.23,48.49,100.0,47.38,,Foil,2000,
649634,Charlotte Pudding (112) (CS 25-26 Celebration Pack),Charlotte Pudding 112 CS 25 26 Celebration Pack,https://tcgplayer-cdn.tcgplayer.com/product/649634_200w.jpg,68,17675,https://cpt.tcgcsv.com/JSc7,2025-09-22T20:12:56.757,1,R,OP03-112,"[On Play] Look at 4 cards from the top of your deck; reveal up to 1 [Sanji] or [Big Mom Pirates] type card other than [Charlotte Pudding] and add it to your hand. Then, place the rest at the bottom of your deck in any order.",Yellow,Character,1,2000,Big Mom Pirates,Wisdom,199.99,225.0,250.0,73.36,,Foil,2000,
649635,Tony Tony.Chopper (CS 25-26 Celebration Pack),Tony TonyChopper CS 25 26 Celebration Pack,https://tcgplayer-cdn.tcgplayer.com/product/649635_200w.jpg,68,17675,https://cpt.tcgcsv.com/KSc7,2025-09-22T20:13:53.68,1,C,OP04-010,[On Play] Play up to 1 [Animal] type Character card with 3000 power or less from your hand.,Red,Character,3,4000,Animal;Alabasta;Straw Hat Crew,Strike,244.99,245.49,245.98,100.05,,Foil,1000,
649637,Rebecca (CS 25-26 Celebration Pack),Rebecca CS 25 26 Celebration Pack,https://tcgplayer-cdn.tcgplayer.com/product/649637_200w.jpg,68,17675,https://cpt.tcgcsv.com/MSc7,2025-09-22T20:13:36.883,1,R,OP04-092,"[On Play] Look at 3 cards from the top of your deck; reveal up to 1 [Dressrosa] type card other than [Rebecca] and add it to your hand. Then, trash the rest.",Black,Character,1,2000,Dressrosa,Slash,179.99,213.99,232.49,88.57,,Foil,1000,
649639,Charlotte Pudding (047) (CS 25-26 Celebration Pack),Charlotte Pudding 047 CS 25 26 Celebration Pack,https://tcgplayer-cdn.tcgplayer.com/product/649639_200w.jpg,68,17675,https://cpt.tcgcsv.com/PSc7,2025-09-22T20:12:51.397,1,R,OP06-047,"[On Play] Your opponent returns all cards in their hand to their deck and shuffles their deck. Then, your opponent draws 5 cards.",Blue,Character,4,4000,Big Mom Pirates,Wisdom,92.0,121.12,505.0,107.01,,Foil,1000,
649640,Hitokiri Kamazo (CS 25-26 Celebration Pack),Hitokiri Kamazo CS 25 26 Celebration Pack,https://tcgplayer-cdn.tcgplayer.com/product/649640_200w.jpg,68,17675,https://cpt.tcgcsv.com/QSc7,2025-09-22T20:13:12.467,1,UC,OP06-076,"[Your Turn][Once Per Turn] When a DON!! card on your field is returned to your DON!! deck, K.O. up to 1 of your opponent's Characters with a cost of 2 or less.",Purple,Character,4,5000,Kid Pirates;Supernovas;SMILE,Slash,,,,,,,2000,
649642,Portgas.D.Ace (CS 25-26 Celebration Pack),PortgasDAce CS 25 26 Celebration Pack,https://tcgplayer-cdn.tcgplayer.com/product/649642_200w.jpg,68,17675,https://cpt.tcgcsv.com/SSc7,2025-09-22T20:13:30.743,1,R,OP07-053,"[Blocker] <em>(After your opponent declares an attack, you may rest this card to make it the new target of the attack.)</em>
<br>[On Play] Draw 2 cards and place 2 cards from your hand at the top or bottom of your deck in any order.",Blue,Character,5,6000,Whitebeard Pirates,Special,164.96,190.95,200.0,101.79,,Foil,1000,
649643,Kaku (CS 25-26 Celebration Pack),Kaku CS 25 26 Celebration Pack,https://tcgplayer-cdn.tcgplayer.com/product/649643_200w.jpg,68,17675,https://cpt.tcgcsv.com/TSc7,2025-09-22T20:13:25.41,1,R,OP07-080,"[On Play] <strong>You may place 2 cards with a type including ""CP"" from your trash at the bottom of your deck in any order</strong>: Give up to 1 of your opponent's Characters -3 cost during this turn.",Black,Character,4,5000,CP0,Slash,15.0,18.97,26.99,14.66,,Foil,2000,
649644,Edison (CS 25-26 Celebration Pack),Edison CS 25 26 Celebration Pack,https://tcgplayer-cdn.tcgplayer.com/product/649644_200w.jpg,68,17675,https://cpt.tcgcsv.com/VSc7,2025-09-22T20:13:07.157,1,C,OP07-100,"[On Play] If you have 2 or less Life cards, draw 2 cards and trash 2 card from your hand.
<br>
[Trigger] If your Leader is [Vegapunk], play this card.",Yellow,Character,4,5000,Scientist;Egghead,Wisdom,38.99,39.6,44.99,31.01,,Foil,2000,
649645,Wyper (CS 25-26 Celebration Pack),Wyper CS 25 26 Celebration Pack,https://tcgplayer-cdn.tcgplayer.com/product/649645_200w.jpg,68,17675,https://cpt.tcgcsv.com/WSc7,2025-09-22T20:13:58.637,1,R,OP08-110,"[On Play] Look at 5 cards from the top of your deck; reveal up to 1 [Upper Yard] and add it to your hand. Then, place the rest at the bottom of your deck in any order and play up to 1 [Upper Yard] from your hand.",Yellow,Character,4,5000,Sky Island;Shandian Warrior,Ranged,17.0,19.07,28.98,18.72,,Foil,2000,
649646,Hongo (CS 25-26 Celebration Pack),Hongo CS 25 26 Celebration Pack,https://tcgplayer-cdn.tcgplayer.com/product/649646_200w.jpg,68,17675,https://cpt.tcgcsv.com/XSc7,2025-09-22T20:13:18.323,1,UC,OP09-011,"[Activate: Main] <strong>You may rest this Character</strong>: If your Leader has the ""Red-Haired Pirates"" type, give up to 1 of your opponent's Characters 2000 power during this turn.",Red,Character,3,3000,Red-Haired Pirates,Strike,49.99,55.0,59.98,34.19,,Foil,2000,
649656,Tony Tony.Chopper (CS 25-26 Finalist Card Set 1),Tony TonyChopper CS 25 26 Finalist Card Set 1,https://tcgplayer-cdn.tcgplayer.com/product/649656_200w.jpg,68,17675,https://cpt.tcgcsv.com/8Tc7,2025-09-22T20:16:18.93,1,R,OP07-066,"[Blocker] <em>(After your opponent declares an attack, you may rest this card to make it the new target of the attack.)</em>
<br>
[On Play] If the number of DON!! cards on your field is equal to or less than the number on your opponent's field, add up to 1 DON!! card from your DON!! deck and rest it.",Purple,Character,2,0,Animal;Foxy Pirates,Strike,,,,,,,1000,
649657,Monkey.D.Luffy (CS 25-26 Finalist Card Set 1),MonkeyDLuffy CS 25 26 Finalist Card Set 1,https://tcgplayer-cdn.tcgplayer.com/product/649657_200w.jpg,68,17675,https://cpt.tcgcsv.com/9Tc7,2025-09-22T20:15:57.953,1,SR,OP07-109,"[Activate: Main]<strong>You may trash this Character</strong>: If you have 2 or less Life cards, K.O. up to 1 of your opponent's Characters with a cost of 4 or less. Then, draw 1 card.
<br>
[Trigger] K.O. up to 1 of your opponent's Characters with a cost of 4 or less.",Yellow,Character,5,6000,Straw Hat Crew;The Four Emperors;Egghead,Strike,,,,,,,1000,
649658,Nami (CS 25-26 Finalist Card Set 1),Nami CS 25 26 Finalist Card Set 1,https://tcgplayer-cdn.tcgplayer.com/product/649658_200w.jpg,68,17675,https://cpt.tcgcsv.com/bTc7,2025-09-22T20:16:03.14,1,UC,OP10-033,"[On Play] If you have 2 or more rested ""ODYSSEY"" type Characters, up to 1 of your opponent's rested DON!! cards will not become active in your opponent's next Refresh Phase.",Green,Character,2,2000,Straw Hat Crew;ODYSSEY,Special,2999.99,4000.0,5000.0,,,Foil,2000,
649659,Perona (CS 25-26 Finalist Card Set 1),Perona CS 25 26 Finalist Card Set 1,https://tcgplayer-cdn.tcgplayer.com/product/649659_200w.jpg,68,17675,https://cpt.tcgcsv.com/cTc7,2025-09-22T20:16:08.4,1,C,OP10-092,"[Activate: Main] [Once Per Turn] <strong>You may place 2 ""Thriller Bark Pirates"" type cards from your trash at the bottom of your deck in any order:</strong> Up to 1 of your Characters other than [Perona] gains +2000 power during this turn.",Black,Character,4,5000,Thriller Bark Pirates,Special,,,,,,,1000,
649660,Portgas.D.Ace (CS 25-26 Finalist Card Set 1),PortgasDAce CS 25 26 Finalist Card Set 1,https://tcgplayer-cdn.tcgplayer.com/product/649660_200w.jpg,68,17675,https://cpt.tcgcsv.com/dTc7,2025-09-22T20:16:13.607,1,SR,ST15-005,"If your Leader's type includes ""Whitebeard Pirates"", this Character gains [Rush].<br><br>
<em>(This card can attack on the turn in which it is played.)</em><br><br>
[Once Per Turn] If this Character would be removed from the field by your opponent's effect, you may give this Character 2000 power during this turn instead.",Red,Character,5,6000,Whitebeard Pirates,Special,,,,,,,1000,
649661,Buggy (CS 25-26 Finalist Card Set 1),Buggy CS 25 26 Finalist Card Set 1,https://tcgplayer-cdn.tcgplayer.com/product/649661_200w.jpg,68,17675,https://cpt.tcgcsv.com/fTc7,2025-09-22T20:15:52.93,1,C,ST17-003,[On Play] Look at 3 cards from the top of your deck and place them at the top of your deck in any order.,Blue,Character,1,2000,Buggy's Delivery;The Seven Warlords of the Sea,Slash,,,,,,,2000,
649662,CS 25-26 Event Pack Finalist Ver.,CS 25 26 Event Pack Finalist Ver,https://tcgplayer-cdn.tcgplayer.com/product/649662_200w.jpg,68,17675,https://cpt.tcgcsv.com/gTc7,2025-09-22T20:11:37.583,1,,,,,,,,,,,,,,,,,
649663,Zoro-Juurou (CS 25-26 Event Pack Finalist Ver.),Zoro Juurou CS 25 26 Event Pack Finalist Ver,https://tcgplayer-cdn.tcgplayer.com/product/649663_200w.jpg,68,17675,https://cpt.tcgcsv.com/hTc7,2025-09-22T20:12:05.17,1,R,OP05-067,"[When Attacking] If you have 3 or less Life cards, add up to 1 DON!! card from your DON!! deck and set it as active.",Purple,Character,3,4000,Straw Hat Crew,Slash,,,,,,,1000,
649664,O-Nami (CS 25-26 Event Pack Finalist Ver.),O Nami CS 25 26 Event Pack Finalist Ver,https://tcgplayer-cdn.tcgplayer.com/product/649664_200w.jpg,68,17675,https://cpt.tcgcsv.com/jTc7,2025-09-22T20:11:48.563,1,R,OP06-101,"[On Play] Up to 1 of your Leader or Character cards gains [Banish] during this turn.
<br><em>(When this card deals damage, the target card is trashed without activating its Trigger.)</em>
<br>[Trigger] K.O. up to 1 of your opponent's Characters with a cost of 5 or less.",Yellow,Character,2,3000,Straw Hat Crew,Special,,,,,,,1000,
649665,Tony Tony.Chopper (CS 25-26 Event Pack Finalist Ver.),Tony TonyChopper CS 25 26 Event Pack Finalist Ver,https://tcgplayer-cdn.tcgplayer.com/product/649665_200w.jpg,68,17675,https://cpt.tcgcsv.com/kTc7,2025-09-22T20:11:53.567,1,PR,P-065,"[When Attacking] If your opponent has a Character with a cost of 0, this Character gains +2000 power until the start of your next turn.",Black,Character,3,4000,Animal;Straw Hat Crew,Wisdom,,,,,,,1000,
649666,Koala (CS 25-26 Event Pack Finalist Ver.),Koala CS 25 26 Event Pack Finalist Ver,https://tcgplayer-cdn.tcgplayer.com/product/649666_200w.jpg,68,17675,https://cpt.tcgcsv.com/lTc7,2025-09-22T20:11:43.1,1,PR,P-069,[Activate:Main] [Once Per Turn] Give up to 1 rested DON!! card to your Leader or 1 of your Characters.,Red,Character,1,1000,Revolutionary Army,Strike,999.99,999.99,999.99,,,Foil,1000,
649668,Carrot (CS 25-26 Event Pack Finalist Ver.),Carrot CS 25 26 Event Pack Finalist Ver,https://tcgplayer-cdn.tcgplayer.com/product/649668_200w.jpg,68,17675,https://cpt.tcgcsv.com/nTc7,2025-09-22T20:11:32.013,1,PR,P-070,"[Blocker] <em>(After your opponent declares an attack, you may rest this card to make it the new target of the attack.)</em>",Green,Character,2,2000,Minks,Special,,,,,,,1000,
649669,Ulti (CS 25-26 Event Pack Finalist Ver.),Ulti CS 25 26 Event Pack Finalist Ver,https://tcgplayer-cdn.tcgplayer.com/product/649669_200w.jpg,68,17675,https://cpt.tcgcsv.com/pTc7,2025-09-22T20:11:59.11,1,PR,P-077,"[Once Per Turn] When 2 or more DON!! cards on your field are returned to your DON!! deck, add up to 1 DON!! card from your DON!! deck and rest it. Then, set up to 1 of your purple Stages as active.",Purple,Character,6,6000,Animal Kingdom Pirates,Strike,398.44,398.72,399.0,,,Foil,1000,
649671,CS 25-26 Top Player Pack,CS 25 26 Top Player Pack,https://tcgplayer-cdn.tcgplayer.com/product/649671_200w.jpg,68,17675,https://cpt.tcgcsv.com/rTc7,2025-09-22T20:14:38.967,1,,,,,,,,,,,,,,,,,
649672,Tony Tony.Chopper (CS 25-26 Top Player Pack),Tony TonyChopper CS 25 26 Top Player Pack,https://tcgplayer-cdn.tcgplayer.com/product/649672_200w.jpg,68,17675,https://cpt.tcgcsv.com/sTc7,2025-09-22T20:15:07.403,1,R,OP07-066,"[Blocker] <em>(After your opponent declares an attack, you may rest this card to make it the new target of the attack.)</em>
<br>
[On Play] If the number of DON!! cards on your field is equal to or less than the number on your opponent's field, add up to 1 DON!! card from your DON!! deck and rest it.",Purple,Character,2,0,Animal;Foxy Pirates,Strike,,,,,,,1000,
649673,Monkey.D.Luffy (CS 25-26 Top Player Pack),MonkeyDLuffy CS 25 26 Top Player Pack,https://tcgplayer-cdn.tcgplayer.com/product/649673_200w.jpg,68,17675,https://cpt.tcgcsv.com/tTc7,2025-09-22T20:14:43.873,1,SR,OP07-109,"[Activate: Main]<strong>You may trash this Character</strong>: If you have 2 or less Life cards, K.O. up to 1 of your opponent's Characters with a cost of 4 or less. Then, draw 1 card.
<br>
[Trigger] K.O. up to 1 of your opponent's Characters with a cost of 4 or less.",Yellow,Character,5,6000,Straw Hat Crew;The Four Emperors;Egghead,Strike,,,,,,,1000,
649674,Nami (CS 25-26 Top Player Pack),Nami CS 25 26 Top Player Pack,https://tcgplayer-cdn.tcgplayer.com/product/649674_200w.jpg,68,17675,https://cpt.tcgcsv.com/vTc7,2025-09-22T20:14:50.853,1,UC,OP10-033,"[On Play] If you have 2 or more rested ""ODYSSEY"" type Characters, up to 1 of your opponent's rested DON!! cards will not become active in your opponent's next Refresh Phase.",Green,Character,2,2000,Straw Hat Crew;ODYSSEY,Special,2799.0,2799.0,2799.0,,,Foil,2000,
649675,Perona (CS 25-26 Top Player Pack),Perona CS 25 26 Top Player Pack,https://tcgplayer-cdn.tcgplayer.com/product/649675_200w.jpg,68,17675,https://cpt.tcgcsv.com/wTc7,2025-09-22T20:14:55.98,1,C,OP10-092,"[Activate: Main] [Once Per Turn] <strong>You may place 2 ""Thriller Bark Pirates"" type cards from your trash at the bottom of your deck in any order:</strong> Up to 1 of your Characters other than [Perona] gains +2000 power during this turn.",Black,Character,4,5000,Thriller Bark Pirates,Special,,,,,,,1000,
649676,Portgas.D.Ace (CS 25-26 Top Player Pack),PortgasDAce CS 25 26 Top Player Pack,https://tcgplayer-cdn.tcgplayer.com/product/649676_200w.jpg,68,17675,https://cpt.tcgcsv.com/xTc7,2025-09-22T20:15:01.907,1,SR,ST15-005,"If your Leader's type includes ""Whitebeard Pirates"", this Character gains [Rush].<br><br>
<em>(This card can attack on the turn in which it is played.)</em><br><br>
[Once Per Turn] If this Character would be removed from the field by your opponent's effect, you may give this Character 2000 power during this turn instead.",Red,Character,5,6000,Whitebeard Pirates,Special,,,,,,,1000,
649677,Buggy (CS 25-26 Top Player Pack),Buggy CS 25 26 Top Player Pack,https://tcgplayer-cdn.tcgplayer.com/product/649677_200w.jpg,68,17675,https://cpt.tcgcsv.com/zTc7,2025-09-22T20:14:33.787,1,C,ST17-003,[On Play] Look at 3 cards from the top of your deck and place them at the top of your deck in any order.,Blue,Character,1,2000,Buggy's Delivery;The Seven Warlords of the Sea,Slash,,,,,,,2000,
649678,Monkey.D.Luffy (Jumbo),MonkeyDLuffy Jumbo,https://tcgplayer-cdn.tcgplayer.com/product/649678_200w.jpg,68,17675,https://cpt.tcgcsv.com/BTc7,2025-09-22T20:15:47.283,1,L,OP09-061,"[DON!! x1] All of your Characters gain +1 cost.<br>
[Your Turn] [Once Per Turn] When 2 or more DON!! cards on your field are returned to your DON!! deck, add up to 1 DON!! card from your DON!! deck and set it as active, and add up to 1 additional DON!! card and rest it.",Purple;Black,Leader,,5000,Straw Hat Crew;The Four Emperors,Strike,,,,,,,,4
649681,Premium Card Collection -Best Selection Vol. 4-,Premium Card Collection Best Selection Vol 4,https://tcgplayer-cdn.tcgplayer.com/product/649681_200w.jpg,68,17675,https://cpt.tcgcsv.com/FTc7,2025-09-24T16:50:33.66,1,,,,,,,,,,106.99,333.49,600.0,254.86,,Normal,,
649682,Yamato (Premium Card Collection -Best Selection Vol. 4-),Yamato Premium Card Collection Best Selection Vol 4,https://tcgplayer-cdn.tcgplayer.com/product/649682_200w.jpg,68,17675,https://cpt.tcgcsv.com/GTc7,2025-09-01T04:11:12.303,1,C,EB01-007,[Activate:Main] [Once Per Turn] Give up to 1 rested DON!! card to your Leader or 1 of your Characters.,Red,Character,5,5000,Land of Wano,Strike,18.5,21.74,49.99,20.76,,Foil,2000,
649683,More Pizza!! (Premium Card Collection -Best Selection Vol. 4-),More Pizza Premium Card Collection Best Selection Vol 4,https://tcgplayer-cdn.tcgplayer.com/product/649683_200w.jpg,68,17675,https://cpt.tcgcsv.com/HTc7,2025-09-01T04:11:12.303,1,UC,OP07-037,"[Main] Look at 5 cards from the top of your deck; reveal up to 1 [Supernovas] type card other than [More Pizza!!] and add it to your hand. Then, place the rest at the bottom of your deck in any order.
<br>[Trigger] Draw 1 card.",Green,Event,1,,Bonney Pirates;Supernovas,,5.0,7.0,80.0,5.75,,Foil,,
649684,Perfume Femur (Premium Card Collection -Best Selection Vol. 4-),Perfume Femur Premium Card Collection Best Selection Vol 4,https://tcgplayer-cdn.tcgplayer.com/product/649684_200w.jpg,68,17675,https://cpt.tcgcsv.com/JTc7,2025-09-01T04:11:12.303,1,R,OP07-057,"[Main] Select up to 1 of your [The Seven Warlords of the Sea] type Leader or Character cards and that card gains +2000 power during this turn. Then, if the selected card attacks during this turn, your opponent cannot activate [Blocker].
<br>[Trigger] Draw 1 card.",Blue,Event,2,,Kuja Pirates;The Seven Warlords of the Sea,,14.86,18.1,70.0,15.96,,Foil,,
649685,Kalgara (Premium Card Collection -Best Selection Vol. 4-),Kalgara Premium Card Collection Best Selection Vol 4,https://tcgplayer-cdn.tcgplayer.com/product/649685_200w.jpg,68,17675,https://cpt.tcgcsv.com/KTc7,2025-09-01T04:11:12.303,1,C,OP08-099,,Yellow,Character,6,8000,Sky Island;Shandian Warrior;Jaya,Slash,2.92,4.68,40.0,3.71,,Foil,1000,
649686,Building Snake (Premium Card Collection -Best Selection Vol. 4-),Building Snake Premium Card Collection Best Selection Vol 4,https://tcgplayer-cdn.tcgplayer.com/product/649686_200w.jpg,68,17675,https://cpt.tcgcsv.com/LTc7,2025-09-01T04:11:12.303,1,UC,OP09-008,[Activate: Main] <strong>You may place this Character at the bottom of the owner's deck</strong>: Give up to 1 of your opponent's Characters 3000 power during this turn.,Red,Character,1,2000,Red-Haired Pirates,Slash,1.83,3.48,40.0,2.65,,Foil,,
649687,Nami (Premium Card Collection -Best Selection Vol. 4-),Nami Premium Card Collection Best Selection Vol 4,https://tcgplayer-cdn.tcgplayer.com/product/649687_200w.jpg,68,17675,https://cpt.tcgcsv.com/MTc7,2025-09-01T04:11:12.303,1,UC,OP09-070,[On Play] <strong>You may return 1 or more DON!! cards from your field to your DON!! deck</strong>: Give up to 2 rested DON!! cards to your Leader or 1 of your Characters.,Purple,Character,3,2000,Straw Hat Crew,Special,109.99,147.2,300.0,145.74,,Foil,2000,
649688,Gum-Gum Lightning (Premium Card Collection -Best Selection Vol. 4-),Gum Gum Lightning Premium Card Collection Best Selection Vol 4,https://tcgplayer-cdn.tcgplayer.com/product/649688_200w.jpg,68,17675,https://cpt.tcgcsv.com/NTc7,2025-09-01T04:11:12.303,1,UC,OP09-077,"[Main] <strong>DON!! 2 <em>(You may return the specified number of DON!! cards from your field to your DON!! deck.)</em></strong>: K.O. up to 1 of your opponent's Characters with 6000 power or less.<br>
[Trigger] Add up to 1 DON!! card from your DON!! deck and set it as active.",Purple,Event,2,,Straw Hat Crew;The Four Emperors,,38.0,42.34,82.25,40.32,,Foil,,
649689,Laffitte (Premium Card Collection -Best Selection Vol. 4-),Laffitte Premium Card Collection Best Selection Vol 4,https://tcgplayer-cdn.tcgplayer.com/product/649689_200w.jpg,68,17675,https://cpt.tcgcsv.com/PTc7,2025-09-01T04:11:12.303,1,R,OP09-095,"[Activate: Main] <strong>You may rest 1 of your DON!! cards and this Character</strong>: Look at 5 cards from the top of your deck; reveal up to 1 ""Blackbeard Pirates"" type card and add it to your hand. Then, place the rest at the bottom of your deck in any order.",Black,Character,1,1000,Blackbeard Pirates,Strike,15.97,20.73,40.0,19.74,,Foil,1000,
649690,Dereshi! (Premium Card Collection -Best Selection Vol. 4-),Dereshi Premium Card Collection Best Selection Vol 4,https://tcgplayer-cdn.tcgplayer.com/product/649690_200w.jpg,68,17675,https://cpt.tcgcsv.com/QTc7,2025-09-01T04:11:12.303,1,R,OP09-117,"[Main] Look at 5 cards from the top of your deck; reveal up to 2 cards with a [Trigger] other than [Dereshi!] and add them to your hand. Then, place the rest at the bottom of your deck in any order.<br>
[Trigger] Draw 1 card.",Yellow,Event,3,,Ohara,,13.18,16.23,45.0,13.64,,Foil,,
649691,Kouzuki Momonosuke (Premium Card Collection -Best Selection Vol. 4-),Kouzuki Momonosuke Premium Card Collection Best Selection Vol 4,https://tcgplayer-cdn.tcgplayer.com/product/649691_200w.jpg,68,17675,https://cpt.tcgcsv.com/RTc7,2025-09-01T04:11:12.303,1,UC,OP10-028,"[Activate: Main] <strong>You may rest 2 of your DON!! cards and trash this Character:</strong> Look at 5 cards from the top of your deck; reveal up to 2 ""The Akazaya Nine"" type cards and add them to your hand. Then, place the rest at the bottom of your deck in any order.",Green,Character,1,1000,Land of Wano;Kouzuki Clan;Punk Hazard,Special,3.35,4.99,40.0,4.02,,Foil,1000,
649692,Sabo (Premium Card Collection -Best Selection Vol. 4-),Sabo Premium Card Collection Best Selection Vol 4,https://tcgplayer-cdn.tcgplayer.com/product/649692_200w.jpg,68,17675,https://cpt.tcgcsv.com/STc7,2025-09-01T04:11:12.303,1,R,OP10-049,"If your Character with a base cost of 7 or less other than [Sabo] would be removed from the field by your opponent's effect, you may return this Character to the owner's hand instead.",Blue,Character,4,5000,Revolutionary Army;Dressrosa,Special,4.88,6.08,40.0,5.38,,Foil,2000,
649693,Perona (Premium Card Collection -Best Selection Vol. 4-),Perona Premium Card Collection Best Selection Vol 4,https://tcgplayer-cdn.tcgplayer.com/product/649693_200w.jpg,68,17675,https://cpt.tcgcsv.com/TTc7,2025-09-01T04:11:12.303,1,C,OP10-092,"[Activate: Main] [Once Per Turn] <strong>You may place 2 ""Thriller Bark Pirates"" type cards from your trash at the bottom of your deck in any order:</strong> Up to 1 of your Characters other than [Perona] gains +2000 power during this turn.",Black,Character,4,5000,Thriller Bark Pirates,Special,9.07,10.11,40.0,9.26,,Foil,1000,
649694,Premium Card Collection -6 assort vol.1-,Premium Card Collection 6 assort vol1,https://tcgplayer-cdn.tcgplayer.com/product/649694_200w.jpg,68,17675,https://cpt.tcgcsv.com/VTc7,2025-09-29T15:29:36.537,1,,,,,,,,,,257.96,474.99,500.0,190.18,,Normal,,
649696,Monkey.D.Luffy (BANDAI Card Games Fest 25-26),MonkeyDLuffy BANDAI Card Games Fest 25 26,https://tcgplayer-cdn.tcgplayer.com/product/649696_200w.jpg,68,17675,https://cpt.tcgcsv.com/XTc7,2025-09-22T20:22:06.94,1,R,OP07-073,"[Activate: Main][Once Per Turn] <strong>DON!! -3</strong> <em>(You may return the specified number of DON!! cards from your field to your DON!! deck.)</em>: If your opponent has 3 or more Characters, set this Character as active.",Purple,Character,6,7000,Straw Hat Crew,Strike,125.0,175.62,750.0,149.24,,Foil,,
649704,Yamato (Premium Card Collection -6 assort vol.1-),Yamato Premium Card Collection 6 assort vol1,https://tcgplayer-cdn.tcgplayer.com/product/649704_200w.jpg,68,17675,https://cpt.tcgcsv.com/6Vc7,2025-09-22T20:20:56.06,1,SR,EB02-006,"[Activate: Main] [Once Per Turn] If your Leader has the ""Land of Wano"" type or is [Portgas.D.Ace], give up to 1 rested DON!! card to 1 of your Leader. Then, this Character gains [Rush] during this turn.",Red,Character,6,7000,Land of Wano,Strike,54.5,59.98,199.95,53.83,,Foil,,
649705,Leo (Premium Card Collection -6 assort vol.1-),Leo Premium Card Collection 6 assort vol1,https://tcgplayer-cdn.tcgplayer.com/product/649705_200w.jpg,68,17675,https://cpt.tcgcsv.com/7Vc7,2025-09-22T20:21:10.79,1,R,OP10-057,"[On Play] <strong>You may rest your Leader or 1 of your Stage cards:</strong> If your Leader is [Usopp], look at 5 cards from the top of your deck; reveal up to 2 ""Dressrosa"" type cards other than [Leo] and add them to your hand. Then, place the rest at the bottom of your deck in any order, and trash 1 card from your hand.",Blue,Character,1,2000,Dressrosa;The Tontattas,Strike,79.99,83.94,205.0,75.74,,Foil,1000,
649706,Monkey.D.Luffy (Premium Card Collection -6 assort vol.1-),MonkeyDLuffy Premium Card Collection 6 assort vol1,https://tcgplayer-cdn.tcgplayer.com/product/649706_200w.jpg,68,17675,https://cpt.tcgcsv.com/8Vc7,2025-09-22T20:21:05.73,1,R,OP10-111,"[On Play] Look at 5 cards from the top of your deck; reveal up to 1 ""Supernovas"" type card other than [Monkey.D.Luffy] and add it to your hand. Then, place the rest at the bottom of your deck in any order.",Yellow,Character,1,2000,Straw Hat Crew;Supernovas,Strike,118.06,129.99,300.0,132.77,,Foil,1000,
649707,Charlotte Linlin (Premium Card Collection -6 assort vol.1-),Charlotte Linlin Premium Card Collection 6 assort vol1,https://tcgplayer-cdn.tcgplayer.com/product/649707_200w.jpg,68,17675,https://cpt.tcgcsv.com/9Vc7,2025-09-22T20:21:26.037,1,R,OP11-073,"If your Leader has the ""Big Mom Pirates"" type, this Character gains [Rush].<br>
[On Your Opponent's Attack] [Once Per Turn] <strong>DON!! 5:</strong> Choose a cost and reveal 1 card from the top of your opponent's deck. If the revealed card has the chosen cost, up to 1 of your Leader gains +2000 power during this turn.",Purple,Character,10,12000,The Four Emperors;Big Mom Pirates,Special,20.0,39.86,100.0,33.56,,Foil,,
649708,Color of the Supreme King Haki (Premium Card Collection -6 assort vol.1-),Color of the Supreme King Haki Premium Card Collection 6 assort vol1,https://tcgplayer-cdn.tcgplayer.com/product/649708_200w.jpg,68,17675,https://cpt.tcgcsv.com/bVc7,2025-09-22T20:21:21.163,1,R,OP12-018,"[Counter] Up to 1 of your Characters or [Silvers Rayleigh] gains +2000 power during this battle. Then, you may rest 1 of your DON!! cards. If you do, give your opponent's Leader and all of their Characters 1000 power during this turn.",Red,Event,,,Former Roger Pirates,,39.99,42.97,150.0,40.9,,Foil,,
649709,Edward.Newgate (Premium Card Collection -6 assort vol.1-),EdwardNewgate Premium Card Collection 6 assort vol1,https://tcgplayer-cdn.tcgplayer.com/product/649709_200w.jpg,68,17675,https://cpt.tcgcsv.com/cVc7,2025-09-22T20:21:16.117,1,C,ST22-003,"[Double Attack] <em>(This card deals 2 damage.)</em><br>
[On Play] Reveal 1 card from the top of your deck. If that card's type includes ""Whitebeard Pirates"", draw 2 cards.",Blue,Character,9,10000,The Four Emperors;Whitebeard Pirates,Special,4.93,7.99,50.0,6.88,,Foil,,
649730,Jewelry Bonney (Online Regional Participation Pack 2025 Vol.2),Jewelry Bonney Online Regional Participation Pack 2025 Vol2,https://tcgplayer-cdn.tcgplayer.com/product/649730_200w.jpg,68,17675,https://cpt.tcgcsv.com/DVc7,2025-10-01T15:48:25.14,1,PR,P-085,"[On Play] If your Leader has the ""Supernovas"" type and the number of your Life cards is equal to or less than the number of your opponent's Life cards, add up to 1 of your opponent's Characters with a cost of 4 or less to the top or bottom of the owner's Life cards face-up.",Yellow,Character,5,6000,Bonney Pirates;Supernovas,Special,50.0,64.99,114.99,33.12,,Foil,1000,
649731,Kid & Killer (Online Regional Participation Pack 2025 Vol.2),Kid and Killer Online Regional Participation Pack 2025 Vol2,https://tcgplayer-cdn.tcgplayer.com/product/649731_200w.jpg,68,17675,https://cpt.tcgcsv.com/FVc7,2025-10-01T15:48:30.763,1,R,EB01-003,"[Rush] <em>(This card can attack on the turn in which it is played.)</em>
<br>
[When Attacking] If your opponent has 2 or less Life cards, this Character gains +2000 power during this turn.",Red,Character,4,5000,Kid Pirates;Supernovas,Slash;Special,24.0,27.6,45.0,23.0,,Foil,,
649732,Tony Tony.Chopper (Online Regional Participation Pack 2025 Vol.2),Tony TonyChopper Online Regional Participation Pack 2025 Vol2,https://tcgplayer-cdn.tcgplayer.com/product/649732_200w.jpg,68,17675,https://cpt.tcgcsv.com/GVc7,2025-10-01T15:48:41.18,1,PR,P-089,,Yellow,Character,5,7000,Animal;Straw Hat Crew,Strike,95.0,145.95,299.99,51.59,,Foil,1000,
649733,Trafalgar Law (Online Regional Participation Pack 2025 Vol.2),Trafalgar Law Online Regional Participation Pack 2025 Vol2,https://tcgplayer-cdn.tcgplayer.com/product/649733_200w.jpg,68,17675,https://cpt.tcgcsv.com/HVc7,2025-10-01T15:48:46.343,1,R,OP07-047,"[Activate: Main] <strong>You may return this Character to the owner's hand</strong>: If your opponent has 6 or more cards in their hand, your opponent places 1 card from their hand at the bottom of their deck.",Blue,Character,4,4000,Heart Pirates;The Seven Warlords of the Sea,Slash,46.99,64.99,99.0,26.73,,Foil,2000,
649735,Online Regional Participation Pack 2025 Vol.2,Online Regional Participation Pack 2025 Vol2,https://tcgplayer-cdn.tcgplayer.com/product/649735_200w.jpg,68,17675,https://cpt.tcgcsv.com/KVc7,2025-10-01T15:48:36.26,1,,,,,,,,,,199.0,350.0,400.0,60.5,,Normal,,
649736,Jewelry Bonney (Online Regional Finalist Card Set 2025 Vol.2),Jewelry Bonney Online Regional Finalist Card Set 2025 Vol2,https://tcgplayer-cdn.tcgplayer.com/product/649736_200w.jpg,68,17675,https://cpt.tcgcsv.com/LVc7,2025-10-01T15:50:57.067,1,PR,P-085,"[On Play] If your Leader has the ""Supernovas"" type and the number of your Life cards is equal to or less than the number of your opponent's Life cards, add up to 1 of your opponent's Characters with a cost of 4 or less to the top or bottom of the owner's Life cards face-up.",Yellow,Character,5,6000,Bonney Pirates;Supernovas,Special,,,,,,,1000,
649737,Kid & Killer (Online Regional Finalist Card Set 2025 Vol.2),Kid and Killer Online Regional Finalist Card Set 2025 Vol2,https://tcgplayer-cdn.tcgplayer.com/product/649737_200w.jpg,68,17675,https://cpt.tcgcsv.com/MVc7,2025-10-01T15:51:07.88,1,R,EB01-003,"[Rush] <em>(This card can attack on the turn in which it is played.)</em>
<br>
[When Attacking] If your opponent has 2 or less Life cards, this Character gains +2000 power during this turn.",Red,Character,4,5000,Kid Pirates;Supernovas,Slash;Special,197.0,197.0,199.0,189.66,,Foil,,
649738,Tony Tony.Chopper (Online Regional Finalist Card Set 2025 Vol.2),Tony TonyChopper Online Regional Finalist Card Set 2025 Vol2,https://tcgplayer-cdn.tcgplayer.com/product/649738_200w.jpg,68,17675,https://cpt.tcgcsv.com/NVc7,2025-10-01T15:51:13.37,1,PR,P-089,,Yellow,Character,5,7000,Animal;Straw Hat Crew,Strike,1969.69,1970.35,1971.0,255.0,,Foil,1000,
649739,Trafalgar Law (Online Regional Finalist Card Set 2025 Vol.2),Trafalgar Law Online Regional Finalist Card Set 2025 Vol2,https://tcgplayer-cdn.tcgplayer.com/product/649739_200w.jpg,68,17675,https://cpt.tcgcsv.com/PVc7,2025-10-01T15:51:18.863,1,R,OP07-047,"[Activate: Main] <strong>You may return this Character to the owner's hand</strong>: If your opponent has 6 or more cards in their hand, your opponent places 1 card from their hand at the bottom of their deck.",Blue,Character,4,4000,Heart Pirates;The Seven Warlords of the Sea,Slash,375.0,687.0,999.0,226.33,,Foil,2000,
649740,Jewelry Bonney (Online Regional Champion Card Set 2025 Vol.2),Jewelry Bonney Online Regional Champion Card Set 2025 Vol2,https://tcgplayer-cdn.tcgplayer.com/product/649740_200w.jpg,68,17675,https://cpt.tcgcsv.com/QVc7,2025-10-01T15:52:46.213,1,PR,P-085,"[On Play] If your Leader has the ""Supernovas"" type and the number of your Life cards is equal to or less than the number of your opponent's Life cards, add up to 1 of your opponent's Characters with a cost of 4 or less to the top or bottom of the owner's Life cards face-up.",Yellow,Character,5,6000,Bonney Pirates;Supernovas,Special,,,,,,,1000,
649741,Kid & Killer (Online Regional Champion Card Set 2025 Vol.2),Kid and Killer Online Regional Champion Card Set 2025 Vol2,https://tcgplayer-cdn.tcgplayer.com/product/649741_200w.jpg,68,17675,https://cpt.tcgcsv.com/RVc7,2025-10-01T15:52:52.193,1,R,EB01-003,"[Rush] <em>(This card can attack on the turn in which it is played.)</em>
<br>
[When Attacking] If your opponent has 2 or less Life cards, this Character gains +2000 power during this turn.",Red,Character,4,5000,Kid Pirates;Supernovas,Slash;Special,6969.96,6969.96,6969.96,,,Foil,,
649742,Tony Tony.Chopper (Online Regional Champion Card Set 2025 Vol.2),Tony TonyChopper Online Regional Champion Card Set 2025 Vol2,https://tcgplayer-cdn.tcgplayer.com/product/649742_200w.jpg,68,17675,https://cpt.tcgcsv.com/SVc7,2025-10-01T15:52:57.3,1,PR,P-089,,Yellow,Character,5,7000,Animal;Straw Hat Crew,Strike,,,,,,,1000,
649744,Trafalgar Law (Online Regional Champion Card Set 2025 Vol.2),Trafalgar Law Online Regional Champion Card Set 2025 Vol2,https://tcgplayer-cdn.tcgplayer.com/product/649744_200w.jpg,68,17675,https://cpt.tcgcsv.com/VVc7,2025-10-01T15:53:02.383,1,R,OP07-047,"[Activate: Main] <strong>You may return this Character to the owner's hand</strong>: If your opponent has 6 or more cards in their hand, your opponent places 1 card from their hand at the bottom of their deck.",Blue,Character,4,4000,Heart Pirates;The Seven Warlords of the Sea,Slash,,,,,,,2000,
649750,DON!! Card (Donquixote Rosinante) (Devil Fruits Collection Vol. 3),DON Card Donquixote Rosinante Devil Fruits Collection Vol 3,https://tcgplayer-cdn.tcgplayer.com/product/649750_200w.jpg,68,17675,https://cpt.tcgcsv.com/0Wc7,2025-12-03T14:36:44.367,1,DON!!,,Your Turn +1000,,DON!!,,,,,6.6,8.59,25.0,8.16,,Foil,,
649751,DON!! Card (Op-Op Fruit) (Devil Fruits Collection Vol. 3),DON Card Op Op Fruit Devil Fruits Collection Vol 3,https://tcgplayer-cdn.tcgplayer.com/product/649751_200w.jpg,68,17675,https://cpt.tcgcsv.com/2Wc7,2025-12-03T14:42:39.093,1,DON!!,,Your Turn +1000,,DON!!,,,,,5.0,7.1,24.99,6.21,,Foil,,
649772,Monkey.D.Luffy (Sound Loader - Luffy Edition 2025),MonkeyDLuffy Sound Loader Luffy Edition 2025,https://tcgplayer-cdn.tcgplayer.com/product/649772_200w.jpg,68,17675,https://cpt.tcgcsv.com/sWc7,2025-12-05T05:10:10.253,1,L,EB02-010,"[Activate: Main] [Once Per Turn] <strong>DON!! 2:</strong> If the only Characters on your field are ""Straw Hat Crew"" type Characters, set up to 2 of your DON!! cards as active. Then, this Leader gains +1000 power until the end of your opponent's next turn.",Green;Purple,Leader,,5000,Straw Hat Crew,Strike,37.0,41.51,80.0,40.82,,Normal,,4
650704,Roronoa Zoro (Illustration Box Vol.3),Roronoa Zoro Illustration Box Vol3,https://tcgplayer-cdn.tcgplayer.com/product/650704_200w.jpg,68,17675,https://cpt.tcgcsv.com/6jd7,2025-09-08T20:45:14.463,1,UC,OP07-113,"[Trigger] If your Leader has the [Egghead] type, rest up to 1 of your opponent's Leader or Character cards.",Yellow,Character,5,6000,Straw Hat Crew;Egghead,Slash,3.97,7.52,50.0,5.92,,Foil,1000,
650706,Monkey.D.Luffy (Illustration Box Vol.3),MonkeyDLuffy Illustration Box Vol3,https://tcgplayer-cdn.tcgplayer.com/product/650706_200w.jpg,68,17675,https://cpt.tcgcsv.com/8jd7,2025-09-08T20:45:41.347,1,SR,OP07-109,"[Activate: Main]<strong>You may trash this Character</strong>: If you have 2 or less Life cards, K.O. up to 1 of your opponent's Characters with a cost of 4 or less. Then, draw 1 card.
<br>
[Trigger] K.O. up to 1 of your opponent's Characters with a cost of 4 or less.",Yellow,Character,5,6000,Straw Hat Crew;The Four Emperors;Egghead,Strike,4.99,9.64,74.99,8.51,,Foil,1000,
650727,Perona (Illustration Box Vol.4),Perona Illustration Box Vol4,https://tcgplayer-cdn.tcgplayer.com/product/650727_200w.jpg,68,17675,https://cpt.tcgcsv.com/zjd7,2025-09-08T20:46:13.187,1,R,OP09-034,"[On Play] Look at 5 cards from the top of your deck; reveal up to 1 [Dracule Mihawk] or ""Thriller Bark Pirates"" type card and add it to your hand. Then, place the rest at the bottom of your deck in any order and trash 1 card from your hand.",Green,Character,1,2000,Thriller Bark Pirates;Muggy Kingdom,Special,1.3,2.99,25.0,1.8,,Foil,2000,
650728,Dracule Mihawk (Illustration Box Vol.4),Dracule Mihawk Illustration Box Vol4,https://tcgplayer-cdn.tcgplayer.com/product/650728_200w.jpg,68,17675,https://cpt.tcgcsv.com/Bjd7,2025-09-08T20:46:43.623,1,SR,ST12-003,"[On Play] If you have 2 or less Characters, play up to 1 [Muggy Kingdom] type or ""Slash"" attribute Character card with a cost of 4 or less other than [Dracule Mihawk] from your hand rested.",Green,Character,3,4000,The Seven Warlords of the Sea;Muggy Kingdom,Slash,2.78,4.75,55.0,4.04,,Foil,2000,
652091,Nefeltari Vivi (Welcome Pack Vol. 2),Nefeltari Vivi Welcome Pack Vol 2,https://tcgplayer-cdn.tcgplayer.com/product/652091_200w.jpg,68,17675,https://cpt.tcgcsv.com/RRd7,2025-09-04T18:56:04.507,1,R,OP05-086,"If you have 10 or more cards in your trash, this Character gains [Blocker]. <em>(After your opponent declares an attack, you may rest this card to make it the new target of the attack.)</em>",Black,Character,1,1000,Alabasta,Wisdom,2.5,4.48,30.0,3.18,,Normal,1000,
652093,O-Nami (Welcome Pack Vol. 2),O Nami Welcome Pack Vol 2,https://tcgplayer-cdn.tcgplayer.com/product/652093_200w.jpg,68,17675,https://cpt.tcgcsv.com/TRd7,2025-12-11T20:07:18.667,1,R,OP06-101,"[On Play] Up to 1 of your Leader or Character cards gains [Banish] during this turn.
<br><em>(When this card deals damage, the target card is trashed without activating its Trigger.)</em>
<br>[Trigger] K.O. up to 1 of your opponent's Characters with a cost of 5 or less.",Yellow,Character,2,3000,Straw Hat Crew,Special,6.3,11.0,95.0,8.78,,Normal,1000,
652234,Uta (Welcome Pack Vol. 2),Uta Welcome Pack Vol 2,https://tcgplayer-cdn.tcgplayer.com/product/652234_200w.jpg,68,17675,https://cpt.tcgcsv.com/JVd7,2025-12-17T15:58:19.15,1,R,OP09-002,"[On Play] Look at 5 cards from the top of your deck; reveal up to 1 ""Red-Haired Pirates"" type card and add it to your hand. Then, place the rest at the bottom of your deck in any order.",Red,Character,1,2000,FILM,Special,1.99,3.5,8.0,2.86,,Normal,1000,
652236,Trafalgar Law (Welcome Pack Vol. 2),Trafalgar Law Welcome Pack Vol 2,https://tcgplayer-cdn.tcgplayer.com/product/652236_200w.jpg,68,17675,https://cpt.tcgcsv.com/LVd7,2025-09-04T19:02:26.45,1,R,OP07-047,"[Activate: Main] <strong>You may return this Character to the owner's hand</strong>: If your opponent has 6 or more cards in their hand, your opponent places 1 card from their hand at the bottom of their deck.",Blue,Character,4,4000,Heart Pirates;The Seven Warlords of the Sea,Slash,1.0,2.2,5.0,2.2,,Normal,2000,
652239,Roronoa Zoro (Welcome Pack Vol. 2),Roronoa Zoro Welcome Pack Vol 2,https://tcgplayer-cdn.tcgplayer.com/product/652239_200w.jpg,68,17675,https://cpt.tcgcsv.com/PVd7,2025-09-04T19:03:40.847,1,R,OP09-076,[On Play] <strong>You may return 1 or more DON!! cards from your field to your DON!! deck</strong>: Add up to 1 DON!! card from your DON!! deck and set it as active.,Purple,Character,3,5000,Straw Hat Crew,Slash,6.98,10.18,26.0,8.28,,Normal,,
652240,Monkey.D.Luffy (Welcome Pack Vol. 2),MonkeyDLuffy Welcome Pack Vol 2,https://tcgplayer-cdn.tcgplayer.com/product/652240_200w.jpg,68,17675,https://cpt.tcgcsv.com/QVd7,2026-01-14T20:07:36.003,1,C,ST16-005,"If you have a rested [Uta], this Character gains +1000 power.",Green,Character,2,3000,FILM;Straw Hat Crew;Supernovas,Strike,3.5,5.04,199.99,5.03,,Normal,2000,
653799,Welcome Pack Vol. 2,Welcome Pack Vol 2,https://tcgplayer-cdn.tcgplayer.com/product/653799_200w.jpg,68,17675,https://cpt.tcgcsv.com/_wf7,2026-03-08T16:12:08.617,1,,,,,,,,,,7.64,9.0,16.98,7.69,,Normal,,
655958,Tournament Pack 2025 Vol. 4,Tournament Pack 2025 Vol 4,https://tcgplayer-cdn.tcgplayer.com/product/655958_200w.jpg,68,17675,https://cpt.tcgcsv.com/bpg7,2025-10-02T18:13:21.543,1,,,,,,,,,,1.0,1.98,5.0,1.4,,Normal,,
655959,Winner Pack 2025 Vol. 4,Winner Pack 2025 Vol 4,https://tcgplayer-cdn.tcgplayer.com/product/655959_200w.jpg,68,17675,https://cpt.tcgcsv.com/cpg7,2025-10-02T18:13:59.6,1,,,,,,,,,,8.99,15.0,29.99,9.11,,Normal,,
655965,Because the Side of Justice Will Be Whichever Side Wins!! (Tournament Pack 2025 Vol. 4),Because the Side of Justice Will Be Whichever Side Wins Tournament Pack 2025 Vol 4,https://tcgplayer-cdn.tcgplayer.com/product/655965_200w.jpg,68,17675,https://cpt.tcgcsv.com/kpg7,2025-10-01T14:08:43.923,1,R,OP05-037,"[Counter] <strong>You may trash 1 card from your hand</strong>: Up to 1 of your Leader or Character cards gains +3000 power during this battle.
<br>
[Trigger] Rest up to 1 of your opponent's Characters with a cost of 4 or less.",Green,Event,0,,Donquixote Pirates,,0.05,0.3,6.0,0.2,,Normal,,
655966,Tsuru (Tournament Pack 2025 Vol. 4),Tsuru Tournament Pack 2025 Vol 4,https://tcgplayer-cdn.tcgplayer.com/product/655966_200w.jpg,68,17675,https://cpt.tcgcsv.com/lpg7,2025-10-01T14:08:47.753,1,R,OP06-051,[On Play] <strong>You may trash 2 cards from your hand:</strong> Your opponent returns 1 of their Characters to the owner's hand.,Blue,Character,5,4000,Navy,Special,0.18,0.33,4.97,0.29,,Normal,4000,
655967,Bartholomew Kuma (Tournament Pack 2025 Vol. 4),Bartholomew Kuma Tournament Pack 2025 Vol 4,https://tcgplayer-cdn.tcgplayer.com/product/655967_200w.jpg,68,17675,https://cpt.tcgcsv.com/mpg7,2025-10-01T14:08:51.933,1,UC,OP09-108,"[Trigger] If your Leader has the ""Revolutionary Army"" type and you and your opponent have a total of 5 or less Life cards, play this card.",Yellow,Character,4,5000,Revolutionary Army;The Seven Warlords of the Sea,Strike,0.05,0.28,5.0,0.24,,Normal,2000,
655969,Shachi & Penguin (Tournament Pack 2025 Vol. 4),Shachi and Penguin Tournament Pack 2025 Vol 4,https://tcgplayer-cdn.tcgplayer.com/product/655969_200w.jpg,68,17675,https://cpt.tcgcsv.com/ppg7,2025-10-01T14:08:56.393,1,C,ST10-008,"[On Play] If you have 3 or less DON!! cards on your field, add up to 2 DON!! cards from your DON!! deck and rest them.",Purple,Character,4,5000,Heart Pirates,Ranged,0.04,0.25,3.69,0.2,,Normal,2000,
655971,Because the Side of Justice Will Be Whichever Side Wins!! (Winner Pack 2025 Vol. 4),Because the Side of Justice Will Be Whichever Side Wins Winner Pack 2025 Vol 4,https://tcgplayer-cdn.tcgplayer.com/product/655971_200w.jpg,68,17675,https://cpt.tcgcsv.com/rpg7,2025-10-01T14:09:02.213,1,R,OP05-037,"[Counter] <strong>You may trash 1 card from your hand</strong>: Up to 1 of your Leader or Character cards gains +3000 power during this battle.
<br>
[Trigger] Rest up to 1 of your opponent's Characters with a cost of 4 or less.",Green,Event,0,,Donquixote Pirates,,9.12,11.49,75.0,10.64,,Foil,,
655972,Tsuru (Winner Pack 2025 Vol. 4),Tsuru Winner Pack 2025 Vol 4,https://tcgplayer-cdn.tcgplayer.com/product/655972_200w.jpg,68,17675,https://cpt.tcgcsv.com/spg7,2025-10-01T14:09:08.597,1,R,OP06-051,[On Play] <strong>You may trash 2 cards from your hand:</strong> Your opponent returns 1 of their Characters to the owner's hand.,Blue,Character,5,4000,Navy,Special,6.45,7.25,25.25,6.64,,Foil,4000,
655973,Bartholomew Kuma (Winner Pack 2025 Vol. 4),Bartholomew Kuma Winner Pack 2025 Vol 4,https://tcgplayer-cdn.tcgplayer.com/product/655973_200w.jpg,68,17675,https://cpt.tcgcsv.com/tpg7,2025-10-01T14:09:13.48,1,UC,OP09-108,"[Trigger] If your Leader has the ""Revolutionary Army"" type and you and your opponent have a total of 5 or less Life cards, play this card.",Yellow,Character,4,5000,Revolutionary Army;The Seven Warlords of the Sea,Strike,6.59,10.54,50.0,9.08,,Foil,2000,
655974,Shachi & Penguin (Winner Pack 2025 Vol. 4),Shachi and Penguin Winner Pack 2025 Vol 4,https://tcgplayer-cdn.tcgplayer.com/product/655974_200w.jpg,68,17675,https://cpt.tcgcsv.com/vpg7,2025-10-01T14:09:18.013,1,C,ST10-008,"[On Play] If you have 3 or less DON!! cards on your field, add up to 2 DON!! cards from your DON!! deck and rest them.",Purple,Character,4,5000,Heart Pirates,Ranged,2.42,3.31,65.0,2.48,,Foil,2000,
656569,Nami - P-117,Nami P 117,https://tcgplayer-cdn.tcgplayer.com/product/656569_200w.jpg,68,17675,https://cpt.tcgcsv.com/pFg7,2025-11-10T14:04:54.773,1,PR,P-117,"Under the rules of this game, you can only include ""East Blue"" type cards in your deck and when your deck is reduced to 0, you win the game instead of losing.
<br>[DON!! x1] When this Leader's attack deals damage to your opponent's Life, you may trash 1 card from the top of your deck.",Blue,Leader,,5000,East Blue,Wisdom,2.75,5.01,22.07,3.79,,Normal,,5
656608,Monkey.D.Luffy (Learn Together Deck Set - Set Sail Event),MonkeyDLuffy Learn Together Deck Set Set Sail Event,https://tcgplayer-cdn.tcgplayer.com/product/656608_200w.jpg,68,17675,https://cpt.tcgcsv.com/bGg7,2025-10-21T18:28:40.587,1,R,OP10-111,"[On Play] Look at 5 cards from the top of your deck; reveal up to 1 ""Supernovas"" type card other than [Monkey.D.Luffy] and add it to your hand. Then, place the rest at the bottom of your deck in any order.",Yellow,Character,1,2000,Straw Hat Crew;Supernovas,Strike,31.99,35.45,9999.0,34.61,,Normal,1000,
656609,Roronoa Zoro (Learn Together Deck Set - Set Sail Event),Roronoa Zoro Learn Together Deck Set Set Sail Event,https://tcgplayer-cdn.tcgplayer.com/product/656609_200w.jpg,68,17675,https://cpt.tcgcsv.com/cGg7,2026-02-03T12:59:53.57,1,UC,OP10-113,"If you have less Life cards than your opponent, this Character gains [Rush].<br>
[Trigger] You may trash 1 card from your hand: If your Leader has the ""Supernovas"" type, play this card.",Yellow,Character,3,5000,Straw Hat Crew;Supernovas,Slash,35.0,43.0,9999.0,39.45,,Normal,,
657112,Tashigi (Store Treasure Cup 2025),Tashigi Store Treasure Cup 2025,https://tcgplayer-cdn.tcgplayer.com/product/657112_200w.jpg,68,17675,https://cpt.tcgcsv.com/gSg7,2025-11-21T12:25:54.217,1,R,OP12-031,"[On Play] Rest up to 1 of your opponent's Characters with a base cost of 6 or less. Then, give up to 3 rested DON!! cards to your [Roronoa Zoro] Leader.",Green,Character,5,7000,Navy;East Blue,Slash,45.0,55.17,299.99,46.22,,Foil,,
657113,Sabo (Store Treasure Cup 2025),Sabo Store Treasure Cup 2025,https://tcgplayer-cdn.tcgplayer.com/product/657113_200w.jpg,68,17675,https://cpt.tcgcsv.com/hSg7,2025-11-21T12:26:00.493,1,SEC,OP13-120,"[Blocker]
<br>[Activate: Main] [Once Per Turn] Up to 1 of your Characters gains +2 cost until the end of your opponent's next turn. Then, give up to 1 rested DON!! card to your Leader.",Black,Character,6,7000,Revolutionary Army;Dressrosa,Special,450.0,799.5,2999.99,453.59,,Foil,,
657114,Tashigi (Treasure Cup 2025),Tashigi Treasure Cup 2025,https://tcgplayer-cdn.tcgplayer.com/product/657114_200w.jpg,68,17675,https://cpt.tcgcsv.com/jSg7,2025-11-03T13:04:42.25,1,R,OP12-031,"[On Play] Rest up to 1 of your opponent's Characters with a base cost of 6 or less. Then, give up to 3 rested DON!! cards to your [Roronoa Zoro] Leader.",Green,Character,5,7000,Navy;East Blue,Slash,1863.97,1863.98,1863.98,999.99,,Foil,,
657117,Monkey.D.Luffy (Treasure Cup 2025),MonkeyDLuffy Treasure Cup 2025,https://tcgplayer-cdn.tcgplayer.com/product/657117_200w.jpg,68,17675,https://cpt.tcgcsv.com/mSg7,2025-11-03T14:37:31.733,1,SR,OP12-015,"If you have a total of 2 or more given DON!! cards, this Character gains +2000 power.<br>
[On Play] <strong>You may reveal 2 Events from your hand:</strong> Play up to 1 red Character card with 3000 power or less from your hand. Then, give up to 1 rested DON!! card to your Leader or 1 of your Characters.",Red,Character,4,4000,Straw Hat Crew;Supernovas,Strike,4999.99,4999.99,4999.99,1866.67,,Foil,1000,
657118,Sanji (Treasure Cup 2025),Sanji Treasure Cup 2025,https://tcgplayer-cdn.tcgplayer.com/product/657118_200w.jpg,68,17675,https://cpt.tcgcsv.com/nSg7,2025-11-03T13:04:33.817,1,SR,OP10-005,"[Your Turn] This Character gains +3000 power.<br>
[On K.O.] Draw 1 card.",Red,Character,3,3000,Straw Hat Crew;Punk Hazard,Special,,,,,,,1000,
657119,Roronoa Zoro (Serial Numbered),Roronoa Zoro Serial Numbered,https://tcgplayer-cdn.tcgplayer.com/product/657119_200w.jpg,68,17675,https://cpt.tcgcsv.com/pSg7,2025-11-03T14:37:42.19,1,L,OP12-020,"<em><strong>The number on the card you receive will vary from the number pictured in the listing unless otherwise shown in a Listing with Photo</strong>.</em>
<br>[DON!! x3] [Activate: Main] [Once Per Turn] If this Leader battles your opponent's Character during this turn, set this Leader as active. Then, this Leader cannot attack your opponent's Characters with a base cost of 7 or less during this turn.",Green,Leader,,5000,Straw Hat Crew;Supernovas,Slash,50000.0,50000.0,50000.0,,,Foil,,5
657215,Premium Card Collection -Best Selection Vol. 5-,Premium Card Collection Best Selection Vol 5,https://tcgplayer-cdn.tcgplayer.com/product/657215_200w.jpg,68,17675,https://cpt.tcgcsv.com/kVg7,2026-02-06T05:10:09.13,0,,,,,,,,,,80.0,99.99,350.0,73.86,,Normal,,
657218,One Piece Tin Pack Set Vol. 2 Display,One Piece Tin Pack Set Vol 2 Display,https://tcgplayer-cdn.tcgplayer.com/product/657218_200w.jpg,68,17675,https://cpt.tcgcsv.com/nVg7,2026-01-30T05:10:16.36,0,,,,,,,,,,824.99,839.68,999.96,467.38,,Normal,,
657219,One Piece Tin Pack Set Vol. 2 Display Case,One Piece Tin Pack Set Vol 2 Display Case,https://tcgplayer-cdn.tcgplayer.com/product/657219_200w.jpg,68,17675,https://cpt.tcgcsv.com/pVg7,2026-01-30T05:10:16.36,0,,,,,,,,,,3599.95,4022.2,4444.44,2370.86,,Normal,,
657221,Roronoa Zoro - OP12-020 (Official Playmat Limited Edition Vol.4),Roronoa Zoro OP12 020 Official Playmat Limited Edition Vol4,https://tcgplayer-cdn.tcgplayer.com/product/657221_200w.jpg,68,17675,https://cpt.tcgcsv.com/rVg7,2026-02-06T12:37:26.723,1,L,OP12-020,"[DON!! x3] [Activate: Main] [Once Per Turn] If this Leader battles your opponent's Character during this turn, set this Leader as active. Then, this Leader cannot attack your opponent's Characters with a base cost of 7 or less during this turn.",Green,Leader,,5000,Straw Hat Crew;Supernovas,Slash,600.0,716.99,1999.99,525.45,,Foil,,5
657484,Gum-Gum Mole Pistol (Premium Card Collection -Best Selection Vol. 5-),Gum Gum Mole Pistol Premium Card Collection Best Selection Vol 5,https://tcgplayer-cdn.tcgplayer.com/product/657484_200w.jpg,68,17675,https://cpt.tcgcsv.com/J_g7,2026-03-02T16:27:57.823,0,C,ST21-017,"[Main] Give up to 1 of your opponent's Characters 5000 power during this turn. Then, if you have a Character with 6000 power or more, K.O. up to 1 of your opponent's Characters with 2000 power or less.<br>
[Trigger] Activate this card's [Main] effect.",Red,Event,4,,Straw Hat Crew;The Four Emperors,,12.81,15.04,60.0,13.95,,Foil,,
657798,Monkey.D.Luffy - ST01-012 (3rd Anniversary Winner),MonkeyDLuffy ST01 012 3rd Anniversary Winner,https://tcgplayer-cdn.tcgplayer.com/product/657798_200w.jpg,68,17675,https://cpt.tcgcsv.com/-7h7,2026-01-13T12:44:44.59,1,SR,ST01-012,"[Rush] <em>(This card can attack on the turn in which it is played.)</em>
<br>[DON!! x2] [When Attacking] Your opponent cannot activate [Blocker] during this battle.",Red,Character,5,6000,Straw Hat Crew;Supernovas,Strike,360.71,590.0,2499.99,409.26,,Foil,,
657799,Portgas.D.Ace - OP07-053 (3rd Anniversary Winner),PortgasDAce OP07 053 3rd Anniversary Winner,https://tcgplayer-cdn.tcgplayer.com/product/657799_200w.jpg,68,17675,https://cpt.tcgcsv.com/_7h7,2025-10-31T11:39:09.52,1,R,OP07-053,"[Blocker] <em>(After your opponent declares an attack, you may rest this card to make it the new target of the attack.)</em>
<br>[On Play] Draw 2 cards and place 2 cards from your hand at the top or bottom of your deck in any order.",Blue,Character,5,6000,Whitebeard Pirates,Special,91.91,101.08,325.0,101.48,,Foil,1000,
657800,Sabo - OP09-027 (3rd Anniversary Winner),Sabo OP09 027 3rd Anniversary Winner,https://tcgplayer-cdn.tcgplayer.com/product/657800_200w.jpg,68,17675,https://cpt.tcgcsv.com/08h7,2025-10-31T11:39:13.723,1,UC,OP09-027,"[When Attacking] [Once Per Turn] If you have 3 or more rested Characters, draw 1 card.",Green,Character,5,6000,Revolutionary Army;ODYSSEY,Special,35.35,40.14,150.0,40.14,,Foil,1000,
657823,Saint Shalria (Premium Card Collection -Best Selection Vol. 5-),Saint Shalria Premium Card Collection Best Selection Vol 5,https://tcgplayer-cdn.tcgplayer.com/product/657823_200w.jpg,68,17675,https://cpt.tcgcsv.com/t8h7,2026-03-02T16:27:29.967,0,UC,OP13-086,"[On Play] Look at 3 cards from the top of your deck; reveal up to 1 ""Celestial Dragons"" type card other than [Saint Shalria] and add it to your hand. Then, trash the rest and trash 1 card from your hand.",Black,Character,1,,Celestial Dragons,Ranged,7.99,9.25,25.0,8.34,,Foil,1000,
657824,Kouzuki Oden (Premium Card Collection -Best Selection Vol. 5-),Kouzuki Oden Premium Card Collection Best Selection Vol 5,https://tcgplayer-cdn.tcgplayer.com/product/657824_200w.jpg,68,17675,https://cpt.tcgcsv.com/v8h7,2026-03-02T16:27:11,0,UC,OP13-063,"[Blocker] <em>(After your opponent declares an attack, you may rest this card to make it the new target of the attack.)</em><br>
[On Play] If you have any DON!! cards given, add up to 1 DON!! card from your DON!! deck and rest it.",Purple,Character,5,6000,Land of Wano;Kouzuki Clan;Roger Pirates,Slash,1.99,4.95,23.0,3.98,,Foil,1000,
657825,Baby 5 (Premium Card Collection -Best Selection Vol. 5-),Baby 5 Premium Card Collection Best Selection Vol 5,https://tcgplayer-cdn.tcgplayer.com/product/657825_200w.jpg,68,17675,https://cpt.tcgcsv.com/w8h7,2026-03-02T16:26:52.07,0,R,OP12-112,"[Trigger] If your Leader is multicolored, draw 2 cards.",Yellow,Character,4,5000,Donquixote Pirates,Special,18.8,22.0,60.0,21.76,,Foil,2000,
657826,Hair Removal Fist (Premium Card Collection -Best Selection Vol. 5-),Hair Removal Fist Premium Card Collection Best Selection Vol 5,https://tcgplayer-cdn.tcgplayer.com/product/657826_200w.jpg,68,17675,https://cpt.tcgcsv.com/x8h7,2026-03-02T16:25:41.27,0,UC,OP12-098,"[Counter] Up to 1 of your Leader or Character cards gains +2000 power during this battle. Then, if you have a ""Revolutionary Army"" type Character with a cost of 8 or more, that card gains an additional +2000 power during this battle.<br>
[Trigger] Draw 1 card and trash 1 card from the top of your deck.",Black,Event,1,,Revolutionary Army;Impel Down,,3.73,6.0,25.0,5.21,,Foil,,
657827,Hina (Premium Card Collection -Best Selection Vol. 5-),Hina Premium Card Collection Best Selection Vol 5,https://tcgplayer-cdn.tcgplayer.com/product/657827_200w.jpg,68,17675,https://cpt.tcgcsv.com/z8h7,2026-03-02T16:25:21.957,0,UC,OP12-051,[Activate: Main] <strong>You may rest this Character and trash 1 card from your hand:</strong> Up to 1 of your opponent's Characters with a base cost of 4 or less cannot activate [Blocker] during this turn.,Blue,Character,3,3000,Navy,Special,7.75,11.54,60.0,7.22,,Foil,2000,
657828,Kuina (Premium Card Collection -Best Selection Vol. 5-),Kuina Premium Card Collection Best Selection Vol 5,https://tcgplayer-cdn.tcgplayer.com/product/657828_200w.jpg,68,17675,https://cpt.tcgcsv.com/B8h7,2026-03-02T16:26:28.853,0,UC,OP12-026,"[Activate: Main] <strong>You may rest this Character:</strong> Rest up to 1 of your opponent's Characters with a base cost of 4 or less. Then, give up to 3 rested DON!! cards to your [Roronoa Zoro] Leader.",Green,Character,4,1000,East Blue;Frost Moon Village,Slash,3.75,7.74,34.0,7.27,,Foil,1000,
657829,Shakuyaku (Premium Card Collection -Best Selection Vol. 5-),Shakuyaku Premium Card Collection Best Selection Vol 5,https://tcgplayer-cdn.tcgplayer.com/product/657829_200w.jpg,68,17675,https://cpt.tcgcsv.com/C8h7,2026-03-02T16:26:04.177,0,R,OP12-006,"[On Play] Look at 5 cards from the top of your deck; reveal up to 1 [Monkey.D.Luffy] or 1 red Event and add it to your hand. Then, place the rest at the bottom of your deck in any order.",Red,Character,1,2000,Amazon Lily,Wisdom,3.0,4.23,25.0,3.93,,Foil,1000,
657830,Let's Crash This Wedding!!! (Premium Card Collection -Best Selection Vol. 5-),Lets Crash This Wedding Premium Card Collection Best Selection Vol 5,https://tcgplayer-cdn.tcgplayer.com/product/657830_200w.jpg,68,17675,https://cpt.tcgcsv.com/D8h7,2026-03-02T16:24:59.707,0,R,OP11-060,"[Main] If your Leader is multicolored, look at 5 cards from the top of your deck; reveal up to 1 ""Straw Hat Crew"" type card other than [Let's Crash This Wedding!!!] and add it to your hand. Then, place the rest at the bottom of your deck in any order.<br>
[Trigger] Activate this card's [Main] effect.",Blue,Event,1,,Straw Hat Crew,,7.1,8.69,25.0,8.44,,Foil,,
657831,Electrical Luna (Premium Card Collection -Best Selection Vol. 5-),Electrical Luna Premium Card Collection Best Selection Vol 5,https://tcgplayer-cdn.tcgplayer.com/product/657831_200w.jpg,68,17675,https://cpt.tcgcsv.com/F8h7,2026-03-02T16:23:44,0,R,OP08-036,"[Main] All of your opponent's rested Characters with a cost of 7 or less will not become active in your opponent's next Refresh Phase.<br>
[Trigger] Rest up to 1 of your opponent's Characters.",Green,Event,3,,Minks,,37.99,46.58,210.0,42.17,,Foil,,
657832,Blaze Slice (Premium Card Collection -Best Selection Vol. 5-),Blaze Slice Premium Card Collection Best Selection Vol 5,https://tcgplayer-cdn.tcgplayer.com/product/657832_200w.jpg,68,17675,https://cpt.tcgcsv.com/G8h7,2026-03-02T16:22:48.473,0,R,OP07-116,"[Main] / [Counter] Up to 1 of your Leader or Character cards gains +1000 power during this turn. Then, if your opponent has 2 or less Life cards, rest up to 1 of your opponent's Characters with a cost of 4 or less.
<br>
[Trigger] Rest up to 1 of your opponent's Characters with a cost of 4 or less.",Yellow,Event,1,,Land of Wano;The Akazaya Nine,,1.41,3.57,24.0,2.77,,Foil,,
657833,Merry Go (Premium Card Collection -Best Selection Vol. 5-),Merry Go Premium Card Collection Best Selection Vol 5,https://tcgplayer-cdn.tcgplayer.com/product/657833_200w.jpg,68,17675,https://cpt.tcgcsv.com/H8h7,2026-03-02T16:24:35.933,0,R,EB02-041,"[On Play] If your Leader has the ""Straw Hat Crew"" type, draw 1 card.<br>
[Activate: Main] <strong>You may rest this Stage:</strong> If the number of DON!! cards on your field is equal to or less than the number on your opponent's field, up to 1 of your ""Straw Hat Crew"" type Characters gains +2 cost until the end of your opponent's next turn.",Purple,Stage,1,,Straw Hat Crew,,7.5,8.95,35.0,7.83,,Foil,,
658338,Jewelry Bonney (CS 25-26 Regionals Textured Chase Promo),Jewelry Bonney CS 25 26 Regionals Textured Chase Promo,https://tcgplayer-cdn.tcgplayer.com/product/658338_200w.jpg,68,17675,https://cpt.tcgcsv.com/Nlh7,2025-10-23T12:48:02.207,1,PR,P-085,"[On Play] If your Leader has the ""Supernovas"" type and the number of your Life cards is equal to or less than the number of your opponent's Life cards, add up to 1 of your opponent's Characters with a cost of 4 or less to the top or bottom of the owner's Life cards face-up.",Yellow,Character,5,6000,Bonney Pirates;Supernovas,Special,194.99,199.91,219.99,190.56,,Foil,1000,
658339,Kid & Killer (CS 25-26 Regionals Textured Chase Promo),Kid and Killer CS 25 26 Regionals Textured Chase Promo,https://tcgplayer-cdn.tcgplayer.com/product/658339_200w.jpg,68,17675,https://cpt.tcgcsv.com/Plh7,2025-10-23T12:50:11.917,1,R,EB01-003,"[Rush] <em>(This card can attack on the turn in which it is played.)</em>
<br>
[When Attacking] If your opponent has 2 or less Life cards, this Character gains +2000 power during this turn.",Red,Character,4,5000,Kid Pirates;Supernovas,Slash;Special,138.72,164.21,249.99,153.47,,Foil,,
658340,Tony Tony.Chopper (CS 25-26 Regionals Textured Chase Promo),Tony TonyChopper CS 25 26 Regionals Textured Chase Promo,https://tcgplayer-cdn.tcgplayer.com/product/658340_200w.jpg,68,17675,https://cpt.tcgcsv.com/Qlh7,2025-12-04T17:47:29.947,1,PR,P-089,,Yellow,Character,5,7000,Animal;Straw Hat Crew,Strike,219.99,400.0,425.0,181.54,,Foil,1000,
658341,Trafalgar Law (CS 25-26 Regionals Textured Chase Promo),Trafalgar Law CS 25 26 Regionals Textured Chase Promo,https://tcgplayer-cdn.tcgplayer.com/product/658341_200w.jpg,68,17675,https://cpt.tcgcsv.com/Rlh7,2025-10-23T12:48:55.67,1,R,OP07-047,"[Activate: Main] <strong>You may return this Character to the owner's hand</strong>: If your opponent has 6 or more cards in their hand, your opponent places 1 card from their hand at the bottom of their deck.",Blue,Character,4,4000,Heart Pirates;The Seven Warlords of the Sea,Slash,999.95,1249.97,1499.99,175.73,,Foil,2000,
659595,Shanks (CS 25-26 Event Pack Finalist Ver.),Shanks CS 25 26 Event Pack Finalist Ver,https://tcgplayer-cdn.tcgplayer.com/product/659595_200w.jpg,68,17675,https://cpt.tcgcsv.com/WRh7,2025-10-22T13:43:42.883,1,PR,P-083,"[DON!!x1] [When Attacking] <strong>You may trash 1 Character card from your hand:</strong> Give up to 1 of your opponent's Characters -1000 power during this turn. Then, draw 1 card.",Red,Character,6,7000,The Four Emperors;Red-Haired Pirates,Slash,,,,,,,1000,
659596,Lim (CS 25-26 Event Pack Finalist Ver.),Lim CS 25 26 Event Pack Finalist Ver,https://tcgplayer-cdn.tcgplayer.com/product/659596_200w.jpg,68,17675,https://cpt.tcgcsv.com/XRh7,2025-10-22T13:49:50.377,1,PR,P-079,"[Blocker] <em>(After your opponent declares an attack, you may rest this card to make it the new target of the attack.)</em>
<br>[End of Your Turn] If you have 2 or more rested ""ODYSSEY"" type Characters, set this Character as active.",Green,Character,2,0,ODYSSEY,Wisdom,400.69,490.0,699.0,485.0,,Foil,1000,
660407,Dash Pack 2025,Dash Pack 2025,https://tcgplayer-cdn.tcgplayer.com/product/660407_200w.jpg,68,17675,https://cpt.tcgcsv.com/9bj7,2025-10-28T14:30:29.413,1,,,,,,,,,,79.99,79.99,79.99,48.69,,Normal,,
661447,3rd Anniversary One Piece Card Game Treasure Campaign Pack,3rd Anniversary One Piece Card Game Treasure Campaign Pack,https://tcgplayer-cdn.tcgplayer.com/product/661447_200w.jpg,68,17675,https://cpt.tcgcsv.com/ZBj7,2025-10-31T12:43:33.41,1,,,,,,,,,,42.92,55.93,499.99,47.72,,Normal,,
661690,"If I Bowed Down to Power, What's the Point in Living? (3rd Anniversary Treasure Campaign Pack)",If I Bowed Down to Power Whats the Point in Living 3rd Anniversary Treasure Campaign Pack,https://tcgplayer-cdn.tcgplayer.com/product/661690_200w.jpg,68,17675,https://cpt.tcgcsv.com/QHj7,2025-10-31T12:56:48.063,1,R,OP13-057,"[Main] <strong>You may rest 1 of your DON!! cards:</strong> If you have 1 or less Life cards, your opponent cannot activate [Blocker] whenever your Leader attacks during this turn.<br>
[Counter] Your Leader gains +3000 power during this battle.",Blue,Event,1,,Whitebeard Pirates,,0.5,3.0,25.0,1.95,,Foil,,
661692,But Ace Here Said You Deserved It!! (3rd Anniversary Treasure Campaign Pack),But Ace Here Said You Deserved It 3rd Anniversary Treasure Campaign Pack,https://tcgplayer-cdn.tcgplayer.com/product/661692_200w.jpg,68,17675,https://cpt.tcgcsv.com/SHj7,2025-10-31T12:58:39.7,1,R,OP13-019,"[Main] <strong>You may rest 4 of your DON!! cards:</strong> Give up to 1 of your opponent's Characters 3000 power during this turn. Then, K.O. up to 1 of your opponent's Characters with 3000 power or less.<br>
[Counter] Your Leader gains +3000 power during this battle.",Red,Event,1,,Revolutionary Army;Dressrosa,,0.65,1.99,25.0,1.37,,Foil,,
661693,I Know You're Strong... So I'll Go All Out from the Very Start!!! (3rd Anniversary Treasure Campaign Pack),I Know Youre Strong So Ill Go All Out from the Very Start 3rd Anniversary Treasure Campaign Pack,https://tcgplayer-cdn.tcgplayer.com/product/661693_200w.jpg,68,17675,https://cpt.tcgcsv.com/THj7,2025-10-31T13:31:49.707,1,R,OP13-040,"[Main] <strong>You may rest 2 of your DON!! cards:</strong> Up to 2 of your opponent's rested Characters with a cost of 7 or less will not become active in your opponent's next Refresh Phase.<br>
[Counter] Your Leader gains +3000 power during this battle.",Green,Event,1,,Straw Hat Crew;Supernovas,,8.0,10.99,26.0,8.53,,Foil,,
661694,Monkey.D.Luffy - ST10-006 (3rd Anniversary Treasure Campaign Pack),MonkeyDLuffy ST10 006 3rd Anniversary Treasure Campaign Pack,https://tcgplayer-cdn.tcgplayer.com/product/661694_200w.jpg,68,17675,https://cpt.tcgcsv.com/VHj7,2025-10-31T13:01:30.753,1,C,ST10-006,"[Rush] <em>(This card can attack on the turn in which it is played.)</em>
<br>
[Once Per Turn] When your opponent activates a [Blocker], K.O. up to 1 of your opponent's Characters with 8000 power or less.",Red,Character,10,11000,Straw Hat Crew,Strike,2.98,5.0,50.0,3.68,,Foil,,
661695,Monkey.D.Luffy - OP07-033 (3rd Anniversary Treasure Campaign Pack),MonkeyDLuffy OP07 033 3rd Anniversary Treasure Campaign Pack,https://tcgplayer-cdn.tcgplayer.com/product/661695_200w.jpg,68,17675,https://cpt.tcgcsv.com/WHj7,2025-10-31T13:31:42.947,1,UC,OP07-033,"If you have 3 or more Characters, your Characters with a cost of 3 or less other than [Monkey.D.Luffy] cannot be K.O.'d by your opponent's effects.",Green,Character,5,6000,Straw Hat Crew;Supernovas,Strike,1.98,4.55,50.0,3.27,,Foil,1000,
661701,Portgas.D.Ace - OP07-053 (3rd Anniversary Treasure Campaign Pack),PortgasDAce OP07 053 3rd Anniversary Treasure Campaign Pack,https://tcgplayer-cdn.tcgplayer.com/product/661701_200w.jpg,68,17675,https://cpt.tcgcsv.com/2Jj7,2025-10-31T13:31:37.217,1,R,OP07-053,"[Blocker] <em>(After your opponent declares an attack, you may rest this card to make it the new target of the attack.)</em>
<br>[On Play] Draw 2 cards and place 2 cards from your hand at the top or bottom of your deck in any order.",Blue,Character,5,6000,Whitebeard Pirates,Special,0.5,1.8,25.0,1.34,,Foil,1000,
661702,Sabo - OP10-049 (3rd Anniversary Treasure Campaign Pack),Sabo OP10 049 3rd Anniversary Treasure Campaign Pack,https://tcgplayer-cdn.tcgplayer.com/product/661702_200w.jpg,68,17675,https://cpt.tcgcsv.com/3Jj7,2025-10-31T13:31:06.59,1,R,OP10-049,"If your Character with a base cost of 7 or less other than [Sabo] would be removed from the field by your opponent's effect, you may return this Character to the owner's hand instead.",Blue,Character,4,5000,Revolutionary Army;Dressrosa,Special,0.65,1.85,25.0,1.37,,Foil,2000,
661704,Monkey.D.Luffy - ST21-014 (3rd Anniversary Treasure Campaign Pack),MonkeyDLuffy ST21 014 3rd Anniversary Treasure Campaign Pack,https://tcgplayer-cdn.tcgplayer.com/product/661704_200w.jpg,68,17675,https://cpt.tcgcsv.com/6Jj7,2025-10-31T13:36:13.58,1,SR,ST21-014,"[Rush] <em>(This card can attack on the turn in which it is played.)</em><br>
[When Attacking] Give up to 1 rested DON!! card to your Leader or 1 of your Characters.",Red,Character,5,6000,Straw Hat Crew;The Four Emperors,Strike,2099.95,2350.0,4499.97,1704.99,,Foil,,
666567,Online Regional Participation Pack 2025 Vol. 1,Online Regional Participation Pack 2025 Vol 1,https://tcgplayer-cdn.tcgplayer.com/product/666567_200w.jpg,68,17675,https://cpt.tcgcsv.com/mFl7,2025-12-03T13:28:43.307,1,,,,,,,,,,149.99,575.0,1000.0,62.0,,Normal,,
666568,Spandine (Online Regional Participation Pack 2025 Vol.1),Spandine Online Regional Participation Pack 2025 Vol1,https://tcgplayer-cdn.tcgplayer.com/product/666568_200w.jpg,68,17675,https://cpt.tcgcsv.com/nFl7,2025-12-03T13:57:39.123,1,R,EB01-043,"[On Play] <strong>You may place 3 cards with a type including ""CP"" from your trash at the bottom of your deck in any order</strong>: Play up to 1 Character card with a type including ""CP"" and a cost of 4 or less other than [Spandine] from your trash rested.",Black,Character,3,2000,CP9,Wisdom,9.0,13.76,45.0,14.52,,Foil,1000,
666569,Urouge (Online Regional Participation Pack 2025 Vol.1),Urouge Online Regional Participation Pack 2025 Vol1,https://tcgplayer-cdn.tcgplayer.com/product/666569_200w.jpg,68,17675,https://cpt.tcgcsv.com/pFl7,2025-12-03T14:05:04.137,1,R,OP07-021,"[Blocker] <em>(After your opponent declares an attack, you may rest this card to make it the new target of the attack.)</em>
<br>[End of Your Turn] Set up to 1 of your DON!! cards as active.",Green,Character,4,5000,Fallen Monk Pirates;Supernovas,Strike,5.96,7.43,8.99,5.48,,Foil,1000,
666570,Nico Olvia (Online Regional Participation Pack 2025 Vol.1),Nico Olvia Online Regional Participation Pack 2025 Vol1,https://tcgplayer-cdn.tcgplayer.com/product/666570_200w.jpg,68,17675,https://cpt.tcgcsv.com/qFl7,2025-12-03T14:06:24.56,1,C,OP09-106,"[On Play] Up to 1 of your [Nico Robin] Leader gains +3000 power during this turn.<br>
[Trigger] If your Leader is [Nico Robin], draw 3 cards and trash 2 cards from your hand.",Yellow,Character,1,,Ohara,Wisdom,120.0,127.5,135.0,60.01,,Foil,2000,
666571,Adio (Online Regional Participation Pack 2025 Vol.1),Adio Online Regional Participation Pack 2025 Vol1,https://tcgplayer-cdn.tcgplayer.com/product/666571_200w.jpg,68,17675,https://cpt.tcgcsv.com/rFl7,2025-12-03T14:07:30.793,1,PR,P-078,"If you have 2 or more rested ""ODYSSEY"" type Characters, this Character gains +1000 power.",Green,Character,4,5000,ODYSSEY,Ranged,7.5,11.41,19.0,10.44,,Foil,2000,
666910,CS 25-26 Top Player Pack Vol. 2,CS 25 26 Top Player Pack Vol 2,https://tcgplayer-cdn.tcgplayer.com/product/666910_200w.jpg,68,17675,https://cpt.tcgcsv.com/dNl7,2026-04-03T15:26:54.65,1,,,,,,,,,,,,,,,,,
668163,Tournament Pack 2026 Vol. 1,Tournament Pack 2026 Vol 1,https://tcgplayer-cdn.tcgplayer.com/product/668163_200w.jpg,68,17675,https://cpt.tcgcsv.com/hhm7,2026-01-06T15:29:27.037,1,,,,,,,,,,1.0,2.0,5.58,1.56,,Normal,,
668164,Kouzuki Hiyori (Tournament Pack 2026 Vol. 1),Kouzuki Hiyori Tournament Pack 2026 Vol 1,https://tcgplayer-cdn.tcgplayer.com/product/668164_200w.jpg,68,17675,https://cpt.tcgcsv.com/jhm7,2026-01-06T15:29:35.48,1,R,OP12-028,"[Activate: Main] <strong>You may rest 1 of your DON!! cards and this Character:</strong> If your Leader is [Roronoa Zoro], look at 5 cards from the top of your deck; reveal up to 1 (Slash) attribute card or green Event and add it to your hand. Then, place the rest at the bottom of your deck in any order.",Green,Character,1,,Land of Wano;Kouzuki Clan,Wisdom,0.05,0.26,50.0,0.19,,Normal,1000,
668165,Vinsmoke Sora (Tournament Pack 2026 Vol. 1),Vinsmoke Sora Tournament Pack 2026 Vol 1,https://tcgplayer-cdn.tcgplayer.com/product/668165_200w.jpg,68,17675,https://cpt.tcgcsv.com/khm7,2026-01-06T15:29:42.603,1,R,OP12-062,"[On Play] If your Leader is [Sanji] and the number of DON!! cards on your field is equal to or less than the number on your opponent's field, add up to 1 DON!! card from your DON!! deck and rest it. Then, draw 1 card.",Purple,Character,1,,The Vinsmoke Family;Kingdom of GERMA,Wisdom,0.01,0.25,3.0,0.15,,Normal,2000,
668167,Morley (Tournament Pack 2026 Vol. 1),Morley Tournament Pack 2026 Vol 1,https://tcgplayer-cdn.tcgplayer.com/product/668167_200w.jpg,68,17675,https://cpt.tcgcsv.com/mhm7,2026-01-06T15:29:50.49,1,UC,OP12-093,"If your Leader has the ""Revolutionary Army"" type, this Character gains +4 cost.",Black,Character,4,5000,Giant;Revolutionary Army,Special,0.01,0.25,2.99,0.2,,Normal,2000,
668168,Baby 5 (Tournament Pack 2026 Vol. 1),Baby 5 Tournament Pack 2026 Vol 1,https://tcgplayer-cdn.tcgplayer.com/product/668168_200w.jpg,68,17675,https://cpt.tcgcsv.com/nhm7,2026-01-06T15:29:59,1,R,OP12-112,"[Trigger] If your Leader is multicolored, draw 2 cards.",Yellow,Character,4,5000,Donquixote Pirates,Special,0.24,0.48,2.99,0.37,,Normal,2000,
668173,Tony Tony.Chopper (Store Tournament 2025 Vol. 4),Tony TonyChopper Store Tournament 2025 Vol 4,https://tcgplayer-cdn.tcgplayer.com/product/668173_200w.jpg,68,17675,https://cpt.tcgcsv.com/thm7,2026-01-16T13:13:22.937,1,PR,P-101,"[Blocker] <em>(After your opponent declares an attack, you may rest this card to make it the new target of the attack.)</em>
<br>[On Play] Give up to 1 rested DON!! card to your Leader.",Red,Character,4,5000,Animal;Straw Hat Crew,Strike,0.5,1.75,15.0,1.38,,Normal,1000,
668174,Nami (Store Tournament 2025 Vol. 4),Nami Store Tournament 2025 Vol 4,https://tcgplayer-cdn.tcgplayer.com/product/668174_200w.jpg,68,17675,https://cpt.tcgcsv.com/vhm7,2026-01-06T15:30:15.787,1,PR,P-102,"[On Play] If your Leader has the {Straw Hat Crew} type, set up to 2 of your DON!! cards as active.",Green,Character,4,4000,Straw Hat Crew;Egghead,Special,0.4,1.43,80.0,1.11,,Normal,2000,
668175,Portgas.D.Ace (Store Tournament 2025 Vol. 4),PortgasDAce Store Tournament 2025 Vol 4,https://tcgplayer-cdn.tcgplayer.com/product/668175_200w.jpg,68,17675,https://cpt.tcgcsv.com/whm7,2026-01-06T15:30:22.46,1,PR,P-103,"[On Play] Draw 2 cards and place 2 cards from your hand at the top or bottom of your deck in any order. Then, give up to 1 rested DON!! card to your Leader.",Blue,Character,4,6000,Whitebeard Pirates,Special,0.18,0.49,15.0,0.35,,Normal,,
668177,Shanks (Store Tournament 2025 Vol. 4),Shanks Store Tournament 2025 Vol 4,https://tcgplayer-cdn.tcgplayer.com/product/668177_200w.jpg,68,17675,https://cpt.tcgcsv.com/zhm7,2026-01-06T15:30:31.733,1,PR,P-104,"If either you or your opponent has 10 DON!! cards on the field, this Character cannot be removed from the field by your opponent's effects.",Purple,Character,8,10000,The Four Emperors;Red-Haired Pirates;Former Roger Pirates,Slash,0.05,0.43,28.0,0.33,,Normal,,
668179,Sabo (Store Tournament 2025 Vol. 4),Sabo Store Tournament 2025 Vol 4,https://tcgplayer-cdn.tcgplayer.com/product/668179_200w.jpg,68,17675,https://cpt.tcgcsv.com/Chm7,2026-01-06T15:33:47.59,1,PR,P-105,"If your Leader has the {Revolutionary Army} type, this Character gains [Blocker] and +4 cost.
<br>[On Play] <strong>You may add 1 card from the top or bottom of your Life cards to your hand:</strong> Give up to 1 rested DON!! card to your Leader or 1 of your Characters.",Black,Character,4,6000,Revolutionary Army,Special,0.1,0.66,15.0,0.4,,Normal,,
668181,Monkey.D.Luffy (Store Tournament 2025 Vol. 4),MonkeyDLuffy Store Tournament 2025 Vol 4,https://tcgplayer-cdn.tcgplayer.com/product/668181_200w.jpg,68,17675,https://cpt.tcgcsv.com/Fhm7,2026-01-06T15:34:18.763,1,PR,P-106,"[End of Your Turn] <strong>You may turn 1 card from the top of your Life cards face-up:</strong> Set up to 1 of your {Egghead} type Characters as active.
<br>[Trigger] Draw 1 card and K.O. up to 1 of your opponent's Characters with a cost of 2 or less.",Yellow,Character,5,6000,Straw Hat Crew;The Four Emperors;Egghead,Strike,0.45,2.36,18.0,2.02,,Normal,1000,
668182,Gol.D.Roger (Store Tournament 2025 Vol. 4),GolDRoger Store Tournament 2025 Vol 4,https://tcgplayer-cdn.tcgplayer.com/product/668182_200w.jpg,68,17675,https://cpt.tcgcsv.com/Ghm7,2026-01-06T15:34:14.59,1,PR,P-107,"[On Play] If either you or your opponent has 10 DON!! cards on the field, your Leader gains +2000 power until the end of your opponent's next End Phase.",Purple,Character,8,10000,Roger Pirates;King of the Pirates,Slash,2.75,5.47,50.0,4.21,,Normal,,
668184,Winner Pack 2026 Vol. 1,Winner Pack 2026 Vol 1,https://tcgplayer-cdn.tcgplayer.com/product/668184_200w.jpg,68,17675,https://cpt.tcgcsv.com/Jhm7,2026-01-06T15:34:10.97,1,,,,,,,,,,7.95,8.99,20.0,7.95,,Normal,,
668186,Kouzuki Hiyori (Winner Pack 2026 Vol. 1),Kouzuki Hiyori Winner Pack 2026 Vol 1,https://tcgplayer-cdn.tcgplayer.com/product/668186_200w.jpg,68,17675,https://cpt.tcgcsv.com/Lhm7,2026-01-06T15:34:06.36,1,R,OP12-028,"[Activate: Main] <strong>You may rest 1 of your DON!! cards and this Character:</strong> If your Leader is [Roronoa Zoro], look at 5 cards from the top of your deck; reveal up to 1 (Slash) attribute card or green Event and add it to your hand. Then, place the rest at the bottom of your deck in any order.",Green,Character,1,,Land of Wano;Kouzuki Clan,Wisdom,5.0,7.61,25.5,6.69,,Foil,1000,
668187,Vinsmoke Sora (Winner Pack 2026 Vol. 1),Vinsmoke Sora Winner Pack 2026 Vol 1,https://tcgplayer-cdn.tcgplayer.com/product/668187_200w.jpg,68,17675,https://cpt.tcgcsv.com/Mhm7,2026-01-06T15:34:02.783,1,R,OP12-062,"[On Play] If your Leader is [Sanji] and the number of DON!! cards on your field is equal to or less than the number on your opponent's field, add up to 1 DON!! card from your DON!! deck and rest it. Then, draw 1 card.",Purple,Character,1,,The Vinsmoke Family;Kingdom of GERMA,Wisdom,2.89,4.57,15.0,3.38,,Foil,2000,
668188,Morley (Winner Pack 2026 Vol. 1),Morley Winner Pack 2026 Vol 1,https://tcgplayer-cdn.tcgplayer.com/product/668188_200w.jpg,68,17675,https://cpt.tcgcsv.com/Nhm7,2026-01-06T15:33:57.007,1,UC,OP12-093,"If your Leader has the ""Revolutionary Army"" type, this Character gains +4 cost.",Black,Character,4,5000,Giant;Revolutionary Army,Special,1.43,3.0,11.0,2.03,,Foil,2000,
668189,Baby 5 (Winner Pack 2026 Vol. 1),Baby 5 Winner Pack 2026 Vol 1,https://tcgplayer-cdn.tcgplayer.com/product/668189_200w.jpg,68,17675,https://cpt.tcgcsv.com/Phm7,2026-01-06T15:34:26.273,1,R,OP12-112,"[Trigger] If your Leader is multicolored, draw 2 cards.",Yellow,Character,4,5000,Donquixote Pirates,Special,7.19,9.72,30.0,8.29,,Foil,2000,
668191,Judge Pack Vol. 7,Judge Pack Vol 7,https://tcgplayer-cdn.tcgplayer.com/product/668191_200w.jpg,68,17675,https://cpt.tcgcsv.com/Rhm7,2026-01-06T15:34:38.873,1,,,,,,,,,,6.75,12.63,45.0,11.72,,Normal,,
668192,Merry Go (Judge Pack Vol. 7),Merry Go Judge Pack Vol 7,https://tcgplayer-cdn.tcgplayer.com/product/668192_200w.jpg,68,17675,https://cpt.tcgcsv.com/Shm7,2026-01-06T15:34:47.173,1,R,EB02-041,"[On Play] If your Leader has the ""Straw Hat Crew"" type, draw 1 card.<br>
[Activate: Main] <strong>You may rest this Stage:</strong> If the number of DON!! cards on your field is equal to or less than the number on your opponent's field, up to 1 of your ""Straw Hat Crew"" type Characters gains +2 cost until the end of your opponent's next turn.",Purple,Stage,1,,Straw Hat Crew,,4.0,9.04,99.0,5.26,,Foil,,
668193,Mary Geoise (Judge Pack Vol. 7),Mary Geoise Judge Pack Vol 7,https://tcgplayer-cdn.tcgplayer.com/product/668193_200w.jpg,68,17675,https://cpt.tcgcsv.com/Thm7,2026-01-06T15:34:52.067,1,C,OP05-097,[Your Turn] The cost of playing [Celestial Dragons] type Character cards with a cost of 2 or more from your hand will be reduced by 1.,Black,Stage,1,,Mary Geoise,,0.49,1.9,10.0,1.13,,Foil,,
668194,Jewelry Bonney (Judge Pack Vol. 7),Jewelry Bonney Judge Pack Vol 7,https://tcgplayer-cdn.tcgplayer.com/product/668194_200w.jpg,68,17675,https://cpt.tcgcsv.com/Vhm7,2026-01-06T15:32:38.72,1,UC,OP10-107,"[Blocker]<br>
[On Play] <strong>You may add 1 card from the top or bottom of your Life cards to your hand:</strong> Add up to 1 ""Supernovas"" type Character card with a cost of 5 from your hand to the top of your Life cards face-up.",Yellow,Character,3,4000,Bonney Pirates;Supernovas,Special,3.99,5.97,25.77,5.61,,Foil,1000,
668195,Prince Grus (Judge Pack Vol. 7),Prince Grus Judge Pack Vol 7,https://tcgplayer-cdn.tcgplayer.com/product/668195_200w.jpg,68,17675,https://cpt.tcgcsv.com/Whm7,2026-01-06T15:32:48.707,1,R,OP11-013,[When Attacking] All of your opponent's Characters with 2000 power or less cannot activate [Blocker] during this turn.,Red,Character,1,2000,Navy;SWORD,Special,0.65,1.48,20.84,1.43,,Foil,2000,
668196,X.Drake (Judge Pack Vol. 7),XDrake Judge Pack Vol 7,https://tcgplayer-cdn.tcgplayer.com/product/668196_200w.jpg,68,17675,https://cpt.tcgcsv.com/Xhm7,2026-01-06T15:32:55.65,1,UC,OP11-017,,Red,Character,6,7000,Drake Pirates;Navy;SWORD,Slash,0.68,1.1,8.0,1.09,,Foil,2000,
668197,Lord of the Coast (Judge Pack Vol. 7),Lord of the Coast Judge Pack Vol 7,https://tcgplayer-cdn.tcgplayer.com/product/668197_200w.jpg,68,17675,https://cpt.tcgcsv.com/Zhm7,2026-01-06T15:33:30.31,1,R,OP11-028,"[On Play] Up to 1 of your opponent's rested Characters will not become active in your opponent's next Refresh Phase.<br>
[Trigger] K.O. up to 1 of your opponent's rested Characters with a cost of 3 or less.",Green,Character,4,5000,East Blue;Neptunian,Strike,0.49,1.0,10.0,0.76,,Foil,1000,
668199,Shirahoshi (Judge Pack Vol. 7),Shirahoshi Judge Pack Vol 7,https://tcgplayer-cdn.tcgplayer.com/product/668199_200w.jpg,68,17675,https://cpt.tcgcsv.com/_hm7,2026-01-06T15:33:24.923,1,R,OP11-030,"[Activate: Main] <strong>You may rest 1 of your DON!! cards and this Character:</strong> Look at 5 cards from the top of your deck; reveal up to 1 ""Neptunian"" or ""Fish-Man Island"" type card and add it to your hand. Then, place the rest at the bottom of your deck in any order.",Green,Character,1,,Merfolk;Fish-Man Island,Wisdom,4.0,5.0,20.77,4.67,,Foil,1000,
668200,Tony Tony.Chopper (Judge Pack Vol. 7),Tony TonyChopper Judge Pack Vol 7,https://tcgplayer-cdn.tcgplayer.com/product/668200_200w.jpg,68,17675,https://cpt.tcgcsv.com/0jm7,2026-01-06T15:33:20.25,1,UC,OP11-053,,Blue,Character,5,6000,Animal;Straw Hat Crew,Strike,16.0,26.28,360.0,23.71,,Foil,2000,
668201,Charlotte Daifuku (Judge Pack Vol. 7),Charlotte Daifuku Judge Pack Vol 7,https://tcgplayer-cdn.tcgplayer.com/product/668201_200w.jpg,68,17675,https://cpt.tcgcsv.com/2jm7,2026-01-06T15:33:15.437,1,UC,OP11-068,,Purple,Character,6,7000,Big Mom Pirates,Slash,1.49,2.49,10.0,2.27,,Foil,2000,
668202,Black Maria (Judge Pack Vol. 7),Black Maria Judge Pack Vol 7,https://tcgplayer-cdn.tcgplayer.com/product/668202_200w.jpg,68,17675,https://cpt.tcgcsv.com/3jm7,2026-01-06T15:33:10.75,1,C,OP11-089,,Black,Character,5,7000,Animal Kingdom Pirates,Special,2.78,4.79,23.99,3.59,,Foil,1000,
668203,Megalo (Judge Pack Vol. 7),Megalo Judge Pack Vol 7,https://tcgplayer-cdn.tcgplayer.com/product/668203_200w.jpg,68,17675,https://cpt.tcgcsv.com/5jm7,2026-01-06T15:33:05.33,1,UC,OP11-112,"[Blocker] <em>(After your opponent declares an attack, you may rest this card to make it the new target of the attack.)</em><br>
[Opponent's Turn] If your Leader is [Shirahoshi], this Character gains +4000 power.",Yellow,Character,3,2000,Animal;Fish-Man Island,Wisdom,0.99,2.0,18.0,1.62,,Foil,1000,
668204,Marshall.D.Teach (Judge Pack Vol. 7),MarshallDTeach Judge Pack Vol 7,https://tcgplayer-cdn.tcgplayer.com/product/668204_200w.jpg,68,17675,https://cpt.tcgcsv.com/6jm7,2026-01-06T15:33:35.17,1,C,ST17-005,[Activate: Main] [Once Per Turn] <strong>You may place 1 card from your hand at the top of your deck:</strong> Give up to 2 rested DON!! cards to your Leader or 1 of your Characters.,Blue,Character,2,3000,Blackbeard Pirates;The Seven Warlords of the Sea,Special,2.6,3.56,49.99,3.42,,Foil,1000,
668421,Vinsmoke Sora (CS 25-26 Top Player Pack Vol. 2),Vinsmoke Sora CS 25 26 Top Player Pack Vol 2,https://tcgplayer-cdn.tcgplayer.com/product/668421_200w.jpg,68,17675,https://cpt.tcgcsv.com/rnm7,2026-02-13T18:35:24.663,1,UC,OP06-063,"[On Play] <strong>You may trash 1 card from your hand</strong>: If the number of DON!! cards on your field is equal to or less than the number on your opponent's field, add up to 1 [The Vinsmoke Family] type Character card with 4000 power or less from your trash to your hand.",Purple,Character,1,0,The Vinsmoke Family;Kingdom of GERMA,Wisdom,3000.0,3000.0,3000.0,425.0,,Foil,2000,
668422,Vinsmoke Sora (CS 25-26 Finalist Card Set 2),Vinsmoke Sora CS 25 26 Finalist Card Set 2,https://tcgplayer-cdn.tcgplayer.com/product/668422_200w.jpg,68,17675,https://cpt.tcgcsv.com/snm7,2026-02-13T18:37:07.157,1,UC,OP06-063,"[On Play] <strong>You may trash 1 card from your hand</strong>: If the number of DON!! cards on your field is equal to or less than the number on your opponent's field, add up to 1 [The Vinsmoke Family] type Character card with 4000 power or less from your trash to your hand.",Purple,Character,1,0,The Vinsmoke Family;Kingdom of GERMA,Wisdom,344.99,344.99,344.99,,,Foil,2000,
668423,Vinsmoke Sora (CS 25-26 Winner Card Set 2),Vinsmoke Sora CS 25 26 Winner Card Set 2,https://tcgplayer-cdn.tcgplayer.com/product/668423_200w.jpg,68,17675,https://cpt.tcgcsv.com/tnm7,2026-02-17T12:51:56.997,1,UC,OP06-063,"[On Play] <strong>You may trash 1 card from your hand</strong>: If the number of DON!! cards on your field is equal to or less than the number on your opponent's field, add up to 1 [The Vinsmoke Family] type Character card with 4000 power or less from your trash to your hand.",Purple,Character,1,0,The Vinsmoke Family;Kingdom of GERMA,Wisdom,,,,,,,2000,
668424,Alvida (CS 25-26 Top Player Pack Vol. 2),Alvida CS 25 26 Top Player Pack Vol 2,https://tcgplayer-cdn.tcgplayer.com/product/668424_200w.jpg,68,17675,https://cpt.tcgcsv.com/vnm7,2026-02-13T18:35:33.097,1,UC,OP09-043,"[On K.O.] If your Leader has the ""Cross Guild"" type, play up to 1 Character card with a cost of 5 or less other than [Alvida] from your hand.",Blue,Character,5,6000,Cross Guild,Strike,450.0,450.0,450.0,,,Foil,1000,
668425,Alvida (CS 25-26 Finalist Card Set 2),Alvida CS 25 26 Finalist Card Set 2,https://tcgplayer-cdn.tcgplayer.com/product/668425_200w.jpg,68,17675,https://cpt.tcgcsv.com/wnm7,2026-02-13T18:37:13.413,1,UC,OP09-043,"[On K.O.] If your Leader has the ""Cross Guild"" type, play up to 1 Character card with a cost of 5 or less other than [Alvida] from your hand.",Blue,Character,5,6000,Cross Guild,Strike,450.0,450.0,450.0,,,Foil,1000,
668426,Alvida (CS 25-26 Winner Card Set 2),Alvida CS 25 26 Winner Card Set 2,https://tcgplayer-cdn.tcgplayer.com/product/668426_200w.jpg,68,17675,https://cpt.tcgcsv.com/xnm7,2026-02-17T12:52:21.387,1,UC,OP09-043,"[On K.O.] If your Leader has the ""Cross Guild"" type, play up to 1 Character card with a cost of 5 or less other than [Alvida] from your hand.",Blue,Character,5,6000,Cross Guild,Strike,,,,,,,1000,
668427,Stronger (CS 25-26 Top Player Pack Vol. 2),Stronger CS 25 26 Top Player Pack Vol 2,https://tcgplayer-cdn.tcgplayer.com/product/668427_200w.jpg,68,17675,https://cpt.tcgcsv.com/znm7,2026-02-13T18:35:38.987,1,UC,OP09-089,"[Activate: Main] <strong>You may trash 1 card from your hand and trash this Character</strong>: If your Leader has the ""Blackbeard Pirates"" type, draw 1 card. Then, give up to 1 of your opponent's Characters –2 cost during this turn.",Black,Character,1,,Animal;Blackbeard Pirates,Wisdom,3000.0,3000.0,3000.0,,,Foil,2000,
668428,Stronger (CS 25-26 Finalist Card Set 2),Stronger CS 25 26 Finalist Card Set 2,https://tcgplayer-cdn.tcgplayer.com/product/668428_200w.jpg,68,17675,https://cpt.tcgcsv.com/Bnm7,2026-02-13T18:37:19.733,1,UC,OP09-089,"[Activate: Main] <strong>You may trash 1 card from your hand and trash this Character</strong>: If your Leader has the ""Blackbeard Pirates"" type, draw 1 card. Then, give up to 1 of your opponent's Characters –2 cost during this turn.",Black,Character,1,,Animal;Blackbeard Pirates,Wisdom,599.99,599.99,599.99,,,Foil,2000,
668429,Stronger (CS 25-26 Winner Card Set 2),Stronger CS 25 26 Winner Card Set 2,https://tcgplayer-cdn.tcgplayer.com/product/668429_200w.jpg,68,17675,https://cpt.tcgcsv.com/Cnm7,2026-02-17T12:52:34.117,1,UC,OP09-089,"[Activate: Main] <strong>You may trash 1 card from your hand and trash this Character</strong>: If your Leader has the ""Blackbeard Pirates"" type, draw 1 card. Then, give up to 1 of your opponent's Characters –2 cost during this turn.",Black,Character,1,,Animal;Blackbeard Pirates,Wisdom,,,,,,,2000,
668430,Jewelry Bonney (CS 25-26 Top Player Pack Vol. 2),Jewelry Bonney CS 25 26 Top Player Pack Vol 2,https://tcgplayer-cdn.tcgplayer.com/product/668430_200w.jpg,68,17675,https://cpt.tcgcsv.com/Dnm7,2026-02-13T18:35:45.84,1,UC,OP10-107,"[Blocker]<br>
[On Play] <strong>You may add 1 card from the top or bottom of your Life cards to your hand:</strong> Add up to 1 ""Supernovas"" type Character card with a cost of 5 from your hand to the top of your Life cards face-up.",Yellow,Character,3,4000,Bonney Pirates;Supernovas,Special,,,,,,,1000,
668431,Jewelry Bonney (CS 25-26 Finalist Card Set 2),Jewelry Bonney CS 25 26 Finalist Card Set 2,https://tcgplayer-cdn.tcgplayer.com/product/668431_200w.jpg,68,17675,https://cpt.tcgcsv.com/Fnm7,2026-02-13T18:37:25.28,1,UC,OP10-107,"[Blocker]<br>
[On Play] <strong>You may add 1 card from the top or bottom of your Life cards to your hand:</strong> Add up to 1 ""Supernovas"" type Character card with a cost of 5 from your hand to the top of your Life cards face-up.",Yellow,Character,3,4000,Bonney Pirates;Supernovas,Special,450.0,450.0,450.0,,,Foil,1000,
668433,Koala (CS 25-26 Top Player Pack Vol. 2),Koala CS 25 26 Top Player Pack Vol 2,https://tcgplayer-cdn.tcgplayer.com/product/668433_200w.jpg,68,17675,https://cpt.tcgcsv.com/Hnm7,2026-02-13T18:35:51.203,1,PR,P-069,[Activate:Main] [Once Per Turn] Give up to 1 rested DON!! card to your Leader or 1 of your Characters.,Red,Character,1,1000,Revolutionary Army,Strike,450.0,450.0,450.0,,,Foil,1000,
668434,Koala (CS 25-26 Finalist Card Set 2),Koala CS 25 26 Finalist Card Set 2,https://tcgplayer-cdn.tcgplayer.com/product/668434_200w.jpg,68,17675,https://cpt.tcgcsv.com/Jnm7,2026-02-13T18:37:30.487,1,PR,P-069,[Activate:Main] [Once Per Turn] Give up to 1 rested DON!! card to your Leader or 1 of your Characters.,Red,Character,1,1000,Revolutionary Army,Strike,450.0,450.0,450.0,450.0,,Foil,1000,
668435,Koala (CS 25-26 Winner Card Set 2),Koala CS 25 26 Winner Card Set 2,https://tcgplayer-cdn.tcgplayer.com/product/668435_200w.jpg,68,17675,https://cpt.tcgcsv.com/Knm7,2026-02-17T12:52:53.037,1,PR,P-069,[Activate:Main] [Once Per Turn] Give up to 1 rested DON!! card to your Leader or 1 of your Characters.,Red,Character,1,1000,Revolutionary Army,Strike,,,,,,,1000,
668436,Gol.D.Roger (Jumbo),GolDRoger Jumbo,https://tcgplayer-cdn.tcgplayer.com/product/668436_200w.jpg,68,17675,https://cpt.tcgcsv.com/Lnm7,2026-02-13T18:39:05.44,1,L,OP13-003,"If you have any DON!! cards on your field, 1 DON!! card placed during your DON!! Phase is given to your Leader.<br>
If you have 9 or less DON!! cards on your field, give this Leader 2000 power.",Purple;Red,Leader,,7000,Roger Pirates;King of the Pirates,Slash,,,,,,,,5
668672,When You're at Sea You Fight against Pirates!! (2025 Pirates League Finals Textured Foil),When Youre at Sea You Fight against Pirates 2025 Pirates League Finals Textured Foil,https://tcgplayer-cdn.tcgplayer.com/product/668672_200w.jpg,68,17675,https://cpt.tcgcsv.com/stm7,2025-12-17T14:11:11.42,1,R,OP05-076,"[Main] Look at 3 cards from the top of your deck; reveal up to 1 [Straw Hat Crew], [Kid Pirates], or [Heart Pirates] type card and add it to your hand. Then, place the rest at the bottom of your deck in any order.
<br>
[Trigger] Activate this card's [Main] effect.",Purple,Event,1,,Land of Wano,,2999.99,3075.0,3150.0,,,Foil,,
668960,Spandine (Online Regional Finalist Card Set 2025 Vol.1),Spandine Online Regional Finalist Card Set 2025 Vol1,https://tcgplayer-cdn.tcgplayer.com/product/668960_200w.jpg,68,17675,https://cpt.tcgcsv.com/dCm7,2025-12-18T18:33:52.693,1,R,EB01-043,"[On Play] <strong>You may place 3 cards with a type including ""CP"" from your trash at the bottom of your deck in any order</strong>: Play up to 1 Character card with a type including ""CP"" and a cost of 4 or less other than [Spandine] from your trash rested.",Black,Character,3,2000,CP9,Wisdom,98.38,100.3,200.0,94.51,,Foil,1000,
669241,One Piece Card Game Illustration Box Vol. 5,One Piece Card Game Illustration Box Vol 5,https://tcgplayer-cdn.tcgplayer.com/product/669241_200w.jpg,68,17675,https://cpt.tcgcsv.com/RJm7,2026-01-16T05:10:17.413,1,,,,,,,,,,101.23,110.0,250.0,101.79,,Normal,,
669242,One Piece Card Game Illustration Box Vol. 6,One Piece Card Game Illustration Box Vol 6,https://tcgplayer-cdn.tcgplayer.com/product/669242_200w.jpg,68,17675,https://cpt.tcgcsv.com/SJm7,2026-01-16T05:10:17.667,1,,,,,,,,,,96.0,109.95,250.0,94.75,,Normal,,
669273,One Piece Tin Pack Set Vol. 2 -Monkey.D.Luffy-,One Piece Tin Pack Set Vol 2 MonkeyDLuffy,https://tcgplayer-cdn.tcgplayer.com/product/669273_200w.jpg,68,17675,https://cpt.tcgcsv.com/tKm7,2026-01-30T05:10:16.36,1,,,,,,,,,,64.99,75.0,99.99,65.88,,Normal,,
669277,One Piece Tin Pack Set Vol. 2 -Portgas.D.Ace-,One Piece Tin Pack Set Vol 2 PortgasDAce,https://tcgplayer-cdn.tcgplayer.com/product/669277_200w.jpg,68,17675,https://cpt.tcgcsv.com/zKm7,2026-01-30T05:10:16.36,1,,,,,,,,,,48.0,55.5,79.99,48.48,,Normal,,
669278,One Piece Tin Pack Set Vol. 2 -Sabo-,One Piece Tin Pack Set Vol 2 Sabo,https://tcgplayer-cdn.tcgplayer.com/product/669278_200w.jpg,68,17675,https://cpt.tcgcsv.com/BKm7,2026-01-30T05:10:16.36,1,,,,,,,,,,42.0,49.99,79.99,44.5,,Normal,,
669279,Monkey.D.Luffy (Tin Pack Set Vol. 2),MonkeyDLuffy Tin Pack Set Vol 2,https://tcgplayer-cdn.tcgplayer.com/product/669279_200w.jpg,68,17675,https://cpt.tcgcsv.com/CKm7,2026-01-30T05:10:16.36,1,PR,P-075,"[On Play] Give up to 1 rested DON!! card to your Leader or 1 of your Characters.
<br>[When Attacking] If you have a Character with a cost of 8 or more on your field, draw 1 card and trash 1 card from your hand.",Black,Character,7,7000,Straw Hat Crew;Supernovas,Strike,12.0,17.44,161.19,14.7,,Foil,,
669293,Portgas.D.Ace (Tin Pack Set Vol. 2),PortgasDAce Tin Pack Set Vol 2,https://tcgplayer-cdn.tcgplayer.com/product/669293_200w.jpg,68,17675,https://cpt.tcgcsv.com/TKm7,2026-01-30T05:10:16.36,1,PR,P-074,[Activate:Main] <strong>You may return this Character to the owner's hand</strong>: Look at 5 cards from the top of your deck and place them as the top or bottom of the deck in any order.,Blue,Character,3,4000,Whitebeard Pirates,Special,1.0,3.28,20.0,2.98,,Foil,1000,
669296,Sabo (Tin Pack Set Vol. 2),Sabo Tin Pack Set Vol 2,https://tcgplayer-cdn.tcgplayer.com/product/669296_200w.jpg,68,17675,https://cpt.tcgcsv.com/XKm7,2026-01-30T05:10:16.36,1,PR,P-073,[Activate:Main][Once Per Turn] <strong>You may add 1 card from the top or bottom of your Life cards to your hand</strong>: This character gains +1000 power during this turn.,Yellow,Character,5,5000,Revolutionary Army;Dressrosa,Special,0.88,1.75,20.0,1.13,,Foil,2000,
669298,One Piece Tin Pack Set Vol. 2 [Set of 3],One Piece Tin Pack Set Vol 2 Set of 3,https://tcgplayer-cdn.tcgplayer.com/product/669298_200w.jpg,68,17675,https://cpt.tcgcsv.com/-Km7,2026-01-30T05:10:16.36,1,,,,,,,,,,174.95,187.97,325.0,153.34,,Normal,,
671734,Sabo (Illustration Box Vol.5),Sabo Illustration Box Vol5,https://tcgplayer-cdn.tcgplayer.com/product/671734_200w.jpg,68,17675,https://cpt.tcgcsv.com/JJn7,2026-01-16T05:10:17.413,1,SR,OP05-007,[On Play] K.O. up to 2 of your opponent's Characters with a total power of 4000 or less.,Red,Character,6,7000,Revolutionary Army,Special,0.4,1.1,48.0,0.66,,Foil,,
671735,Portgas.D.Ace (Illustration Box Vol.5),PortgasDAce Illustration Box Vol5,https://tcgplayer-cdn.tcgplayer.com/product/671735_200w.jpg,68,17675,https://cpt.tcgcsv.com/KJn7,2026-01-16T05:10:17.413,1,SR,ST15-005,"If your Leader's type includes ""Whitebeard Pirates"", this Character gains [Rush].<br><br>
<em>(This card can attack on the turn in which it is played.)</em><br><br>
[Once Per Turn] If this Character would be removed from the field by your opponent's effect, you may give this Character 2000 power during this turn instead.",Red,Character,5,6000,Whitebeard Pirates,Special,1.1,3.91,60.0,2.26,,Foil,1000,
671740,Trafalgar Law (Illustration Box Vol.6),Trafalgar Law Illustration Box Vol6,https://tcgplayer-cdn.tcgplayer.com/product/671740_200w.jpg,68,17675,https://cpt.tcgcsv.com/QJn7,2026-01-16T05:10:17.667,1,PR,P-093,"[Blocker] 
<br>[On Play] If the number of DON!! cards on your field is equal to or less than the number on your opponent's field, add up to 1 DON!! card from your DON!! deck and rest it.",Purple,Character,4,6000,Heart Pirates,Slash,2.72,5.51,56.99,3.04,,Foil,,
671741,Donquixote Rosinante (Illustration Box Vol.6),Donquixote Rosinante Illustration Box Vol6,https://tcgplayer-cdn.tcgplayer.com/product/671741_200w.jpg,68,17675,https://cpt.tcgcsv.com/RJn7,2026-01-16T05:10:17.667,1,R,OP12-108,"[On Play] Look at 5 cards from the top of your deck; reveal up to 1 [Trafalgar Law] and add it to your hand. Then, place the rest at the bottom of your deck in any order.",Yellow,Character,1,2000,Donquixote Pirates;Navy,Special,0.25,1.31,98.0,0.87,,Foil,1000,
671883,Girl (OP14 Release Event),Girl OP14 Release Event,https://tcgplayer-cdn.tcgplayer.com/product/671883_200w.jpg,68,17675,https://cpt.tcgcsv.com/HMn7,2026-01-09T16:23:48.85,1,PR,P-096,"[On Play] Draw 1 card and trash 1 card from your hand.
<br>[Activate:Main] [Once Per Turn] Give up to 1 rested DON!! card to 1 of your [Nami] cards",Blue,Character,2,0,Sabaody Archipelago,Wisdom,5.0,10.47,52.0,6.44,,Normal,1000,
671884,Girl (OP14 Release Event Winner),Girl OP14 Release Event Winner,https://tcgplayer-cdn.tcgplayer.com/product/671884_200w.jpg,68,17675,https://cpt.tcgcsv.com/JMn7,2026-01-09T16:23:55.563,1,PR,P-096,"[On Play] Draw 1 card and trash 1 card from your hand.
<br>[Activate:Main] [Once Per Turn] Give up to 1 rested DON!! card to 1 of your [Nami] cards",Blue,Character,2,0,Sabaody Archipelago,Wisdom,54.99,85.0,9999.0,82.63,,Foil,1000,
672601,One Piece Card Game Illustration Box Vol. 5 Case,One Piece Card Game Illustration Box Vol 5 Case,https://tcgplayer-cdn.tcgplayer.com/product/672601_200w.jpg,68,17675,https://cpt.tcgcsv.com/23p7,2026-01-20T15:56:50.597,1,,,,,,,,,,949.99,994.73,1999.99,497.72,,Normal,,
672604,One Piece Card Game Illustration Box Vol. 6 Case,One Piece Card Game Illustration Box Vol 6 Case,https://tcgplayer-cdn.tcgplayer.com/product/672604_200w.jpg,68,17675,https://cpt.tcgcsv.com/63p7,2026-01-20T15:58:15.07,1,,,,,,,,,,685.0,937.48,1999.99,490.24,,Normal,,
675303,Monkey.D.Luffy (055) (College Basketball US Voyage),MonkeyDLuffy 055 College Basketball US Voyage,https://tcgplayer-cdn.tcgplayer.com/product/675303_200w.jpg,68,17675,https://cpt.tcgcsv.com/58q7,2026-01-26T20:56:30.41,1,PR,P-055,[On Play] <strong>You may trash 2 cards from your hand:</strong> Your opponent places 1 of their Characters at the bottom of the owner's deck.,Blue,Character,4,5000,Straw Hat Crew,Strike,243.9,349.99,2000.0,328.48,,Foil,,
675637,Nami (Whole Cake Island Arc),Nami Whole Cake Island Arc,https://tcgplayer-cdn.tcgplayer.com/product/675637_200w.jpg,68,17675,https://cpt.tcgcsv.com/Mgq7,2026-01-28T21:15:06.373,1,L,OP11-041,"[Your Turn] [Once Per Turn] This effect can be activated when a card is removed from your or your opponent's Life cards. If you have 7 or less cards in your hand, draw 1 card.<br>
[DON!! x1] [On Your Opponent's Attack] [Once Per Turn] <strong>You may trash 1 card from your hand:</strong> This Leader gains +2000 power during this turn.",Blue;Yellow,Leader,,5000,Straw Hat Crew,Special,1199.99,1899.95,4999.99,839.3,,Foil,,4
675734,Event Pack Vol. 8,Event Pack Vol 8,https://tcgplayer-cdn.tcgplayer.com/product/675734_200w.jpg,68,17675,https://cpt.tcgcsv.com/Jjq7,2026-04-03T15:25:37.62,1,,,,,,,,,,49.99,69.97,74.99,42.33,,Normal,,
675735,Shanks (Event Pack Vol. 8),Shanks Event Pack Vol 8,https://tcgplayer-cdn.tcgplayer.com/product/675735_200w.jpg,68,17675,https://cpt.tcgcsv.com/Kjq7,2026-03-03T14:23:35.623,1,PR,P-097,[On Play]/[When Attacking] Your opponent cannot activate [Blocker] during this turn.,Red,Character,10,12000,The Four Emperors;Red-Haired Pirates,Slash,9.0,14.4,159.01,10.72,,Foil,,
675736,Buggy (Event Pack Vol. 8),Buggy Event Pack Vol 8,https://tcgplayer-cdn.tcgplayer.com/product/675736_200w.jpg,68,17675,https://cpt.tcgcsv.com/Ljq7,2026-03-03T14:23:29.673,1,PR,P-098,"[Blocker] <em>(After your opponent declares an attack, you may rest this card to make it the new target of the attack.)</em>
<br>[On Play] If you do not have 5 Characters with a cost of 5 or more, place this Character at the bottom of the owner's deck.",Blue,Character,10,12000,The Four Emperors;Cross Guild,Slash,5.0,8.0,49.97,6.78,,Foil,,
675737,Monkey.D.Luffy (Event Pack Vol. 8),MonkeyDLuffy Event Pack Vol 8,https://tcgplayer-cdn.tcgplayer.com/product/675737_200w.jpg,68,17675,https://cpt.tcgcsv.com/Mjq7,2026-03-03T14:23:22.873,1,PR,P-099,[When Attacking] <strong>DON!! -10 <em>(You may return the specified number of DON!! cards from your field to your DON!! deck.)</em>:</strong> Set this character as active.,Purple,Character,10,12000,Straw Hat Crew;The Four Emperors,Strike,49.49,95.0,200.0,86.21,,Foil,,
675738,Marshall.D.Teach (Event Pack Vol. 8),MarshallDTeach Event Pack Vol 8,https://tcgplayer-cdn.tcgplayer.com/product/675738_200w.jpg,68,17675,https://cpt.tcgcsv.com/Njq7,2026-03-03T14:23:16.55,1,PR,P-100,[When Attacking] Negate the effects of your opponent's Leader and all of their Characters during this turn.,Black,Character,10,12000,Blackbeard Pirates;The Four Emperors,Special,6.0,12.13,90.99,7.98,,Foil,,
675742,Monkey.D.Luffy - EB04-061 [Serial Number],MonkeyDLuffy EB04 061 Serial Number,https://tcgplayer-cdn.tcgplayer.com/product/675742_200w.jpg,68,17675,https://cpt.tcgcsv.com/Sjq7,2026-03-27T21:13:42.593,1,PR,EB04-061,"If you have 1 or less Life cards, give this card in your hand -1 cost.
<br>[On Play] <strong>You may trash 1 card from your hand:</strong> Your Leader gains +2000 power until the end of your opponent's next End Phase. Then, this Character gains [Blocker] until the end of your opponent's next End Phase.",Yellow,Character,10,12000,Straw Hat Crew;The Four Emperors;Egghead,Strike,,,,,,,,
676678,Heroines Battle Pack,Heroines Battle Pack,https://tcgplayer-cdn.tcgplayer.com/product/676678_200w.jpg,68,17675,https://cpt.tcgcsv.com/BHq7,2026-02-28T14:46:10.92,1,,,,,,,,,,9.99,13.58,50.0,9.99,,Normal,,
676843,Nico Robin (Heroines Battle Pack),Nico Robin Heroines Battle Pack,https://tcgplayer-cdn.tcgplayer.com/product/676843_200w.jpg,68,17675,https://cpt.tcgcsv.com/TLq7,2026-03-08T20:32:22.847,1,PR,P-111,"[Once Per Turn] If your {Straw Hat Crew} type Character would be removed from the field by your opponent's effect, you may rest 1 of your DON!! cards instead.",Green,Character,3,4000,Straw Hat Crew,Strike,8.99,16.0,100.0,11.31,,Normal,1000,
676844,Nami (Heroines Battle Pack),Nami Heroines Battle Pack,https://tcgplayer-cdn.tcgplayer.com/product/676844_200w.jpg,68,17675,https://cpt.tcgcsv.com/VLq7,2026-03-08T20:31:52.103,1,PR,P-112,"[On Play] If your Leader is [Nami], give up to 1 rested DON!! card to your Leader. Then, play up to 1 Character card with a cost of 2 or less from your hand.",Blue,Character,5,6000,Straw Hat Crew,Special,5.49,9.0,24.0,6.99,,Normal,1000,
676845,Jewelry Bonney (Heroines Battle Pack),Jewelry Bonney Heroines Battle Pack,https://tcgplayer-cdn.tcgplayer.com/product/676845_200w.jpg,68,17675,https://cpt.tcgcsv.com/WLq7,2026-03-08T20:31:31.317,1,PR,P-113,"[DON!!x2] [Opponent's Turn] This Character gains [Blocker] and +2000 power.
<br>[Trigger] K.O up to 1 of your opponent's Characters with a cost of 3 or less.",Yellow,Character,4,4000,Bonney Pirates,Special,3.75,8.61,21.26,7.06,,Normal,2000,
680489,DON!! Card (Japanese Version 3rd Anniversary Set),DON Card Japanese Version 3rd Anniversary Set,https://tcgplayer-cdn.tcgplayer.com/product/680489_200w.jpg,68,17675,https://cpt.tcgcsv.com/Pcs7,2026-03-10T20:38:34.183,1,DON!!,,Your Turn +1000,,DON!!,,,,,8.13,10.37,35.0,8.69,,Foil,,
680490,Portgas.D.Ace (Japanese Version 3rd Anniversary Set),PortgasDAce Japanese Version 3rd Anniversary Set,https://tcgplayer-cdn.tcgplayer.com/product/680490_200w.jpg,68,17675,https://cpt.tcgcsv.com/Qcs7,2026-03-30T12:57:12.88,1,SR,ST15-005,"If your Leader's type includes ""Whitebeard Pirates"", this Character gains [Rush].<br><br>
<em>(This card can attack on the turn in which it is played.)</em><br><br>
[Once Per Turn] If this Character would be removed from the field by your opponent's effect, you may give this Character 2000 power during this turn instead.",Red,Character,5,6000,Whitebeard Pirates,Special,108.0,115.0,350.0,129.68,,Foil,1000,
680491,Perona (Japanese Version 3rd Anniversary Set),Perona Japanese Version 3rd Anniversary Set,https://tcgplayer-cdn.tcgplayer.com/product/680491_200w.jpg,68,17675,https://cpt.tcgcsv.com/Rcs7,2026-03-30T12:54:11.713,1,SR,OP12-034,"[On Play] If your Leader has the (Slash) attribute, look at 5 cards from the top of your deck; reveal up to 1 (Slash) attribute card or green Event and add it to your hand. Then, place the rest at the bottom of your deck in any order.",Green,Character,1,2000,Thriller Bark Pirates;Muggy Kingdom,Special,250.0,290.5,450.0,176.73,,Foil,1000,
680492,Nami (Japanese Version 3rd Anniversary Set),Nami Japanese Version 3rd Anniversary Set,https://tcgplayer-cdn.tcgplayer.com/product/680492_200w.jpg,68,17675,https://cpt.tcgcsv.com/Scs7,2026-03-30T12:53:47.403,1,SR,OP11-054,"[Blocker] <em>(After your opponent declares an attack, you may rest this card to make it the new target of the attack.)</em><br>
[On Play] If your Leader is multicolored, draw 3 cards and place 2 cards from your hand at the top or bottom of your deck in any order.",Blue,Character,5,6000,Straw Hat Crew,Special,214.99,280.99,598.0,220.82,,Foil,1000,
680493,Monkey.D.Luffy (Japanese Version 3rd Anniversary Set),MonkeyDLuffy Japanese Version 3rd Anniversary Set,https://tcgplayer-cdn.tcgplayer.com/product/680493_200w.jpg,68,17675,https://cpt.tcgcsv.com/Tcs7,2026-03-30T12:53:36.663,1,SEC,OP09-119,[On Play] <strong>You may return 1 or more DON!! cards from your field to your DON!! deck</strong>: Draw 1 card and this Character gains [Rush] during this turn.,Purple,Character,9,10000,Straw Hat Crew,Strike,375.0,492.84,1200.0,360.61,,Foil,,
680494,Charlotte Katakuri (Japanese Version 3rd Anniversary Set),Charlotte Katakuri Japanese Version 3rd Anniversary Set,https://tcgplayer-cdn.tcgplayer.com/product/680494_200w.jpg,68,17675,https://cpt.tcgcsv.com/Vcs7,2026-03-30T12:53:58.893,1,SR,OP11-067,"[Blocker]<br>
[End of Your Turn] Set up to 2 of your ""Big Mom Pirates"" type Characters with a cost of 3 or more as active. Then, add up to 1 DON!! card from your DON!! deck and rest it.",Purple,Character,8,8000,Big Mom Pirates,Strike,123.45,134.99,200.0,127.51,,Foil,,
680495,Sabo (Japanese Version 3rd Anniversary Set),Sabo Japanese Version 3rd Anniversary Set,https://tcgplayer-cdn.tcgplayer.com/product/680495_200w.jpg,68,17675,https://cpt.tcgcsv.com/Wcs7,2026-03-30T12:53:24.683,1,SEC,OP07-118,[On Play] <strong>You may trash 1 card from your hand</strong>: K.O. up to 1 of your opponent's Characters with a cost of 5 or less and up to 1 of your opponent's Characters with a cost of 3 or less.,Black,Character,8,9000,Revolutionary Army,Special,28.0,49.99,145.0,47.26,,Foil,,
680496,Monkey.D.Dragon (Japanese Version 3rd Anniversary Set),MonkeyDDragon Japanese Version 3rd Anniversary Set,https://tcgplayer-cdn.tcgplayer.com/product/680496_200w.jpg,68,17675,https://cpt.tcgcsv.com/Xcs7,2026-03-30T12:54:50.927,1,SR,OP12-094,"[On Play] <strong>You may place 3 ""Revolutionary Army"" type cards from your trash at the bottom of your deck in any order:</strong> If your Leader has the ""Revolutionary Army"" type, play up to 1 Character card with a cost of 6 or less from your trash.",Black,Character,8,8000,Revolutionary Army,Special,75.11,82.0,150.0,79.06,,Foil,,
680497,Bartholomew Kuma (Japanese Version 3rd Anniversary Set),Bartholomew Kuma Japanese Version 3rd Anniversary Set,https://tcgplayer-cdn.tcgplayer.com/product/680497_200w.jpg,68,17675,https://cpt.tcgcsv.com/Zcs7,2026-03-30T12:56:53.517,1,SEC,OP12-119,"[On Play] <strong>You may trash 1 card from your hand:</strong> Add up to 1 card from the top of your deck to the top of your Life cards. Then, this Character gains +2 cost until the end of your opponent's next End Phase.<br>
[Opponent's Turn] [On K.O.] Add up to 1 card from the top of your deck to the top of your Life cards.",Yellow,Character,6,7000,Revolutionary Army;The Seven Warlords of the Sea,Strike,59.99,65.97,200.0,65.98,,Foil,1000,
681238,Spandine (Offline Regional Champion Card Set 2025 Vol.1),Spandine Offline Regional Champion Card Set 2025 Vol1,https://tcgplayer-cdn.tcgplayer.com/product/681238_200w.jpg,68,17675,https://cpt.tcgcsv.com/Nvs7,2026-02-27T16:31:30.423,1,R,EB01-043,"[On Play] <strong>You may place 3 cards with a type including ""CP"" from your trash at the bottom of your deck in any order</strong>: Play up to 1 Character card with a type including ""CP"" and a cost of 4 or less other than [Spandine] from your trash rested.",Black,Character,3,2000,CP9,Wisdom,,,,,,,1000,
681239,Urouge (Online Regional Finalist Card Set 2025 Vol.1),Urouge Online Regional Finalist Card Set 2025 Vol1,https://tcgplayer-cdn.tcgplayer.com/product/681239_200w.jpg,68,17675,https://cpt.tcgcsv.com/Pvs7,2026-02-27T16:35:36.567,1,R,OP07-021,"[Blocker] <em>(After your opponent declares an attack, you may rest this card to make it the new target of the attack.)</em>
<br>[End of Your Turn] Set up to 1 of your DON!! cards as active.",Green,Character,4,5000,Fallen Monk Pirates;Supernovas,Strike,,,,,,,1000,
681240,Urouge (Offline Regional Champion Card Set 2025 Vol.1),Urouge Offline Regional Champion Card Set 2025 Vol1,https://tcgplayer-cdn.tcgplayer.com/product/681240_200w.jpg,68,17675,https://cpt.tcgcsv.com/Qvs7,2026-02-27T16:35:05.577,1,R,OP07-021,"[Blocker] <em>(After your opponent declares an attack, you may rest this card to make it the new target of the attack.)</em>
<br>[End of Your Turn] Set up to 1 of your DON!! cards as active.",Green,Character,4,5000,Fallen Monk Pirates;Supernovas,Strike,,,,,,,1000,
681242,Adio (Offline Regional Champion Card Set 2025 Vol.1),Adio Offline Regional Champion Card Set 2025 Vol1,https://tcgplayer-cdn.tcgplayer.com/product/681242_200w.jpg,68,17675,https://cpt.tcgcsv.com/Svs7,2026-02-27T16:39:15.607,1,PR,P-078,"If you have 2 or more rested ""ODYSSEY"" type Characters, this Character gains +1000 power.",Green,Character,4,5000,ODYSSEY,Ranged,,,,,,,2000,
681243,Adio (Online Regional Finalist Card Set 2025 Vol.1),Adio Online Regional Finalist Card Set 2025 Vol1,https://tcgplayer-cdn.tcgplayer.com/product/681243_200w.jpg,68,17675,https://cpt.tcgcsv.com/Tvs7,2026-02-27T16:38:45.923,1,PR,P-078,"If you have 2 or more rested ""ODYSSEY"" type Characters, this Character gains +1000 power.",Green,Character,4,5000,ODYSSEY,Ranged,100.0,112.5,125.0,41.25,,Foil,2000,
681245,Nico Olvia (Online Regional Finalist Card Set 2025 Vol.1),Nico Olvia Online Regional Finalist Card Set 2025 Vol1,https://tcgplayer-cdn.tcgplayer.com/product/681245_200w.jpg,68,17675,https://cpt.tcgcsv.com/Wvs7,2026-02-27T16:44:02.953,1,C,OP09-106,"[On Play] Up to 1 of your [Nico Robin] Leader gains +3000 power during this turn.<br>
[Trigger] If your Leader is [Nico Robin], draw 3 cards and trash 2 cards from your hand.",Yellow,Character,1,,Ohara,Wisdom,1000.0,1000.0,1000.0,300.0,,Foil,2000,
681246,Nico Olvia (Offline Regional Champion Card Set 2025 Vol.1),Nico Olvia Offline Regional Champion Card Set 2025 Vol1,https://tcgplayer-cdn.tcgplayer.com/product/681246_200w.jpg,68,17675,https://cpt.tcgcsv.com/Xvs7,2026-02-27T16:43:39.663,1,C,OP09-106,"[On Play] Up to 1 of your [Nico Robin] Leader gains +3000 power during this turn.<br>
[Trigger] If your Leader is [Nico Robin], draw 3 cards and trash 2 cards from your hand.",Yellow,Character,1,,Ohara,Wisdom,,,,,,,2000,
681612,Nico Robin (Heroines Battle Winner Pack),Nico Robin Heroines Battle Winner Pack,https://tcgplayer-cdn.tcgplayer.com/product/681612_200w.jpg,68,17675,https://cpt.tcgcsv.com/gGs7,2026-02-28T14:55:03.093,1,PR,P-111,"[Once Per Turn] If your {Straw Hat Crew} type Character would be removed from the field by your opponent's effect, you may rest 1 of your DON!! cards instead.",Green,Character,3,4000,Straw Hat Crew,Strike,298.99,314.93,800.0,319.11,,Foil,1000,
681613,Nami (Heroines Battle Winner Pack),Nami Heroines Battle Winner Pack,https://tcgplayer-cdn.tcgplayer.com/product/681613_200w.jpg,68,17675,https://cpt.tcgcsv.com/hGs7,2026-02-28T14:55:35.84,1,PR,P-112,"[On Play] If your Leader is [Nami], give up to 1 rested DON!! card to your Leader. Then, play up to 1 Character card with a cost of 2 or less from your hand.",Blue,Character,5,6000,Straw Hat Crew,Special,205.0,365.5,700.0,303.6,,Foil,1000,
681614,Jewelry Bonney (Heroines Battle Winner Pack),Jewelry Bonney Heroines Battle Winner Pack,https://tcgplayer-cdn.tcgplayer.com/product/681614_200w.jpg,68,17675,https://cpt.tcgcsv.com/jGs7,2026-02-28T14:56:02.833,1,PR,P-113,"[DON!!x2] [Opponent's Turn] This Character gains [Blocker] and +2000 power.
<br>[Trigger] K.O up to 1 of your opponent's Characters with a cost of 3 or less.",Yellow,Character,4,4000,Bonney Pirates,Special,87.58,99.98,240.0,102.88,,Foil,2000,
681870,DON!! Card (Red Bull Double Don!!),DON Card Red Bull Double Don,https://tcgplayer-cdn.tcgplayer.com/product/681870_200w.jpg,68,17675,https://cpt.tcgcsv.com/qMs7,2026-02-28T18:02:48.353,1,DON!!,,Your Turn +1000,,DON!!,,,,,244.79,282.5,1000.0,258.23,,Foil,,
681871,DON!! Card (Red Bull Don!!),DON Card Red Bull Don,https://tcgplayer-cdn.tcgplayer.com/product/681871_200w.jpg,68,17675,https://cpt.tcgcsv.com/rMs7,2026-02-28T18:03:02.413,1,DON!!,,Your Turn +1000,,DON!!,,,,,44.5,52.75,500.0,49.11,,Foil,,
681872,Monkey.D.Luffy (Red Bull Double Don!!),MonkeyDLuffy Red Bull Double Don,https://tcgplayer-cdn.tcgplayer.com/product/681872_200w.jpg,68,17675,https://cpt.tcgcsv.com/sMs7,2026-02-28T18:09:35.643,1,SR,PRB02-005,"[Your Turn] [On Play] If your Leader is multicolored and your opponent has 7 or less DON!! cards on their field, your opponent rests 1 of their active DON!! cards at the start of their next Main Phase.",Green,Character,4,5000,Straw Hat Crew;Supernovas,Strike,545.0,709.99,2000.0,635.1,,Normal,1000,
681873,Monkey.D.Luffy (Red Bull Double Don!!) (Winner),MonkeyDLuffy Red Bull Double Don Winner,https://tcgplayer-cdn.tcgplayer.com/product/681873_200w.jpg,68,17675,https://cpt.tcgcsv.com/tMs7,2026-02-28T18:09:51.693,1,SR,PRB02-005,"[Your Turn] [On Play] If your Leader is multicolored and your opponent has 7 or less DON!! cards on their field, your opponent rests 1 of their active DON!! cards at the start of their next Main Phase.",Green,Character,4,5000,Straw Hat Crew;Supernovas,Strike,,,,,,,1000,
681874,Monkey.D.Luffy (Red Bull Double Don!!) (Winner) (Textured),MonkeyDLuffy Red Bull Double Don Winner Textured,https://tcgplayer-cdn.tcgplayer.com/product/681874_200w.jpg,68,17675,https://cpt.tcgcsv.com/vMs7,2026-02-28T18:10:09.653,1,SR,PRB02-005,"[Your Turn] [On Play] If your Leader is multicolored and your opponent has 7 or less DON!! cards on their field, your opponent rests 1 of their active DON!! cards at the start of their next Main Phase.",Green,Character,4,5000,Straw Hat Crew;Supernovas,Strike,,,,,,,1000,
681982,Luffy Is the Man Who Will Become the King of Pirates!!! (Japanese Version 3rd Anniversary Set),Luffy Is the Man Who Will Become the King of Pirates Japanese Version 3rd Anniversary Set,https://tcgplayer-cdn.tcgplayer.com/product/681982_200w.jpg,68,17675,https://cpt.tcgcsv.com/GPs7,2026-03-10T20:33:19.337,1,R,OP12-039,"[Main] Set your [Roronoa Zoro] Leader as active.<br>
[Trigger] Up to 1 of your Leader or Character cards gains +1000 power during this turn.",Green,Event,3,,Straw Hat Crew,,305.99,379.97,525.99,419.43,,Foil,,
681983,Luffy Is the Man Who Will Be King of the Pirates!!! (Japanese Version 3rd Anniversary Set),Luffy Is the Man Who Will Be King of the Pirates Japanese Version 3rd Anniversary Set,https://tcgplayer-cdn.tcgplayer.com/product/681983_200w.jpg,68,17675,https://cpt.tcgcsv.com/HPs7,2026-03-10T20:33:04.123,1,R,OP12-079,"[Main] If your Leader is [Sanji], look at 3 cards from the top of your deck and add up to 1 card to your hand. Then, place the rest at the bottom of your deck in any order.",Purple,Event,1,,Straw Hat Crew,,188.91,228.45,9996.01,211.11,,Foil,,
682929,Portgas.D.Ace (119) (Treasure Cup 2026) (Store),PortgasDAce 119 Treasure Cup 2026 Store,https://tcgplayer-cdn.tcgplayer.com/product/682929_200w.jpg,68,17675,https://cpt.tcgcsv.com/Cbt7,2026-04-04T15:25:10.24,1,SEC,OP13-119,"If you have 3 or less Life cards, this Character gains [Rush].<br>
[On Play] Give up to 1 rested DON!! card to your Leader. Then, you may return up to 1 of your opponent's Characters with a cost of 5 or less to the owner's hand. If you do, your opponent plays up to 1 Character card with a cost of 4 or less from their hand.",Blue,Character,6,7000,Whitebeard Pirates,Special,218.0,219.93,499.99,190.61,,Foil,,
683969,DON!! Card (Netflix Tony Tony.Chopper),DON Card Netflix Tony TonyChopper,https://tcgplayer-cdn.tcgplayer.com/product/683969_200w.jpg,68,17675,https://cpt.tcgcsv.com/pCt7,2026-03-31T13:12:00.15,1,PR,,Your Turn +1000,,DON!!,,,,,34.98,39.53,70.0,39.53,,Normal,,
683970,Welcome Pack 2026 Vol.1,Welcome Pack 2026 Vol1,https://tcgplayer-cdn.tcgplayer.com/product/683970_200w.jpg,68,17675,https://cpt.tcgcsv.com/qCt7,2026-04-03T15:27:21.957,1,,,,,,,,,,13.01,20.0,36.72,21.46,,Normal,,
683972,Roronoa Zoro (114),Roronoa Zoro 114,https://tcgplayer-cdn.tcgplayer.com/product/683972_200w.jpg,68,17675,https://cpt.tcgcsv.com/sCt7,2026-04-30T15:50:20.573,1,PR,P-114,"[Blocker] <em>(After your opponent declares an attack, you may rest this card to make it the new target of the attack.)</em>
<br>[End of Your Turn] If you have any active DON!! cards, set this Character as active.",Green,Character,4,5000,Straw Hat Crew;Supernovas,Slash,160.04,209.99,325.0,199.17,,Normal,1000,
683981,Crocodile - OP14-120 (CS26-27 Regionals Season 1),Crocodile OP14 120 CS26 27 Regionals Season 1,https://tcgplayer-cdn.tcgplayer.com/product/683981_200w.jpg,68,17675,https://cpt.tcgcsv.com/FCt7,2026-03-27T21:18:03.517,1,PR,OP14-120,"[On Play] up to 1 of your opponent's Characters with a cost of 9 or less cannot attack until the end of your opponent's next End Phase. Then, if your opponent has a Character 1ith a cost of 0 or with a cost of 8 or more, draw 1 card.
<br>[On K.O.] <strong>You may trash 1 card from your hand:</strong> Play this Character card from your trash.",Black,Character,8,10000,Baroque Works;The Seven Warlords of the Sea,Special,1399.0,1588.75,1889.91,1425.35,,Foil,,
683982,Roronoa Zoro (113) (Regionals Finalist Card Set 26-27),Roronoa Zoro 113 Regionals Finalist Card Set 26 27,https://tcgplayer-cdn.tcgplayer.com/product/683982_200w.jpg,68,17675,https://cpt.tcgcsv.com/GCt7,2026-03-27T21:20:49.893,1,PR,OP07-113,"[Trigger] If your Leader has the [Egghead] type, rest up to 1 of your opponent's Leader or Character cards.",Yellow,Character,5,6000,Straw Hat Crew;Egghead,Slash,493.0,749.99,1000.0,447.75,,Foil,1000,
683984,Charlotte Pudding (Regionals Finalist Card Set 26-27),Charlotte Pudding Regionals Finalist Card Set 26 27,https://tcgplayer-cdn.tcgplayer.com/product/683984_200w.jpg,68,17675,https://cpt.tcgcsv.com/JCt7,2026-03-27T21:20:39.743,1,PR,OP12-071,"[On Play] Look at 4 cards from the top of your deck; reveal up to 1 [Sanji] or Event card and add it to your hand. Then, place the rest at the bottom of your deck in any order.",Purple,Character,1,2000,Big Mom Pirates,Wisdom,113.85,118.92,399.97,118.84,,Foil,1000,
683985,Hack (Regionals Finalist Card Set 26-27),Hack Regionals Finalist Card Set 26 27,https://tcgplayer-cdn.tcgplayer.com/product/683985_200w.jpg,68,17675,https://cpt.tcgcsv.com/KCt7,2026-03-27T21:19:47.91,1,PR,OP12-089,"If your Leader has the ""Revolutionary Army"" type, this Character gains [Blocker] and +4 cost.<br>
[On K.O.] If your Leader has the ""Revolutionary Army"" type, K.O. up to 1 of your opponent's Characters with a base cost of 4 or less.",Black,Character,4,5000,Fish-Man;Revolutionary Army;Dressrosa,Strike,29.14,44.75,89.97,44.74,,Foil,1000,
683986,Dracule Mihawk (Regionals Finalist Card Set 26-27),Dracule Mihawk Regionals Finalist Card Set 26 27,https://tcgplayer-cdn.tcgplayer.com/product/683986_200w.jpg,68,17675,https://cpt.tcgcsv.com/LCt7,2026-03-27T21:19:38.627,1,PR,ST12-003,"[On Play] If you have 2 or less Characters, play up to 1 [Muggy Kingdom] type or ""Slash"" attribute Character card with a cost of 4 or less other than [Dracule Mihawk] from your hand rested.",Green,Character,3,4000,The Seven Warlords of the Sea;Muggy Kingdom,Slash,182.0,187.99,299.97,101.38,,Foil,2000,
684105,Boa Hancock (CS 26-27 Regionals Season 1),Boa Hancock CS 26 27 Regionals Season 1,https://tcgplayer-cdn.tcgplayer.com/product/684105_200w.jpg,68,17675,https://cpt.tcgcsv.com/7Gt7,2026-03-27T21:18:51.17,1,SR,OP14-112,"[On Play] If your Leader has the {The Seven Warlords of the Sea} type, add up to 1 card from the top of your deck to the top of your Life cards. Then, add up to 1 card from the top of your opponent's Life cards to the owner's hand.
<br>[Trigger] Play up to 1 Character card with 6000 power or less and a [Trigger] from your hand.",Yellow,Character,9,10000,Kuja Pirates;The Seven Warlords of the Sea,Special,3999.95,3999.97,3999.99,3499.78,,Foil,,
684110,Dracule Mihawk - (CS 26-27 Regionals Season 1),Dracule Mihawk CS 26 27 Regionals Season 1,https://tcgplayer-cdn.tcgplayer.com/product/684110_200w.jpg,68,17675,https://cpt.tcgcsv.com/dGt7,2026-03-27T21:18:39.517,1,SEC,OP14-119,"[Your Turn] When this Character becomes rested, up to 1 of your opponent's Characters with a cost or 9 or less cannot be rested until the end of your opponent's next End Phase.
<br>[On Your Opponent's Attack] [Once Per Turn] <strong>You may trash 1 card from your hand:</strong> Up to 1 of your Leader or Character cards gains +2000 power during this battle.",Green,Character,9,10000,The Seven Warlords of the Sea,Slash,,,,,,,,
684301,Winner Pack 2026 Vol. 2,Winner Pack 2026 Vol 2,https://tcgplayer-cdn.tcgplayer.com/product/684301_200w.jpg,68,17675,https://cpt.tcgcsv.com/2Lt7,2026-04-03T20:15:28.02,1,,,,,,,,,,64.99,69.96,99.99,63.22,,Normal,,
684302,Tony Tony.Chopper (Winner Pack 2026 Vol. 2),Tony TonyChopper Winner Pack 2026 Vol 2,https://tcgplayer-cdn.tcgplayer.com/product/684302_200w.jpg,68,17675,https://cpt.tcgcsv.com/3Lt7,2026-04-03T20:15:21.23,1,PR,P-101,"[Blocker] <em>(After your opponent declares an attack, you may rest this card to make it the new target of the attack.)</em>
<br>
[On Play] Give up to 1 rested DON!! card to your Leader.",Red,Character,4,5000,Animal;Straw Hat Crew,Strike,85.75,94.99,250.0,79.91,,Foil,1000,
684303,Nami (Winner Pack 2026 Vol. 2),Nami Winner Pack 2026 Vol 2,https://tcgplayer-cdn.tcgplayer.com/product/684303_200w.jpg,68,17675,https://cpt.tcgcsv.com/5Lt7,2026-04-03T20:14:43.197,1,PR,P-102,"[On Play] If your Leader has the {Straw Hat Crew} type, set up to 2 of your DON!! cards as active.",Green,Character,4,4000,Straw Hat Crew;Egghead,Special,30.0,43.58,300.0,35.4,,Foil,2000,
684304,Portgas.D.Ace (Winner Pack 2026 Vol. 2),PortgasDAce Winner Pack 2026 Vol 2,https://tcgplayer-cdn.tcgplayer.com/product/684304_200w.jpg,68,17675,https://cpt.tcgcsv.com/6Lt7,2026-04-03T20:14:52.77,1,PR,P-103,"[On Play] Draw 2 cards and place 2 cards from your hand at the top or bottom of your deck in any order. Then, give up to 1 rested DON!! card to your Leader.",Blue,Character,4,6000,Whitebeard Pirates,Special,10.69,14.52,65.0,12.54,,Foil,,
684305,Shanks (Winner Pack 2026 Vol. 2),Shanks Winner Pack 2026 Vol 2,https://tcgplayer-cdn.tcgplayer.com/product/684305_200w.jpg,68,17675,https://cpt.tcgcsv.com/7Lt7,2026-04-03T20:15:12.35,1,PR,P-104,"If either you or your opponent has 10 DON!! cards on the field, this Character cannot be removed from the field by your opponent's effects.",Purple,Character,8,10000,The Four Emperors;Red-Haired Pirates;Former Roger Pirates,Slash,9.88,14.31,100.0,11.55,,Foil,,
684306,Sabo (Winner Pack 2026 Vol. 2),Sabo Winner Pack 2026 Vol 2,https://tcgplayer-cdn.tcgplayer.com/product/684306_200w.jpg,68,17675,https://cpt.tcgcsv.com/8Lt7,2026-04-03T20:15:01.937,1,PR,P-105,"If your Leader has the {Revolutionary Army} type, this Character gains [Blocker] and +4 cost.
<br>[On Play] <strong>You may add 1 card from the top or bottom of your Life cards to your hand:</strong> Give up to 1 rested DON!! card to your Leader or 1 of your Characters.",Black,Character,4,6000,Revolutionary Army,Special,9.69,12.01,50.0,10.54,,Foil,,
684307,Monkey.D.Luffy (Winner Pack 2026 Vol. 2),MonkeyDLuffy Winner Pack 2026 Vol 2,https://tcgplayer-cdn.tcgplayer.com/product/684307_200w.jpg,68,17675,https://cpt.tcgcsv.com/9Lt7,2026-04-03T20:14:33.487,1,PR,P-106,"[End of Your Turn] <strong>You may turn 1 card from the top of your Life cards face-up:</strong> Set up to 1 of your {Egghead} type Characters as active.
<br>[Trigger] Draw 1 card and K.O. up to 1 of your opponent's Characters with a cost of 2 or less.",Yellow,Character,5,6000,Straw Hat Crew;The Four Emperors;Egghead,Strike,84.85,117.74,1000.0,109.6,,Foil,1000,
684308,Tournament Pack 2026 Vol. 2,Tournament Pack 2026 Vol 2,https://tcgplayer-cdn.tcgplayer.com/product/684308_200w.jpg,68,17675,https://cpt.tcgcsv.com/bLt7,2026-04-03T20:13:10.69,1,,,,,,,,,,2.72,4.99,9.99,4.16,,Normal,,
684309,Tony Tony.Chopper (Tournament Pack 2026 Vol. 2),Tony TonyChopper Tournament Pack 2026 Vol 2,https://tcgplayer-cdn.tcgplayer.com/product/684309_200w.jpg,68,17675,https://cpt.tcgcsv.com/cLt7,2026-05-21T11:48:21.493,1,PR,P-101,"[Blocker] <em>(After your opponent declares an attack, you may rest this card to make it the new target of the attack.)</em>
<br>[On Play] Give up to 1 rested DON!! card to your Leader.",Red,Character,4,5000,Animal;Straw Hat Crew,Strike,2.89,5.0,16.95,4.21,,Normal,1000,
684310,Nami (Tournament Pack 2026 Vol. 2),Nami Tournament Pack 2026 Vol 2,https://tcgplayer-cdn.tcgplayer.com/product/684310_200w.jpg,68,17675,https://cpt.tcgcsv.com/dLt7,2026-04-03T20:11:48.073,1,PR,P-102,"[On Play] If your Leader has the {Straw Hat Crew} type, set up to 2 of your DON!! cards as active.",Green,Character,4,4000,Straw Hat Crew;Egghead,Special,1.46,2.86,499.0,2.34,,Normal,2000,
684311,Portgas.D.Ace (Tournament Pack 2026 Vol. 2),PortgasDAce Tournament Pack 2026 Vol 2,https://tcgplayer-cdn.tcgplayer.com/product/684311_200w.jpg,68,17675,https://cpt.tcgcsv.com/fLt7,2026-04-03T20:11:58.667,1,PR,P-103,"[On Play] Draw 2 cards and place 2 cards from your hand at the top or bottom of your deck in any order. Then, give up to 1 rested DON!! card to your Leader.",Blue,Character,4,6000,Whitebeard Pirates,Special,0.13,0.5,5.0,0.44,,Normal,,
684312,Shanks (Tournament Pack 2026 Vol. 2),Shanks Tournament Pack 2026 Vol 2,https://tcgplayer-cdn.tcgplayer.com/product/684312_200w.jpg,68,17675,https://cpt.tcgcsv.com/gLt7,2026-04-03T20:12:22.737,1,PR,P-104,"If either you or your opponent has 10 DON!! cards on the field, this Character cannot be removed from the field by your opponent's effects.",Purple,Character,8,10000,The Four Emperors;Red-Haired Pirates;Former Roger Pirates,Slash,0.1,0.44,5.0,0.44,,Normal,,
684313,Sabo (Tournament Pack 2026 Vol. 2),Sabo Tournament Pack 2026 Vol 2,https://tcgplayer-cdn.tcgplayer.com/product/684313_200w.jpg,68,17675,https://cpt.tcgcsv.com/hLt7,2026-04-03T20:12:11.717,1,PR,P-105,"If your Leader has the {Revolutionary Army} type, this Character gains [Blocker] and +4 cost.
<br>[On Play] <strong>You may add 1 card from the top or bottom of your Life cards to your hand:</strong> Give up to 1 rested DON!! card to your Leader or 1 of your Characters.",Black,Character,4,6000,Revolutionary Army,Special,0.2,0.5,5.0,0.36,,Normal,,
684314,Monkey.D.Luffy (Tournament Pack 2026 Vol. 2),MonkeyDLuffy Tournament Pack 2026 Vol 2,https://tcgplayer-cdn.tcgplayer.com/product/684314_200w.jpg,68,17675,https://cpt.tcgcsv.com/jLt7,2026-04-03T20:13:03.52,1,PR,P-106,"[End of Your Turn] <strong>You may turn 1 card from the top of your Life cards face-up:</strong> Set up to 1 of your {Egghead} type Characters as active.
<br>[Trigger] Draw 1 card and K.O. up to 1 of your opponent's Characters with a cost of 2 or less.",Yellow,Character,5,6000,Straw Hat Crew;The Four Emperors;Egghead,Strike,1.79,3.55,25.0,2.41,,Normal,1000,
686279,Monkey.D.Luffy (Treasure Cup March 2026),MonkeyDLuffy Treasure Cup March 2026,https://tcgplayer-cdn.tcgplayer.com/product/686279_200w.jpg,68,17675,https://cpt.tcgcsv.com/Cwv7,2026-03-27T21:08:15.31,1,SEC,OP13-118,"[Double Attack]<br>
[On Play] If your Leader is multicolored, set up to 4 of your DON!! cards as active. Then, you cannot play Character cards with a base cost of 5 or more during this turn.",Green,Character,6,7000,Straw Hat Crew;Supernovas;Fish-Man Island,Strike,,,,,,,,
686280,Portgas.D.Ace (119) (Treasure Cup 2026),PortgasDAce 119 Treasure Cup 2026,https://tcgplayer-cdn.tcgplayer.com/product/686280_200w.jpg,68,17675,https://cpt.tcgcsv.com/Dwv7,2026-04-04T15:26:04.973,1,SEC,OP13-119,"If you have 3 or less Life cards, this Character gains [Rush].<br>
[On Play] Give up to 1 rested DON!! card to your Leader. Then, you may return up to 1 of your opponent's Characters with a cost of 5 or less to the owner's hand. If you do, your opponent plays up to 1 Character card with a cost of 4 or less from their hand.",Blue,Character,6,7000,Whitebeard Pirates,Special,,,,,,,,
686281,Monkey.D.Garp (Treasure Cup March 2026),MonkeyDGarp Treasure Cup March 2026,https://tcgplayer-cdn.tcgplayer.com/product/686281_200w.jpg,68,17675,https://cpt.tcgcsv.com/Fwv7,2026-03-27T21:07:38.127,1,R,OP13-016,"[On Play] If your Leader is [Sabo], [Portgas.D.Ace] or [Monkey.D.Luffy], look at 4 cards from the top of your deck; reveal up to 1 card with a cost of 3 or more and add it to your hand. Then, place the rest at the bottom of your deck in any order.",Red,Character,1,2000,Navy,Strike,635.0,790.0,798.0,710.69,,Foil,1000,
686282,Dracule Mihawk (Regional Participation Pack 2026 Vol.1),Dracule Mihawk Regional Participation Pack 2026 Vol1,https://tcgplayer-cdn.tcgplayer.com/product/686282_200w.jpg,68,17675,https://cpt.tcgcsv.com/Gwv7,2026-03-27T21:27:42.173,1,PR,ST12-003,"[On Play] If you have 2 or less Characters, play up to 1 [Muggy Kingdom] type or ""Slash"" attribute Character card with a cost of 4 or less other than [Dracule Mihawk] from your hand rested.",Green,Character,3,4000,The Seven Warlords of the Sea;Muggy Kingdom,Slash,10.99,14.42,44.95,12.1,,Foil,2000,
686283,Charlotte Pudding (Regional Participation Pack 2026 Vol.1),Charlotte Pudding Regional Participation Pack 2026 Vol1,https://tcgplayer-cdn.tcgplayer.com/product/686283_200w.jpg,68,17675,https://cpt.tcgcsv.com/Hwv7,2026-03-27T21:27:12.223,1,PR,OP12-071,"[On Play] Look at 4 cards from the top of your deck; reveal up to 1 [Sanji] or Event card and add it to your hand. Then, place the rest at the bottom of your deck in any order.",Purple,Character,1,2000,Big Mom Pirates,Wisdom,26.95,32.23,145.0,29.81,,Foil,1000,
686284,Hack (Regional Participation Pack 2026 Vol.1),Hack Regional Participation Pack 2026 Vol1,https://tcgplayer-cdn.tcgplayer.com/product/686284_200w.jpg,68,17675,https://cpt.tcgcsv.com/Jwv7,2026-03-27T21:25:25.853,1,PR,OP12-089,"If your Leader has the ""Revolutionary Army"" type, this Character gains [Blocker] and +4 cost.<br>
[On K.O.] If your Leader has the ""Revolutionary Army"" type, K.O. up to 1 of your opponent's Characters with a base cost of 4 or less.",Black,Character,4,5000,Fish-Man;Revolutionary Army;Dressrosa,Strike,5.99,8.14,39.99,6.62,,Foil,1000,
686285,Roronoa Zoro (113) (Regional Participation Pack 2026 Vol.1),Roronoa Zoro 113 Regional Participation Pack 2026 Vol1,https://tcgplayer-cdn.tcgplayer.com/product/686285_200w.jpg,68,17675,https://cpt.tcgcsv.com/Kwv7,2026-03-27T21:24:50.77,1,PR,OP07-113,"[Trigger] If your Leader has the [Egghead] type, rest up to 1 of your opponent's Leader or Character cards.",Yellow,Character,5,6000,Straw Hat Crew;Egghead,Slash,43.89,56.95,100.0,60.49,,Foil,1000,
686286,Roronoa Zoro (113) (Regionals Champion Card Set 26-27),Roronoa Zoro 113 Regionals Champion Card Set 26 27,https://tcgplayer-cdn.tcgplayer.com/product/686286_200w.jpg,68,17675,https://cpt.tcgcsv.com/Lwv7,2026-03-27T21:31:40.99,1,PR,OP07-113,"[Trigger] If your Leader has the [Egghead] type, rest up to 1 of your opponent's Leader or Character cards.",Yellow,Character,5,6000,Straw Hat Crew;Egghead,Slash,,,,,,,1000,
686287,Charlotte Pudding (Regionals Champion Card Set 26-27),Charlotte Pudding Regionals Champion Card Set 26 27,https://tcgplayer-cdn.tcgplayer.com/product/686287_200w.jpg,68,17675,https://cpt.tcgcsv.com/Mwv7,2026-03-27T21:31:08.477,1,PR,OP12-071,"[On Play] Look at 4 cards from the top of your deck; reveal up to 1 [Sanji] or Event card and add it to your hand. Then, place the rest at the bottom of your deck in any order.",Purple,Character,1,2000,Big Mom Pirates,Wisdom,,,,,,,1000,
686288,Hack (Regionals Champion Card Set 26-27),Hack Regionals Champion Card Set 26 27,https://tcgplayer-cdn.tcgplayer.com/product/686288_200w.jpg,68,17675,https://cpt.tcgcsv.com/Nwv7,2026-03-27T21:30:59.65,1,PR,OP12-089,"If your Leader has the ""Revolutionary Army"" type, this Character gains [Blocker] and +4 cost.<br>
[On K.O.] If your Leader has the ""Revolutionary Army"" type, K.O. up to 1 of your opponent's Characters with a base cost of 4 or less.",Black,Character,4,5000,Fish-Man;Revolutionary Army;Dressrosa,Strike,,,,,,,1000,
686289,Dracule Mihawk (Regionals Champion Card Set 26-27),Dracule Mihawk Regionals Champion Card Set 26 27,https://tcgplayer-cdn.tcgplayer.com/product/686289_200w.jpg,68,17675,https://cpt.tcgcsv.com/Pwv7,2026-03-27T21:30:33.87,1,PR,ST12-003,"[On Play] If you have 2 or less Characters, play up to 1 [Muggy Kingdom] type or ""Slash"" attribute Character card with a cost of 4 or less other than [Dracule Mihawk] from your hand rested.",Green,Character,3,4000,The Seven Warlords of the Sea;Muggy Kingdom,Slash,,,,,,,2000,
686457,Boa Hancock (OP15 Release Event),Boa Hancock OP15 Release Event,https://tcgplayer-cdn.tcgplayer.com/product/686457_200w.jpg,68,17675,https://cpt.tcgcsv.com/9Cv7,2026-03-30T19:54:58.903,1,PR,P-115,"[On Play] Give up to 1-rested DON!! card to your Leader or 1 of your Characters.
<br>[Trigger] Play up to 1 yellow Character card with 5000 power or less and a [Trigger] from your hand.",Yellow,Character,6,7000,Kuja Pirates;The Seven Warlords of the Sea,Special,1.0,2.19,5.0,1.93,,Normal,1000,
686458,Boa Hancock (OP15 Release Event Winner),Boa Hancock OP15 Release Event Winner,https://tcgplayer-cdn.tcgplayer.com/product/686458_200w.jpg,68,17675,https://cpt.tcgcsv.com/bCv7,2026-03-30T19:53:56.967,1,PR,P-115,"[On Play] Give up to 1-rested DON!! card to your Leader or 1 of your Characters.
<br>[Trigger] Play up to 1 yellow Character card with 5000 power or less and a [Trigger] from your hand.",Yellow,Character,6,7000,Kuja Pirates;The Seven Warlords of the Sea,Special,109.99,210.99,549.99,214.57,,Foil,1000,
690658,Premium Card Collection -Live Action Edition Vol.2 Straw Hat Crew-,Premium Card Collection Live Action Edition Vol2 Straw Hat Crew,https://tcgplayer-cdn.tcgplayer.com/product/690658_200w.jpg,68,17675,https://cpt.tcgcsv.com/bhx7,2026-04-17T19:18:26.72,1,,,,,,,,,,,,,,,,,
690659,Premium Card Collection -Live Action Edition Vol.2 Baroque Works-,Premium Card Collection Live Action Edition Vol2 Baroque Works,https://tcgplayer-cdn.tcgplayer.com/product/690659_200w.jpg,68,17675,https://cpt.tcgcsv.com/chx7,2026-04-17T19:19:12.627,1,,,,,,,,,,,,,,,,,
690662,Crocodile - P-143 (Premium Card Collection -Live Action Edition Vol.2 Baroque Works-),Crocodile P 143 Premium Card Collection Live Action Edition Vol2 Baroque Works,https://tcgplayer-cdn.tcgplayer.com/product/690662_200w.jpg,68,17675,https://cpt.tcgcsv.com/ghx7,2026-04-17T19:51:33.11,1,PR,P-143,"[On Play] If there is a Character with a cost of 0, this Character gains [Rush] during this turn.
<br><em>(This card can attack on the turn in which it is played.)</em>",Black,Character,6,8000,Baroque Works;The Seven Warlords of the Sea,Special,,,,,,,,
690663,Mr.3 (Galdino) - P-148 (Premium Card Collection -Live Action Edition Vol.2 Baroque Works-),Mr3 Galdino P 148 Premium Card Collection Live Action Edition Vol2 Baroque Works,https://tcgplayer-cdn.tcgplayer.com/product/690663_200w.jpg,68,17675,https://cpt.tcgcsv.com/hhx7,2026-04-17T19:52:15.41,1,PR,P-148,"[Blocker]
<br>[Activate:Main] [Once Per Turn] If there is a Character with a cost of 0 or with a cost of 8 or more, give up to 1 rested DON!! card to your Leader or 1 of your Characters.",Black,Character,5,6000,Baroque Works,Special,,,,,,,1000,
690664,Mr.5 (Gem) - P-149 (Premium Card Collection -Live Action Edition Vol.2 Baroque Works-),Mr5 Gem P 149 Premium Card Collection Live Action Edition Vol2 Baroque Works,https://tcgplayer-cdn.tcgplayer.com/product/690664_200w.jpg,68,17675,https://cpt.tcgcsv.com/jhx7,2026-04-17T19:52:23.387,1,PR,P-149,"[Rush:Character] <em>(This card can attack Characters on the turn in which it is played.)</em>
<br>[On Play] If there is a Character with a cost of 0 or with a cost of 8 or more, draw 2 cards and trash 1 card from your hand.",Black,Character,5,6000,Baroque Works,Special,,,,,,,1000,
690665,Ms. All Sunday - P-144 (Premium Card Collection -Live Action Edition Vol.2 Baroque Works-),Ms All Sunday P 144 Premium Card Collection Live Action Edition Vol2 Baroque Works,https://tcgplayer-cdn.tcgplayer.com/product/690665_200w.jpg,68,17675,https://cpt.tcgcsv.com/khx7,2026-04-17T19:51:42.527,1,PR,P-144,"[On Play] You may K.O. 1 of your Characters with a type including ""Baroque Works"": Draw 1 card.",Black,Character,5,6000,Baroque Works,Strike,,,,,,,1000,
690666,Ms. Wednesday - P-145 (Premium Card Collection -Live Action Edition Vol.2 Baroque Works-),Ms Wednesday P 145 Premium Card Collection Live Action Edition Vol2 Baroque Works,https://tcgplayer-cdn.tcgplayer.com/product/690666_200w.jpg,68,17675,https://cpt.tcgcsv.com/lhx7,2026-04-17T19:51:51.103,1,PR,P-145,"[On Play] Draw 1 card and trash 1 card from your hand.
<br>[On K.O.] If your opponent has 6 or more cards in their hand, your opponent trashes 2 cards from their hand.",Black,Character,4,5000,Baroque Works,Slash,,,,,,,1000,
690667,Miss.Goldenweek (Marianne) - P-146 (Premium Card Collection -Live Action Edition Vol.2 Baroque Works-),MissGoldenweek Marianne P 146 Premium Card Collection Live Action Edition Vol2 Baroque Works,https://tcgplayer-cdn.tcgplayer.com/product/690667_200w.jpg,68,17675,https://cpt.tcgcsv.com/mhx7,2026-04-17T19:51:59.153,1,PR,P-146,[On K.O.] Draw 1 card and rest up to 1 of your opponent's Characters with a cost of 0.,Black,Character,1,2000,Baroque Works,Wisdom,,,,,,,1000,
690668,Miss.Valentine (Mikita) - P-147 (Premium Card Collection -Live Action Edition Vol.2 Baroque Works-),MissValentine Mikita P 147 Premium Card Collection Live Action Edition Vol2 Baroque Works,https://tcgplayer-cdn.tcgplayer.com/product/690668_200w.jpg,68,17675,https://cpt.tcgcsv.com/nhx7,2026-04-17T19:52:07.477,1,PR,P-147,"If there is a Character with a cost of 0 or with a cost of 8 or more, this Character-gains +2000 power.
<br>[On K.O.] Add up to 1 Character card with a type including ""Baroque Works"" from your trash to your hand.",Black,Character,3,3000,Baroque Works,Strike,,,,,,,1000,
690669,Monkey.D.Luffy - P-140 (Premium Card Collection -Live Action Edition Vol.2 Straw Hat Crew-),MonkeyDLuffy P 140 Premium Card Collection Live Action Edition Vol2 Straw Hat Crew,https://tcgplayer-cdn.tcgplayer.com/product/690669_200w.jpg,68,17675,https://cpt.tcgcsv.com/phx7,2026-04-17T20:24:00.463,1,PR,P-140,"[Blocker] <em>(After your opponent declares an attack, you may rest this card to make it the new target of the attack.)</em>
<br>[On Play] Give up to 2 rested DON!! cards to your Leader or 1 of your Characters.",Red,Character,7,8000,Straw Hat Crew,Strike,,,,,,,,
690670,Roronoa Zoro - P-141 (Premium Card Collection -Live Action Edition Vol.2 Straw Hat Crew-),Roronoa Zoro P 141 Premium Card Collection Live Action Edition Vol2 Straw Hat Crew,https://tcgplayer-cdn.tcgplayer.com/product/690670_200w.jpg,68,17675,https://cpt.tcgcsv.com/qhx7,2026-04-17T20:24:21.48,1,PR,P-141,"[Rush] <em>(This card can attack on the turn in which it is played.)</em>
<br>[On Play] Give up to 1 of your opponent's Leader or Characters -1000 power during this turn.",Red,Character,7,6000,Straw Hat Crew,Slash,,,,,,,1000,
690671,Nami - P-139 (Premium Card Collection -Live Action Edition Vol.2 Straw Hat Crew-),Nami P 139 Premium Card Collection Live Action Edition Vol2 Straw Hat Crew,https://tcgplayer-cdn.tcgplayer.com/product/690671_200w.jpg,68,17675,https://cpt.tcgcsv.com/rhx7,2026-04-17T20:23:48.77,1,PR,P-139,"[On Play] Give up to 1 rested DON!! card to your Leader or 1 of your Characters.
<br>[DON!!×1] [When Attacking] Draw 1 card.",Red,Character,5,6000,Straw Hat Crew,Wisdom,,,,,,,1000,
690672,Usopp - P-136 (Premium Card Collection -Live Action Edition Vol.2 Straw Hat Crew-),Usopp P 136 Premium Card Collection Live Action Edition Vol2 Straw Hat Crew,https://tcgplayer-cdn.tcgplayer.com/product/690672_200w.jpg,68,17675,https://cpt.tcgcsv.com/shx7,2026-04-17T20:22:30.35,1,PR,P-136,[Activate:Main] Give up to 1 rested DON!! card to 1 of your {Land of Wano} type Leader or Character cards.,Red,Character,1,2000,Straw Hat Crew,Ranged,,,,,,,2000,
690673,Sanji - P-137 (Premium Card Collection -Live Action Edition Vol.2 Straw Hat Crew-),Sanji P 137 Premium Card Collection Live Action Edition Vol2 Straw Hat Crew,https://tcgplayer-cdn.tcgplayer.com/product/690673_200w.jpg,68,17675,https://cpt.tcgcsv.com/thx7,2026-04-17T20:22:42.363,1,PR,P-137,"[Double Attack] <em>(This card deals 2 damage.)</em>
<br>[When Attacking] Give up to 1 rested DON!! card to your Leader or 1 of your Characters.",Red,Character,6,7000,Straw Hat Crew,Strike,,,,,,,1000,
690674,Tony Tony.Chopper - P-138 (Premium Card Collection -Live Action Edition Vol.2 Straw Hat Crew-),Tony TonyChopper P 138 Premium Card Collection Live Action Edition Vol2 Straw Hat Crew,https://tcgplayer-cdn.tcgplayer.com/product/690674_200w.jpg,68,17675,https://cpt.tcgcsv.com/vhx7,2026-04-17T20:23:37.57,1,PR,P-138,[Opponent's Turn] This Character gains +2000 power.,Red,Character,3,4000,Animal;Straw Hat Crew,Strike,,,,,,,1000,
690675,Merry Go - P-142 (Premium Card Collection -Live Action Edition Vol.2 Straw Hat Crew-),Merry Go P 142 Premium Card Collection Live Action Edition Vol2 Straw Hat Crew,https://tcgplayer-cdn.tcgplayer.com/product/690675_200w.jpg,68,17675,https://cpt.tcgcsv.com/whx7,2026-04-17T20:25:54.667,1,PR,P-142,"If your {Straw Hat Crew} type Character with 8000 base If your Straw Hat Crew power or less would be K.O.'d, you may trash this Stage instead.",Red,Stage,1,,Straw Hat Crew,,,,,,,,,
692129,Portgas.D.Ace (Pirates Party 2026 Vol. 1),PortgasDAce Pirates Party 2026 Vol 1,https://tcgplayer-cdn.tcgplayer.com/product/692129_200w.jpg,68,17675,https://cpt.tcgcsv.com/CSx7,2026-05-04T19:58:59.993,1,PR,P-119,,Red,Character,4,6000,Whitebeard Pirates,Special,0.5,2.99,14.9,1.13,,Normal,1000,
692132,DON!! Card (Elbaph Luffy),DON Card Elbaph Luffy,https://tcgplayer-cdn.tcgplayer.com/product/692132_200w.jpg,68,17675,https://cpt.tcgcsv.com/GSx7,2026-08-03T15:49:50.003,1,PR,,Your Turn +1000,,DON!!,,,,,400.0,400.0,400.0,,,Foil,,
692133,Nami (Treasure Cup May 2026),Nami Treasure Cup May 2026,https://tcgplayer-cdn.tcgplayer.com/product/692133_200w.jpg,68,17675,https://cpt.tcgcsv.com/HSx7,2026-05-18T19:00:47.173,1,SR,OP14-031,"[Blocker]
<br>[On Play] Rest up to 2 of your opponent's Characters with a cost of 8 or less. Then, set up to 5 of your DON!! cards as active at the end of this turn.",Green,Character,4,2000,FILM;Straw Hat Crew,Special,2499.0,3500.0,4500.0,,,Foil,,
692134,Jewelry Bonney (Treasure Cup May 2026),Jewelry Bonney Treasure Cup May 2026,https://tcgplayer-cdn.tcgplayer.com/product/692134_200w.jpg,68,17675,https://cpt.tcgcsv.com/JSx7,2026-05-18T19:00:38.257,1,SR,OP13-108,"[On Play] If your Leader has the ""Egghead"" type, this Character gains [Rush] during this turn. Then, your opponent adds 1 card from the top of their Life cards to their hand.<br>
[Trigger] If you have 1 or less Life cards, rest up to 1 of your opponent's Characters with a cost of 7 or less.",Yellow,Character,9,10000,Bonney Pirates;Egghead,Special,2048.73,2100.0,3000.0,,,Foil,,
692135,Enel (Treasure Cup May 2026),Enel Treasure Cup May 2026,https://tcgplayer-cdn.tcgplayer.com/product/692135_200w.jpg,68,17675,https://cpt.tcgcsv.com/KSx7,2026-05-18T19:00:31.583,1,SR,OP15-060,"If you have 6 or less DON!! cards on your field, this Character cannot be removed from the field by your opponent's effects and gains +2000 power.<br>
[Activate: Main] <strong>DON!! 1:</strong> This Character gains [Blocker] until the end of your opponent's next End Phase. Then, trash 1 card from your hand.",Purple,Character,6,8000,Sky Island,Special,4999.99,5500.0,6000.0,,,Foil,,
692136,Perona (Extra Grand Battle for Stores 2026),Perona Extra Grand Battle for Stores 2026,https://tcgplayer-cdn.tcgplayer.com/product/692136_200w.jpg,68,17675,https://cpt.tcgcsv.com/LSx7,2026-05-15T15:34:52.783,1,SR,OP14-033,"[On Play] Up to 2 of your opponent's Characters with a cost of 5 or less cannot be rested until the end of your opponent's next End Phase.
<br>[On K.O.] <strong>You may rest 1 of your cards:</strong> Play up to 1 green Character card with a cost of 5 or less from your hand.",Green,Character,5,6000,Thriller Bark Pirates;Muggy Kingdom,Special,385.39,400.0,999.99,358.62,,Foil,1000,
692137,Yamato (Serial Numbered),Yamato Serial Numbered,https://tcgplayer-cdn.tcgplayer.com/product/692137_200w.jpg,68,17675,https://cpt.tcgcsv.com/MSx7,2026-05-15T15:34:59.513,1,SR,EB02-006,"[Activate: Main] [Once Per Turn] If your Leader has the ""Land of Wano"" type or is [Portgas.D.Ace], give up to 1 rested DON!! card to 1 of your Leader. Then, this Character gains [Rush] during this turn.",Red,Character,6,7000,Land of Wano,Strike,4250.0,40000.0,50000.0,4250.0,,Foil,,
693117,Sanji (Welcome Pack 2026 Vol.1),Sanji Welcome Pack 2026 Vol1,https://tcgplayer-cdn.tcgplayer.com/product/693117_200w.jpg,68,17675,https://cpt.tcgcsv.com/mgz7,2026-05-04T20:58:48.647,1,C,ST21-003,"[On Play] Select up to 1 of your {Straw Hat Crew} type Characters with 6000 power or more. If the selected Character attacks during this turn, your opponent cannot activate [Blocker].",Red,Character,2,3000,Straw Hat Crew,Strike,1.88,2.5,13.74,2.24,,Normal,2000,
693118,Nami (Welcome Pack 2026 Vol.1),Nami Welcome Pack 2026 Vol1,https://tcgplayer-cdn.tcgplayer.com/product/693118_200w.jpg,68,17675,https://cpt.tcgcsv.com/ngz7,2026-05-04T20:56:29.617,1,R,PRB02-012,"[On Play] Look at 5 cards from the top of your deck; reveal up to 1 ""Straw Hat Crew"" type card other than [Nami] and add it to your hand. Then, place the rest at the bottom of your deck in any order.
<br>[Trigger] Play this card.",Purple,Character,2,2000,Straw Hat Crew,Special,13.99,22.36,100.0,15.41,,Normal,1000,
693119,Roronoa Zoro (Welcome Pack 2026 Vol.1),Roronoa Zoro Welcome Pack 2026 Vol1,https://tcgplayer-cdn.tcgplayer.com/product/693119_200w.jpg,68,17675,https://cpt.tcgcsv.com/pgz7,2026-05-04T20:57:37.073,1,R,PRB02-006,"[Opponent's Turn] If this Character would be rested by your opponent's Character's effect, you may rest 1 of your other Characters instead.
<br>[Blocker]",Green,Character,4,4000,Straw Hat Crew;Supernovas,Slash,8.99,14.53,100.0,11.26,,Normal,2000,
693120,Otama (Welcome Pack 2026 Vol.1),Otama Welcome Pack 2026 Vol1,https://tcgplayer-cdn.tcgplayer.com/product/693120_200w.jpg,68,17675,https://cpt.tcgcsv.com/qgz7,2026-05-04T20:57:05.007,1,R,OP13-043,"[On Play] If you have 3 or less Life cards, draw 2 cards and trash 1 card from your hand.",Blue,Character,1,,Land of Wano,Special,0.89,2.2,80.0,1.46,,Normal,2000,
693121,Koala (Welcome Pack 2026 Vol.1),Koala Welcome Pack 2026 Vol1,https://tcgplayer-cdn.tcgplayer.com/product/693121_200w.jpg,68,17675,https://cpt.tcgcsv.com/rgz7,2026-05-04T20:50:46.597,1,R,OP12-086,"[On Play] If your Leader has the ""Revolutionary Army"" type, look at 3 cards from the top of your deck; reveal up to 1 ""Revolutionary Army"" type card other than [Koala] or up to 1 [Nico Robin] and add it to your hand. Then, trash the rest.",Black,Character,1,2000,Revolutionary Army;Dressrosa,Strike,0.49,1.23,15.0,1.1,,Normal,1000,
693122,Monkey.D.Luffy (Welcome Pack 2026 Vol.1),MonkeyDLuffy Welcome Pack 2026 Vol1,https://tcgplayer-cdn.tcgplayer.com/product/693122_200w.jpg,68,17675,https://cpt.tcgcsv.com/sgz7,2026-05-04T20:54:26.033,1,R,OP10-111,"[On Play] Look at 5 cards from the top of your deck; reveal up to 1 ""Supernovas"" type card other than [Monkey.D.Luffy] and add it to your hand. Then, place the rest at the bottom of your deck in any order.",Yellow,Character,1,2000,Straw Hat Crew;Supernovas,Strike,10.0,19.42,150.0,13.34,,Normal,1000,
693163,DON!! Card (Judge Promo),DON Card Judge Promo,https://tcgplayer-cdn.tcgplayer.com/product/693163_200w.jpg,68,17675,https://cpt.tcgcsv.com/hhz7,2026-05-06T17:43:12,1,DON!!,,Your Turn +1000,,DON!!,,,,,179.4,181.45,189.97,177.57,,Foil,,
694713,Monkey.D.Luffy (Official Playmat Limited Edition Vol.5),MonkeyDLuffy Official Playmat Limited Edition Vol5,https://tcgplayer-cdn.tcgplayer.com/product/694713_200w.jpg,68,17675,https://cpt.tcgcsv.com/hVz7,2026-07-03T04:10:21.877,1,L,EB02-010,"[Activate: Main] [Once Per Turn] <strong>DON!! 2:</strong> If the only Characters on your field are ""Straw Hat Crew"" type Characters, set up to 2 of your DON!! cards as active. Then, this Leader gains +1000 power until the end of your opponent's next turn.",Green;Purple,Leader,,5000,Straw Hat Crew,Strike,738.67,749.9,2650.0,767.74,,Foil,,4
694721,One Piece Card Game Illustration Box Vol. 7,One Piece Card Game Illustration Box Vol 7,https://tcgplayer-cdn.tcgplayer.com/product/694721_200w.jpg,68,17675,https://cpt.tcgcsv.com/rVz7,2026-07-31T04:10:26.17,1,,,,,,,,,,43.39,51.96,200.0,47.6,,Normal,,
694722,One Piece Card Game Illustration Box Vol. 8,One Piece Card Game Illustration Box Vol 8,https://tcgplayer-cdn.tcgplayer.com/product/694722_200w.jpg,68,17675,https://cpt.tcgcsv.com/sVz7,2026-07-31T04:10:26.17,1,,,,,,,,,,35.5,52.99,200.0,42.74,,Normal,,
694874,Premium Card Collection -Best Selection Vol. 6-,Premium Card Collection Best Selection Vol 6,https://tcgplayer-cdn.tcgplayer.com/product/694874_200w.jpg,68,17675,https://cpt.tcgcsv.com/vZz7,2026-07-14T04:10:14.373,1,,,,,,,,,,79.0,117.5,200.0,87.04,,Normal,,
694875,Ice Time (Premium Card Collection -Best Selection Vol. 6-),Ice Time Premium Card Collection Best Selection Vol 6,https://tcgplayer-cdn.tcgplayer.com/product/694875_200w.jpg,68,17675,https://cpt.tcgcsv.com/wZz7,2026-07-14T04:10:14.373,1,R,EB04-028,"[Main] <strong>You may trash 1 card from your hand:</strong> If your Leader has the {Navy} type, up to 2 of your opponent's Characters with 10000 power or less cannot attack until the end of your opponent's next End Phase.<br>
<br>[Trigger] Return up to 1 Character with a cost of 5 or less to the owner's hand.",Blue,Event,5,,Navy,,13.0,15.46,100.0,14.03,,Foil,,
694876,Scratchmen Apoo (Premium Card Collection -Best Selection Vol. 6-),Scratchmen Apoo Premium Card Collection Best Selection Vol 6,https://tcgplayer-cdn.tcgplayer.com/product/694876_200w.jpg,68,17675,https://cpt.tcgcsv.com/xZz7,2026-07-14T04:10:14.373,1,C,OP10-108,"If you have a yellow ""Supernovas"" type Character other than [Scratchmen Apoo], this Character gains [Blocker].",Yellow,Character,1,1000,On-Air Pirates;Supernovas,Ranged,1.0,2.29,100.0,1.68,,Foil,1000,
694877,Roronoa Zoro (Premium Card Collection -Best Selection Vol. 6-),Roronoa Zoro Premium Card Collection Best Selection Vol 6,https://tcgplayer-cdn.tcgplayer.com/product/694877_200w.jpg,68,17675,https://cpt.tcgcsv.com/zZz7,2026-07-14T04:10:14.373,1,R,OP13-037,"[On Play] If your Leader has the ""FILM"" or ""Straw Hat Crew"" type, set up to 2 of your DON!! cards as active.<br>
[End of Your Turn] Set this Character as active.",Green,Character,4,5000,FILM;Straw Hat Crew;Supernovas,Slash,24.6,31.26,80.0,25.82,,Foil,1000,
694878,Otama (Premium Card Collection -Best Selection Vol. 6-),Otama Premium Card Collection Best Selection Vol 6,https://tcgplayer-cdn.tcgplayer.com/product/694878_200w.jpg,68,17675,https://cpt.tcgcsv.com/BZz7,2026-07-14T04:10:14.373,1,R,OP13-043,"[On Play] If you have 3 or less Life cards, draw 2 cards and trash 1 card from your hand.",Blue,Character,1,,Land of Wano,Special,5.39,10.25,100.0,9.11,,Foil,2000,
694879,Buggy (Premium Card Collection -Best Selection Vol. 6-),Buggy Premium Card Collection Best Selection Vol 6,https://tcgplayer-cdn.tcgplayer.com/product/694879_200w.jpg,68,17675,https://cpt.tcgcsv.com/CZz7,2026-07-14T04:10:14.373,1,R,OP13-072,"[On Play] If your Leader's type includes ""Roger Pirates"" and you have any DON!! cards given, add up to 1 DON!! card from your DON!! deck and rest it.",Purple,Character,2,2000,Roger Pirates,Slash,7.5,10.0,499.99,9.82,,Foil,2000,
694880,Saint Mjosgard (Premium Card Collection -Best Selection Vol. 6-),Saint Mjosgard Premium Card Collection Best Selection Vol 6,https://tcgplayer-cdn.tcgplayer.com/product/694880_200w.jpg,68,17675,https://cpt.tcgcsv.com/DZz7,2026-07-14T04:10:14.373,1,C,OP13-092,"[On Play] If you have 3 or less Life cards, play up to 1 ""Mary Geoise"" type Stage card with a cost of 1 from your trash.",Black,Character,2,,Celestial Dragons,Wisdom,4.0,6.0,100.0,5.32,,Foil,2000,
694881,"Eustass""Captain""Kid (Premium Card Collection -Best Selection Vol. 6-)",EustassCaptainKid Premium Card Collection Best Selection Vol 6,https://tcgplayer-cdn.tcgplayer.com/product/694881_200w.jpg,68,17675,https://cpt.tcgcsv.com/FZz7,2026-07-14T04:10:14.373,1,R,OP14-014,"[Blocker]<br>
[On Play] If your Leader has the {Supernovas} type, play up to 1 red Character card with 2000 power or less from your hand.",Red,Character,4,5000,Kid Pirates;Supernovas,Special,1.0,2.59,100.0,1.46,,Foil,1000,
694882,For Fun (Premium Card Collection -Best Selection Vol. 6-),For Fun Premium Card Collection Best Selection Vol 6,https://tcgplayer-cdn.tcgplayer.com/product/694882_200w.jpg,68,17675,https://cpt.tcgcsv.com/GZz7,2026-07-14T04:10:14.373,1,R,OP14-037,"[Main] <strong>You may rest 3 of your cards:</strong> K.O. up to 1 of your opponent's rested Characters with 7000 base power or less.<br>
[Counter] Your Leader gains +3000 power during this battle.",Green,Event,1,,The Seven Warlords of the Sea;East Blue,,3.0,7.37,100.0,3.8,,Foil,,
694883,Disappointed? (Premium Card Collection -Best Selection Vol. 6-),Disappointed Premium Card Collection Best Selection Vol 6,https://tcgplayer-cdn.tcgplayer.com/product/694883_200w.jpg,68,17675,https://cpt.tcgcsv.com/HZz7,2026-07-14T04:10:14.373,1,UC,OP14-099,"[Main] Look at 3 cards from the top of your deck; reveal up to 1 card with a type including ""Baroque Works"" other than [Disappointed?] and add it to your hand. Then, trash the rest.<br>
[Trigger] Activate this card's [Main] effect.",Black,Event,1,,Baroque Works;The Seven Warlords of the Sea,,9.0,12.49,499.99,9.4,,Foil,,
694884,El Thor (Premium Card Collection -Best Selection Vol. 6-),El Thor Premium Card Collection Best Selection Vol 6,https://tcgplayer-cdn.tcgplayer.com/product/694884_200w.jpg,68,17675,https://cpt.tcgcsv.com/JZz7,2026-07-14T04:10:14.373,1,UC,OP15-075,"[Main] <strong>DON!! 1:</strong> If your Leader is [Enel], up to 1 of your Leader or Character cards gains +1000 power during this turn. Then, K.O. up to 1 of your opponent's Characters with 3000 power or less.<br>
[Counter] Up to 1 of your [Enel] cards gains +2000 power during this battle.",Purple,Event,0,,Sky Island,,14.49,19.01,100.0,18.87,,Foil,,
694885,Nami (Premium Card Collection -Best Selection Vol. 6-),Nami Premium Card Collection Best Selection Vol 6,https://tcgplayer-cdn.tcgplayer.com/product/694885_200w.jpg,68,17675,https://cpt.tcgcsv.com/KZz7,2026-07-14T04:10:14.373,1,R,OP15-108,"[On Play] Look at 3 cards from the top of your deck; reveal up to 1 {Sky Island} type card and add it to your hand. Then, place the rest at the bottom of your deck in any order.",Yellow,Character,1,2000,Straw Hat Crew;Sky Island,Special,34.0,40.48,99.99,38.72,,Foil,2000,
694886,Sanji (Premium Card Collection -Best Selection Vol. 6-),Sanji Premium Card Collection Best Selection Vol 6,https://tcgplayer-cdn.tcgplayer.com/product/694886_200w.jpg,68,17675,https://cpt.tcgcsv.com/LZz7,2026-07-14T04:10:14.373,1,C,ST21-003,"[On Play] Select up to 1 of your {Straw Hat Crew} type Characters with 6000 power or more. If the selected Character attacks during this turn, your opponent cannot activate [Blocker].",Red,Character,2,3000,Straw Hat Crew,Strike,11.76,15.0,100.0,12.95,,Foil,2000,
695310,Monkey.D.Luffy (Certificate of our crew) (Oversized),MonkeyDLuffy Certificate of our crew Oversized,https://tcgplayer-cdn.tcgplayer.com/product/695310_200w.jpg,68,17675,https://cpt.tcgcsv.com/d8B7,2026-05-24T16:46:42.013,1,PR,1/1000,,Red,,,,,,3000.0,3999.5,4999.0,,,Normal,,
696119,Monkey.D.Luffy - OP13-001 (Ichiban Kuji Exclusive),MonkeyDLuffy OP13 001 Ichiban Kuji Exclusive,https://tcgplayer-cdn.tcgplayer.com/product/696119_200w.jpg,68,17675,https://cpt.tcgcsv.com/psB7,2026-05-31T20:47:42.147,1,L,OP13-001,"[DON!! x1] [On Your Opponent's Attack] If you have 5 or less active DON!! cards, you may rest any number of your DON!! cards. For every DON!! card rested this way, this Leader or up to 1 of your ""Straw Hat Crew"" type Characters gains +2000 power during this battle.",Green;Red,Leader,,5000,Straw Hat Crew;Supernovas,Strike,175.0,221.5,500.0,219.47,,Normal,,4
696699,DON!! Card (LA Dodgers 2026 Promo),DON Card LA Dodgers 2026 Promo,https://tcgplayer-cdn.tcgplayer.com/product/696699_200w.jpg,68,17675,https://cpt.tcgcsv.com/_HB7,2026-07-06T14:12:09.303,1,DON!!,,Your Turn +1000,,DON!!,,,,,849.98,998.98,2000.0,850.0,,Foil,,
696826,Store Championship 2023 Participation Pack Vol.1,Store Championship 2023 Participation Pack Vol1,https://tcgplayer-cdn.tcgplayer.com/product/696826_200w.jpg,68,17675,https://cpt.tcgcsv.com/xLB7,2026-06-06T20:28:53.583,1,,,,,,,,,,79.99,79.99,79.99,,,Normal,,
697483,Monkey.D.Luffy (OP16 Release Event),MonkeyDLuffy OP16 Release Event,https://tcgplayer-cdn.tcgplayer.com/product/697483_200w.jpg,68,17675,https://cpt.tcgcsv.com/H_B7,2026-06-09T13:33:24.56,1,PR,P-135,"[Blocker] <em>(After your opponent declares an attack, you may rest this card to make it the new target of the attack.)</em>
<br>[On Play] Rest up to 1 of your opponent's Characters with a cost of 5 or less.",Green,Character,5,5000,Straw Hat Crew,Strike,2.75,3.99,25.0,3.5,,Normal,1000,
697484,Monkey.D.Luffy (OP16 Release Event Winner),MonkeyDLuffy OP16 Release Event Winner,https://tcgplayer-cdn.tcgplayer.com/product/697484_200w.jpg,68,17675,https://cpt.tcgcsv.com/J_B7,2026-06-09T13:33:11.333,1,PR,P-135,"[Blocker] <em>(After your opponent declares an attack, you may rest this card to make it the new target of the attack.)</em>
<br>[On Play] Rest up to 1 of your opponent's Characters with a cost of 5 or less.",,Character,5,5000,,,200.0,335.0,750.0,292.03,,Foil,1000,
700808,Seven Warlords of the Sea Binder Set (Bundle),Seven Warlords of the Sea Binder Set Bundle,https://tcgplayer-cdn.tcgplayer.com/product/700808_200w.jpg,68,17675,https://cpt.tcgcsv.com/blD7,2026-06-15T14:08:22.88,1,,,,,,,,,,354.2,405.0,999.99,354.2,,Normal,,
702306,DON!! Card (Elbaph Luffy) (May Treasure Cup 2026),DON Card Elbaph Luffy May Treasure Cup 2026,https://tcgplayer-cdn.tcgplayer.com/product/702306_200w.jpg,68,17675,https://cpt.tcgcsv.com/8XD7,2026-06-22T15:54:49.467,1,DON!!,,Your Turn +1000,,DON!!,,,,,172.3,210.0,388.0,249.2,,Normal,,
707242,Nami (Round 1 Promo),Nami Round 1 Promo,https://tcgplayer-cdn.tcgplayer.com/product/707242_200w.jpg,68,17675,https://cpt.tcgcsv.com/SVG7,2026-07-21T15:46:11.167,0,C,ST29-008,"If your {Egghead} type Character would be K.O.'d by your opponent's effect, you may turn 1 card from the top of your Life cards face-up instead.
<br>[Trigger] If your Leader is [Monkey.D.Luffy], play this card.",Yellow,Character,3,1000,Straw Hat Crew;Egghead,Special,112.0,143.0,600.0,143.08,,Foil,1000,
707246,Sanji (Round 1 Promo),Sanji Round 1 Promo,https://tcgplayer-cdn.tcgplayer.com/product/707246_200w.jpg,68,17675,https://cpt.tcgcsv.com/XVG7,2026-07-21T15:50:09.99,0,R,OP15-047,"[Blocker] <em>(After your opponent declares an attack, you may rest this card to make it the new target of the attack.)</em><br>
[On Play] Up to 1 of your Characters gains [Unblockable] during this turn.<br>
<em>(This card cannot be blocked.)</em>",Blue,Character,3,4000,Straw Hat Crew;Dressrosa,Strike,59.99,85.86,250.0,105.22,,Foil,1000,
707248,Monkey.D.Luffy (Round 1 Promo),MonkeyDLuffy Round 1 Promo,https://tcgplayer-cdn.tcgplayer.com/product/707248_200w.jpg,68,17675,https://cpt.tcgcsv.com/-VG7,2026-07-21T16:02:40.713,0,R,OP16-095,"[On Play] Up to 1 of your black {Land of Wano} type Characters gains [Unblockable] during this turn.<br>
<em>(This card cannot be blocked.)</em>",Black,Character,2,2000,Land of Wano;Straw Hat Crew,Strike,214.5,452.75,2000.0,431.5,,Foil,2000,
707249,Nico Robin (Round 1 Promo),Nico Robin Round 1 Promo,https://tcgplayer-cdn.tcgplayer.com/product/707249_200w.jpg,68,17675,https://cpt.tcgcsv.com/_VG7,2026-07-21T16:07:07.353,0,C,EB03-054,"[On Play] <strong>You may trash 1 card from the top of your Life cards:</strong> Add up to 1 card from the top of your deck to the top of your Life cards.<br>
[Trigger] You may trash 1 card from your hand: Play this card.",Yellow,Character,3,5000,Straw Hat Crew,Strike,78.0,145.0,480.0,115.04,,Foil,,
707251,Brook (Round 1 Promo),Brook Round 1 Promo,https://tcgplayer-cdn.tcgplayer.com/product/707251_200w.jpg,68,17675,https://cpt.tcgcsv.com/2WG7,2026-07-21T16:08:54.693,0,R,OP11-056,"[Blocker] <em>(After your opponent declares an attack, you may rest this card to make it the new target of the attack.)</em><br>
[On Play] Place up to 1 Character with a base cost of 1 at the bottom of the owner's deck.",Blue,Character,3,4000,Straw Hat Crew,Slash,39.82,63.98,180.0,75.17,,Foil,1000,
707252,Roronoa Zoro (Round 1 Promo),Roronoa Zoro Round 1 Promo,https://tcgplayer-cdn.tcgplayer.com/product/707252_200w.jpg,68,17675,https://cpt.tcgcsv.com/3WG7,2026-07-21T16:11:43.72,0,R,PRB02-006,"[Opponent's Turn] If this Character would be rested by your opponent's Character's effect, you may rest 1 of your other Characters instead.
<br>[Blocker]",Green,Character,4,4000,Straw Hat Crew;Supernovas,Slash,119.0,184.5,600.0,180.39,,Foil,2000,
707254,Tony Tony.Chopper (Round 1 Promo),Tony TonyChopper Round 1 Promo,https://tcgplayer-cdn.tcgplayer.com/product/707254_200w.jpg,68,17675,https://cpt.tcgcsv.com/6WG7,2026-07-21T16:34:03.263,0,UC,OP09-068,"[End of Your Turn] <strong>You may return 1 or more DON!! cards from your field to your DON!! deck</strong>: Set this Character as active. Then, this Character gains [Blocker] until the end of your opponent's next turn.",Purple,Character,5,6000,Animal;Straw Hat Crew,Strike,97.3,178.83,500.0,150.93,,Foil,1000,
707256,Usopp (Round 1 Promo),Usopp Round 1 Promo,https://tcgplayer-cdn.tcgplayer.com/product/707256_200w.jpg,68,17675,https://cpt.tcgcsv.com/8WG7,2026-07-21T16:28:22.247,0,UC,OP11-003,,Red,Character,5,6000,Straw Hat Crew,Ranged,24.5,40.44,160.0,35.53,,Foil,2000,
707257,Jinbe (Round 1 Promo),Jinbe Round 1 Promo,https://tcgplayer-cdn.tcgplayer.com/product/707257_200w.jpg,68,17675,https://cpt.tcgcsv.com/9WG7,2026-07-21T16:30:01.667,0,C,ST29-005,"[Trigger] If your Leader is [Monkey.D.Luffy], play this card.",Yellow,Character,6,5000,Fish-Man;Straw Hat Crew;Egghead,Strike,17.99,36.53,150.0,28.88,,Foil,,
707258,Franky (Round 1 Promo),Franky Round 1 Promo,https://tcgplayer-cdn.tcgplayer.com/product/707258_200w.jpg,68,17675,https://cpt.tcgcsv.com/bWG7,2026-07-21T16:32:28.797,0,C,ST21-011,[DON!! x2] [Opponent's Turn] All of your {Straw Hat Crew} type Characters with 4000 base power or less gain +1000 power.,Red,Character,3,4000,Straw Hat Crew,Strike,25.0,44.33,150.0,40.18,,Foil,1000,
708202,Round 1 Promotion Pack,Round 1 Promotion Pack,https://tcgplayer-cdn.tcgplayer.com/product/708202_200w.jpg,68,17675,https://cpt.tcgcsv.com/3jH7,2026-07-27T15:48:34.4,1,,,,,,,,,,44.0,87.5,300.0,78.85,,Normal,,
708448,Chaka & Pell (Tournament Pack 2026 Vol. 3),Chaka and Pell Tournament Pack 2026 Vol 3,https://tcgplayer-cdn.tcgplayer.com/product/708448_200w.jpg,68,17675,https://cpt.tcgcsv.com/-nH7,2026-07-28T14:12:11.827,1,R,EB04-023,"[Double Attack] <em>(This card deals 2 damage.)</em>
<br>[On Play] <strong>You may give your active Leader -5000 power during this turn:</strong> Draw 2 cards.",Blue,Character,8,9000,Alabasta,Slash,0.5,1.5,8.75,,,Normal,,
708449,Chaka & Pell (Winner Pack 2026 Vol. 3),Chaka and Pell Winner Pack 2026 Vol 3,https://tcgplayer-cdn.tcgplayer.com/product/708449_200w.jpg,68,17675,https://cpt.tcgcsv.com/_nH7,2026-07-28T14:11:47.42,1,R,EB04-023,"[Double Attack] <em>(This card deals 2 damage.)</em>
<br>[On Play] <strong>You may give your active Leader -5000 power during this turn:</strong> Draw 2 cards.",Blue,Character,8,9000,Alabasta,Slash,4.0,7.4,20.0,5.15,,Foil,,
708450,Kikunojo (Tournament Pack 2026 Vol. 3),Kikunojo Tournament Pack 2026 Vol 3,https://tcgplayer-cdn.tcgplayer.com/product/708450_200w.jpg,68,17675,https://cpt.tcgcsv.com/0pH7,2026-07-28T14:11:18.96,1,R,OP14-023,[End of Your Turn] Set this Character as active.,Green,Character,1,2000,Land of Wano;The Akazaya Nine,Slash,2.5,3.32,20.0,3.54,,Normal,2000,
708451,Kikunojo (Winner Pack 2026 Vol. 3),Kikunojo Winner Pack 2026 Vol 3,https://tcgplayer-cdn.tcgplayer.com/product/708451_200w.jpg,68,17675,https://cpt.tcgcsv.com/2pH7,2026-07-28T14:09:04.333,1,R,OP14-023,[End of Your Turn] Set this Character as active.,Green,Character,1,2000,Land of Wano;The Akazaya Nine,Slash,19.0,23.0,41.49,23.33,,Foil,2000,
708452,Miss.Valentine(Mikita) (Tournament Pack 2026 Vol. 3),MissValentineMikita Tournament Pack 2026 Vol 3,https://tcgplayer-cdn.tcgplayer.com/product/708452_200w.jpg,68,17675,https://cpt.tcgcsv.com/3pH7,2026-07-28T14:08:39.93,1,R,OP14-087,"[On Play] If your Leader's type includes ""Baroque Works"", look at 4 cards from the top of your deck; reveal up to 1 card with a type including ""Baroque Works"" other than [Miss.Valentine(Mikita)] and add it to your hand. Then, trash the rest.",Black,Character,1,2000,Baroque Works,Strike,1.0,2.9,7.62,3.18,,Normal,1000,
708453,Miss.Valentine(Mikita) (Winner Pack 2026 Vol. 3),MissValentineMikita Winner Pack 2026 Vol 3,https://tcgplayer-cdn.tcgplayer.com/product/708453_200w.jpg,68,17675,https://cpt.tcgcsv.com/5pH7,2026-07-28T14:07:55.86,1,R,OP14-087,"[On Play] If your Leader's type includes ""Baroque Works"", look at 4 cards from the top of your deck; reveal up to 1 card with a type including ""Baroque Works"" other than [Miss.Valentine(Mikita)] and add it to your hand. Then, trash the rest.",Black,Character,1,2000,Baroque Works,Strike,6.0,10.58,40.0,10.94,,Foil,1000,
708457,Gorgon Sisters (Tournament Pack 2026 Vol. 3),Gorgon Sisters Tournament Pack 2026 Vol 3,https://tcgplayer-cdn.tcgplayer.com/product/708457_200w.jpg,68,17675,https://cpt.tcgcsv.com/9pH7,2026-07-28T14:07:38.633,1,UC,OP14-105,"[Activate: Main] [Once Per Turn] You may reveal 3 {Amazon Lily} or {Kuja Pirates} type cards from your hand: Give your Leader and all of your Characters up to 1 rested DON!! card each.<br>
[Trigger] If your Leader has the {Kuja Pirates} type, play this card.",Yellow,Character,6,5000,Kuja Pirates;The Seven Warlords of the Sea,Slash;Special,1.0,1.98,40.0,1.97,,Normal,2000,
708459,Gorgon Sisters (Winner Pack 2026 Vol. 3),Gorgon Sisters Winner Pack 2026 Vol 3,https://tcgplayer-cdn.tcgplayer.com/product/708459_200w.jpg,68,17675,https://cpt.tcgcsv.com/cpH7,2026-07-28T14:07:23.51,1,UC,OP14-105,"[Activate: Main] [Once Per Turn] You may reveal 3 {Amazon Lily} or {Kuja Pirates} type cards from your hand: Give your Leader and all of your Characters up to 1 rested DON!! card each.<br>
[Trigger] If your Leader has the {Kuja Pirates} type, play this card.",Yellow,Character,6,5000,Kuja Pirates;The Seven Warlords of the Sea,Slash;Special,50.98,59.99,140.0,52.93,,Foil,2000,
708460,Tournament Pack 2026 Vol. 3,Tournament Pack 2026 Vol 3,https://tcgplayer-cdn.tcgplayer.com/product/708460_200w.jpg,68,17675,https://cpt.tcgcsv.com/dpH7,2026-07-28T14:22:11.577,1,,,,,,,,,,2.0,2.5,2.99,1.83,,Normal,,
708461,Winner Pack 2026 Vol. 3,Winner Pack 2026 Vol 3,https://tcgplayer-cdn.tcgplayer.com/product/708461_200w.jpg,68,17675,https://cpt.tcgcsv.com/fpH7,2026-07-28T14:02:05.727,1,,,,,,,,,,49.45,50.0,59.44,50.0,,Normal,,
709091,Killer (One Piece Card Game Illustration Box Vol. 8),Killer One Piece Card Game Illustration Box Vol 8,https://tcgplayer-cdn.tcgplayer.com/product/709091_200w.jpg,68,17675,https://cpt.tcgcsv.com/RFH7,2026-07-30T17:43:48.383,1,C,OP14-005,[Activate: Main] [Once Per Turn] Give up to 1 rested DON!! card to your Leader or 1 of your Characters.,Red,Character,1,1000,Kid Pirates;Supernovas,Slash,1.89,2.61,9.99,2.52,,Foil,1000,
709093,"Eustass""Captain""Kid (One Piece Card Game Illustration Box Vol. 8)",EustassCaptainKid One Piece Card Game Illustration Box Vol 8,https://tcgplayer-cdn.tcgplayer.com/product/709093_200w.jpg,68,17675,https://cpt.tcgcsv.com/TFH7,2026-07-30T17:43:32.133,1,R,OP14-014,"[Blocker]<br>
[On Play] If your Leader has the {Supernovas} type, play up to 1 red Character card with 2000 power or less from your hand.",Red,Character,4,5000,Kid Pirates;Supernovas,Special,2.15,2.71,9.99,2.62,,Foil,1000,
709094,Silvers Rayleigh (One Piece Card Game Illustration Box Vol. 7),Silvers Rayleigh One Piece Card Game Illustration Box Vol 7,https://tcgplayer-cdn.tcgplayer.com/product/709094_200w.jpg,68,17675,https://cpt.tcgcsv.com/VFH7,2026-07-30T17:43:15,1,R,OP14-108,"[On Play] If your Leader is multicolored and your opponent has 3 or less Life cards, K.O. up to 1 of your opponent's Characters with 7000 base power or less.<br>
[Trigger] Activate this card's [On Play] effect.",Yellow,Character,6,6000,Former Roger Pirates,Slash,3.0,5.0,22.0,4.5,,Foil,1000,
709096,Shakuyaku (One Piece Card Game Illustration Box Vol. 7),Shakuyaku One Piece Card Game Illustration Box Vol 7,https://tcgplayer-cdn.tcgplayer.com/product/709096_200w.jpg,68,17675,https://cpt.tcgcsv.com/XFH7,2026-07-30T17:42:44.873,1,UC,OP14-107,"[On Play] If your opponent has 3 or less Life cards, draw 2 cards and trash 2 cards from your hand.<br>
[Trigger] If your Leader has the {Kuja Pirates} type, play this card.",Yellow,Character,6,5000,Amazon Lily,Wisdom,4.0,7.25,22.0,5.62,,Foil,2000,
709534,Event Pack Vol. 9,Event Pack Vol 9,https://tcgplayer-cdn.tcgplayer.com/product/709534_200w.jpg,68,17675,https://cpt.tcgcsv.com/JQH7,2026-08-03T15:46:37.487,0,,,,,,,,,,,,,,,,,
709539,Kaido (Event Pack Vol. 9),Kaido Event Pack Vol 9,https://tcgplayer-cdn.tcgplayer.com/product/709539_200w.jpg,68,17675,https://cpt.tcgcsv.com/PQH7,2026-08-03T15:46:22.84,1,PR,P-040,"If your opponent has 10 DON!! cards on their field, this Character cannot be K.O.'d.",Purple,Character,8,10000,Animal Kingdom Pirates;The Four Emperors,Strike,,,,,,,,
709561,Monkey.D.Luffy (Event Pack Vol. 9),MonkeyDLuffy Event Pack Vol 9,https://tcgplayer-cdn.tcgplayer.com/product/709561_200w.jpg,68,17675,https://cpt.tcgcsv.com/fRH7,2026-08-03T15:46:30.423,0,PR,P-108,"[Blocker] <em>(After your opponent declares an attack, you may rest this card to make it the new target of the attack.)</em>
<br>[On K.O.] Set up to 2 of your DON!! cards as active.",Green,Character,3,2000,Straw Hat Crew;Supernovas,Strike,,,,,,,1000,
709566,Nico Robin (Event Pack Vol. 9),Nico Robin Event Pack Vol 9,https://tcgplayer-cdn.tcgplayer.com/product/709566_200w.jpg,68,17675,https://cpt.tcgcsv.com/lRH7,2026-08-03T15:46:33.983,0,PR,P-116,"[Blocker] <em>(After your opponent declares an attack, you may rest this card to make it the new target of the attack.)</em>
<br>[On K.O.] If you have 7 or more cards in your trash, draw 1 card and trash 1 card from your hand.",Black,Character,2,1000,Straw Hat Crew;Former Baroque Works,Strike,,,,,,,1000,
709632,Lilith (Event Pack Vol. 9),Lilith Event Pack Vol 9,https://tcgplayer-cdn.tcgplayer.com/product/709632_200w.jpg,68,17675,https://cpt.tcgcsv.com/GSH7,2026-08-03T15:46:27.103,0,PR,P-118,"[On Play] If your Leader has the {Egghead} type, play up to 1 {Egghead} type Character card or Character card with a [Trigger], with a cost of 5 or less from your hand.",Yellow,Character,6,6000,Scientist;Egghead,Wisdom,,,,,,,1000,
