productId,name,cleanName,imageUrl,categoryId,groupId,url,modifiedOn,imageCount,lowPrice,midPrice,highPrice,marketPrice,directLowPrice,subTypeName,extRarity,extNumber,extDescription,extColor,extCardType,extCost,extPower,extSubtypes,extCounterplus,extAttribute
628451,Premium Booster Vol. 2 - Booster Pack,Premium Booster Vol 2 Booster Pack,https://tcgplayer-cdn.tcgplayer.com/product/628451_200w.jpg,68,24305,https://cpt.tcgcsv.com/2p27,2025-10-03T04:10:12.437,1,12.0,12.99,27.39,12.87,,Normal,,,,,,,,,,
628452,Premium Booster Vol. 2 - Booster Box,Premium Booster Vol 2 Booster Box,https://tcgplayer-cdn.tcgplayer.com/product/628452_200w.jpg,68,24305,https://cpt.tcgcsv.com/3p27,2025-10-03T04:10:12.437,1,395.0,449.99,1514.98,394.85,,Normal,,,,,,,,,,
628453,Premium Booster Vol. 2 - Booster Box Case,Premium Booster Vol 2 Booster Box Case,https://tcgplayer-cdn.tcgplayer.com/product/628453_200w.jpg,68,24305,https://cpt.tcgcsv.com/5p27,2025-10-03T04:10:12.437,1,3748.9,4750.0,11998.95,3389.89,,Normal,,,,,,,,,,
653261,Lucky.Roux,LuckyRoux,https://tcgplayer-cdn.tcgplayer.com/product/653261_200w.jpg,68,24305,https://cpt.tcgcsv.com/fkf7,2025-10-03T04:10:12.437,1,4.95,8.0,80.0,6.36,,Foil,R,PRB02-003,"[Blocker] <em>(After your opponent declares an attack, you may rest this card to make it the new target of the attack.)</em>
<br>[On Play] <strong>You may trash 1 Character card with 6000 power or more from your hand:</strong> Draw 2 cards.",Red,Character,4,2000,Red-Haired Pirates,1000,Ranged
653262,Lucky.Roux (Alternate Art),LuckyRoux Alternate Art,https://tcgplayer-cdn.tcgplayer.com/product/653262_200w.jpg,68,24305,https://cpt.tcgcsv.com/gkf7,2025-10-03T04:10:12.437,1,10.67,17.74,100.0,13.45,,Foil,R,PRB02-003,"[Blocker] <em>(After your opponent declares an attack, you may rest this card to make it the new target of the attack.)</em>
<br>[On Play] <strong>You may trash 1 Character card with 6000 power or more from your hand:</strong> Draw 2 cards.",Red,Character,4,2000,Red-Haired Pirates,1000,Ranged
653263,Jewelry Bonney -PRB02-004,Jewelry Bonney PRB02 004,https://tcgplayer-cdn.tcgplayer.com/product/653263_200w.jpg,68,24305,https://cpt.tcgcsv.com/hkf7,2025-10-03T04:10:12.437,1,0.49,1.95,19.99,1.2,,Foil,R,PRB02-004,"[Blocker] <em>(After your opponent declares an attack, you may rest this card to make it the new target of the attack.)</em>
<br>[On Your Opponent's Attack] [Once Per Turn] Set up to 1 of your DON!! cards as active.",Green,Character,3,3000,Bonney Pirates;Supernovas,1000,Special
653264,Jewelry Bonney - PRB02-004 (Alternate Art),Jewelry Bonney PRB02 004 Alternate Art,https://tcgplayer-cdn.tcgplayer.com/product/653264_200w.jpg,68,24305,https://cpt.tcgcsv.com/jkf7,2026-02-17T12:22:00.28,1,11.0,15.79,420.69,12.08,,Foil,R,PRB02-004,"[Blocker] <em>(After your opponent declares an attack, you may rest this card to make it the new target of the attack.)</em>
<br>[On Your Opponent's Attack] [Once Per Turn] Set up to 1 of your DON!! cards as active.",Green,Character,3,3000,Bonney Pirates;Supernovas,1000,Special
653265,Monkey.D.Luffy - PRB02-005,MonkeyDLuffy PRB02 005,https://tcgplayer-cdn.tcgplayer.com/product/653265_200w.jpg,68,24305,https://cpt.tcgcsv.com/kkf7,2025-10-03T04:10:12.437,1,1.51,3.49,99.9,2.89,,Foil,SR,PRB02-005,"[Your Turn] [On Play] If your Leader is multicolored and your opponent has 7 or less DON!! cards on their field, your opponent rests 1 of their active DON!! cards at the start of their next Main Phase.",Green,Character,4,5000,Straw Hat Crew;Supernovas,1000,Strike
653266,Monkey.D.Luffy - PRB02-005 (Alternate Art),MonkeyDLuffy PRB02 005 Alternate Art,https://tcgplayer-cdn.tcgplayer.com/product/653266_200w.jpg,68,24305,https://cpt.tcgcsv.com/lkf7,2025-10-03T04:10:12.437,1,21.9,31.84,120.0,26.53,,Foil,SR,PRB02-005,"[Your Turn] [On Play] If your Leader is multicolored and your opponent has 7 or less DON!! cards on their field, your opponent rests 1 of their active DON!! cards at the start of their next Main Phase.",Green,Character,4,5000,Straw Hat Crew;Supernovas,1000,Strike
653392,Nami,Nami,https://tcgplayer-cdn.tcgplayer.com/product/653392_200w.jpg,68,24305,https://cpt.tcgcsv.com/Smf7,2025-10-03T04:10:12.437,1,2.0,3.96,14.99,2.39,,Foil,R,PRB02-012,"[On Play] Look at 5 cards from the top of your deck; reveal up to 1 ""Straw Hat Crew"" type card other than [Nami] and add it to your hand. Then, place the rest at the bottom of your deck in any order.
<br>[Trigger] Play this card.",Purple,Character,2,2000,Straw Hat Crew,1000,Special
653393,Nami (Alternate Art),Nami Alternate Art,https://tcgplayer-cdn.tcgplayer.com/product/653393_200w.jpg,68,24305,https://cpt.tcgcsv.com/Tmf7,2025-10-03T04:10:12.437,1,36.78,43.0,179.99,40.87,,Foil,R,PRB02-012,"[On Play] Look at 5 cards from the top of your deck; reveal up to 1 ""Straw Hat Crew"" type card other than [Nami] and add it to your hand. Then, place the rest at the bottom of your deck in any order.
<br>[Trigger] Play this card.",Purple,Character,2,2000,Straw Hat Crew,1000,Special
653397,Mr.3(Galdino) - PRB02-009,Mr3Galdino PRB02 009,https://tcgplayer-cdn.tcgplayer.com/product/653397_200w.jpg,68,24305,https://cpt.tcgcsv.com/Zmf7,2025-10-03T04:10:12.437,1,0.35,0.7,8.0,0.55,,Foil,R,PRB02-009,"This effect can be activated when this Character is rested by your opponent's effect. You may trash this Character and draw 2 cards.
<br>[Blocker]",Blue,Character,2,1000,Former Baroque Works;Cross Guild,1000,Special
653398,Mr.3(Galdino) - PRB02-009 (Alternate Art),Mr3Galdino PRB02 009 Alternate Art,https://tcgplayer-cdn.tcgplayer.com/product/653398_200w.jpg,68,24305,https://cpt.tcgcsv.com/-mf7,2025-10-03T04:10:12.437,1,3.0,9.0,35.0,7.17,,Foil,R,PRB02-009,"This effect can be activated when this Character is rested by your opponent's effect. You may trash this Character and draw 2 cards.
<br>[Blocker]",Blue,Character,2,1000,Former Baroque Works;Cross Guild,1000,Special
653400,Otama,Otama,https://tcgplayer-cdn.tcgplayer.com/product/653400_200w.jpg,68,24305,https://cpt.tcgcsv.com/0nf7,2025-10-03T04:10:12.437,1,1.0,2.49,24.99,1.86,,Foil,R,PRB02-016,"[Activate: Main] <strong>You may rest this Character and add 1 card from the top or bottom of your Life cards to your hand:</strong> Up to 1 of your Leader or Character cards gains +3000 power during this turn.
<br>[Trigger] Rest up to 1 of your opponent's Characters with a cost of 4 or less.",Yellow,Character,2,0,Land of Wano,2000,Special
653401,Otama (Alternate Art),Otama Alternate Art,https://tcgplayer-cdn.tcgplayer.com/product/653401_200w.jpg,68,24305,https://cpt.tcgcsv.com/2nf7,2025-10-03T04:10:12.437,1,8.99,11.44,100.0,9.83,,Foil,R,PRB02-016,"[Activate: Main] <strong>You may rest this Character and add 1 card from the top or bottom of your Life cards to your hand:</strong> Up to 1 of your Leader or Character cards gains +3000 power during this turn.
<br>[Trigger] Rest up to 1 of your opponent's Characters with a cost of 4 or less.",Yellow,Character,2,0,Land of Wano,2000,Special
653403,Shiryu,Shiryu,https://tcgplayer-cdn.tcgplayer.com/product/653403_200w.jpg,68,24305,https://cpt.tcgcsv.com/5nf7,2025-10-03T04:10:12.437,1,2.25,3.99,20.0,2.81,,Foil,R,PRB02-015,"If your Leader has the ""Blackbeard Pirates"" type, this Character gains [Blocker] and +4 cost.
<br>[On K.O.] If your Leader has the ""Blackbeard Pirates"" type, K.O. up to 1 of your opponent's Characters with a base cost of 4 or less.",Black,Character,4,5000,Blackbeard Pirates,1000,Slash
653404,Shiryu (Alternate Art),Shiryu Alternate Art,https://tcgplayer-cdn.tcgplayer.com/product/653404_200w.jpg,68,24305,https://cpt.tcgcsv.com/6nf7,2025-10-03T04:10:12.437,1,10.0,17.99,50.0,15.84,,Foil,R,PRB02-015,"If your Leader has the ""Blackbeard Pirates"" type, this Character gains [Blocker] and +4 cost.
<br>[On K.O.] If your Leader has the ""Blackbeard Pirates"" type, K.O. up to 1 of your opponent's Characters with a base cost of 4 or less.",Black,Character,4,5000,Blackbeard Pirates,1000,Slash
653423,Trafalgar Law - PRB02-002 (Alternate Art),Trafalgar Law PRB02 002 Alternate Art,https://tcgplayer-cdn.tcgplayer.com/product/653423_200w.jpg,68,24305,https://cpt.tcgcsv.com/tnf7,2025-10-03T04:10:12.437,1,22.0,29.99,100.0,26.93,,Foil,SR,PRB02-002,"[Once Per Turn] If this Character would be removed from the field by your opponent's effect, you may give this Character -2000 power during this turn instead.
<br>[When Attacking] Give up to 1 of your opponent's Characters -2000 power during this turn.",Red,Character,6,7000,Heart Pirates;The Seven Warlords of the Sea;Punk Hazard,1000,Slash
653424,Trafalgar Law - PRB02-002,Trafalgar Law PRB02 002,https://tcgplayer-cdn.tcgplayer.com/product/653424_200w.jpg,68,24305,https://cpt.tcgcsv.com/vnf7,2025-10-03T04:10:12.437,1,2.25,3.99,200.0,3.07,,Foil,SR,PRB02-002,"[Once Per Turn] If this Character would be removed from the field by your opponent's effect, you may give this Character -2000 power during this turn instead.
<br>[When Attacking] Give up to 1 of your opponent's Characters -2000 power during this turn.",Red,Character,6,7000,Heart Pirates;The Seven Warlords of the Sea;Punk Hazard,1000,Slash
653428,Koby,Koby,https://tcgplayer-cdn.tcgplayer.com/product/653428_200w.jpg,68,24305,https://cpt.tcgcsv.com/Bnf7,2025-10-03T04:10:12.437,1,11.25,16.49,24.99,13.9,,Foil,R,PRB02-001,"[Opponent's Turn] If your Leader has the ""Navy"" type, this Character gains +1000 power.
<br>[When Attacking] K.O. up to 1 of your opponent's Characters with 3000 base power or less. Then, if you have 6 or less cards in your hand, draw 1 card.",Red,Character,4,5000,Navy;SWORD,1000,Strike
653429,Koby (Alternate Art),Koby Alternate Art,https://tcgplayer-cdn.tcgplayer.com/product/653429_200w.jpg,68,24305,https://cpt.tcgcsv.com/Cnf7,2025-10-03T04:10:12.437,1,40.0,45.0,63.47,42.18,,Foil,R,PRB02-001,"[Opponent's Turn] If your Leader has the ""Navy"" type, this Character gains +1000 power.
<br>[When Attacking] K.O. up to 1 of your opponent's Characters with 3000 base power or less. Then, if you have 6 or less cards in your hand, draw 1 card.",Red,Character,4,5000,Navy;SWORD,1000,Strike
653430,Roronoa Zoro - PRB02-006,Roronoa Zoro PRB02 006,https://tcgplayer-cdn.tcgplayer.com/product/653430_200w.jpg,68,24305,https://cpt.tcgcsv.com/Dnf7,2025-10-03T04:10:12.437,1,9.0,13.81,29.97,11.89,,Foil,R,PRB02-006,"[Opponent's Turn] If this Character would be rested by your opponent's Character's effect, you may rest 1 of your other Characters instead.
<br>[Blocker]",Green,Character,4,4000,Straw Hat Crew;Supernovas,2000,Slash
653431,Roronoa Zoro - PRB02-006 (Alternate Art),Roronoa Zoro PRB02 006 Alternate Art,https://tcgplayer-cdn.tcgplayer.com/product/653431_200w.jpg,68,24305,https://cpt.tcgcsv.com/Fnf7,2025-10-03T04:10:12.437,1,38.9,44.99,91.98,39.33,,Foil,R,PRB02-006,"[Opponent's Turn] If this Character would be rested by your opponent's Character's effect, you may rest 1 of your other Characters instead.
<br>[Blocker]",Green,Character,4,4000,Straw Hat Crew;Supernovas,2000,Slash
653535,Charlotte Pudding - PRB02-010,Charlotte Pudding PRB02 010,https://tcgplayer-cdn.tcgplayer.com/product/653535_200w.jpg,68,24305,https://cpt.tcgcsv.com/Kqf7,2025-10-03T04:10:12.437,1,5.49,16.95,29.99,14.23,,Foil,SR,PRB02-010,"[On Play] <strong>DON!! -2:</strong> If your Leader has the ""Big Mom Pirates"" type and your opponent has 6 or more DON!! cards on their field, draw 2 cards. Then, play up to 1 ""Big Mom Pirates"" type Character card with 6000 to 8000 power from your hand.",Purple,Character,7,5000,Big Mom Pirates,1000,Wisdom
653536,Charlotte Pudding - PRB02-010 (Alternate Art),Charlotte Pudding PRB02 010 Alternate Art,https://tcgplayer-cdn.tcgplayer.com/product/653536_200w.jpg,68,24305,https://cpt.tcgcsv.com/Lqf7,2025-10-03T04:10:12.437,1,44.91,52.0,100.0,49.1,,Foil,SR,PRB02-010,"[On Play] <strong>DON!! -2:</strong> If your Leader has the ""Big Mom Pirates"" type and your opponent has 6 or more DON!! cards on their field, draw 2 cards. Then, play up to 1 ""Big Mom Pirates"" type Character card with 6000 to 8000 power from your hand.",Purple,Character,7,5000,Big Mom Pirates,1000,Wisdom
653542,Donquixote Doflamingo,Donquixote Doflamingo,https://tcgplayer-cdn.tcgplayer.com/product/653542_200w.jpg,68,24305,https://cpt.tcgcsv.com/Sqf7,2025-10-03T04:10:12.437,1,0.25,0.75,17.0,0.48,,Foil,R,PRB02-011,"[Blocker]
<br>[On Play] If your Leader is multicolored, add up to 1 DON!! card from your DON!! deck and rest it.",Purple,Character,5,6000,Donquixote Pirates;The Seven Warlords of the Sea,1000,Special
653544,Donquixote Doflamingo (Alternate Art),Donquixote Doflamingo Alternate Art,https://tcgplayer-cdn.tcgplayer.com/product/653544_200w.jpg,68,24305,https://cpt.tcgcsv.com/Vqf7,2025-10-03T04:10:12.437,1,5.89,7.98,50.0,6.93,,Foil,R,PRB02-011,"[Blocker]
<br>[On Play] If your Leader is multicolored, add up to 1 DON!! card from your DON!! deck and rest it.",Purple,Character,5,6000,Donquixote Pirates;The Seven Warlords of the Sea,1000,Special
653586,Marco (Alternate Art),Marco Alternate Art,https://tcgplayer-cdn.tcgplayer.com/product/653586_200w.jpg,68,24305,https://cpt.tcgcsv.com/Lrf7,2025-10-03T04:10:12.437,1,94.8,104.72,199.99,104.46,,Foil,SR,PRB02-008,"[Blocker]<em>(After your opponent declares an attack, you may rest this card to make it the new target of the attack.)</em>
<br>[On K.O.] Draw 2 cards.",Blue,Character,4,6000,Former Whitebeard Pirates;Land of Wano,,Special
653589,Marco,Marco,https://tcgplayer-cdn.tcgplayer.com/product/653589_200w.jpg,68,24305,https://cpt.tcgcsv.com/Prf7,2025-10-03T04:10:12.437,1,7.15,10.84,420.69,7.83,,Foil,SR,PRB02-008,"[Blocker]<em>(After your opponent declares an attack, you may rest this card to make it the new target of the attack.)</em>
<br>[On K.O.] Draw 2 cards.",Blue,Character,4,6000,Former Whitebeard Pirates;Land of Wano,,Special
653601,Jinbe - PRB02-007,Jinbe PRB02 007,https://tcgplayer-cdn.tcgplayer.com/product/653601_200w.jpg,68,24305,https://cpt.tcgcsv.com/2sf7,2025-10-06T14:42:22.773,1,0.1,0.4,13.5,0.28,,Foil,R,PRB02-007,"[On Play] Look at 5 cards from the top of your deck; reveal up to 1 ""The Seven Warlords of the Sea"" type card other than [Jinbe] and add it to your hand. Then, place the rest at the bottom of your deck in any order.",Blue,Character,4,5000,Fish-Man;The Seven Warlords of the Sea;The Sun Pirates,1000,Strike
653603,Jinbe - PRB02-007(Alternate Art),Jinbe PRB02 007Alternate Art,https://tcgplayer-cdn.tcgplayer.com/product/653603_200w.jpg,68,24305,https://cpt.tcgcsv.com/5sf7,2025-10-03T04:10:12.437,1,4.21,6.0,30.0,4.94,,Foil,R,PRB02-007,"[On Play] Look at 5 cards from the top of your deck; reveal up to 1 ""The Seven Warlords of the Sea"" type card other than [Jinbe] and add it to your hand. Then, place the rest at the bottom of your deck in any order.",Blue,Character,4,5000,Fish-Man;The Seven Warlords of the Sea;The Sun Pirates,1000,Strike
653833,Come On!! We'll Fight You!! (Alternate Art),Come On Well Fight You Alternate Art,https://tcgplayer-cdn.tcgplayer.com/product/653833_200w.jpg,68,24305,https://cpt.tcgcsv.com/Hxf7,2025-11-05T19:16:34.387,1,289.99,350.0,1111.11,303.48,,Foil,R,OP09-020,"[Main] Look at 5 cards from the top of your deck; reveal up to 1 ""Red-Haired Pirates"" type card other than [Come On!! We'll Fight You!!] and add it to your hand. Then, place the rest at the bottom of your deck in any order.<br>
[Trigger] Draw 1 card.",Red,Event,1,,The Four Emperors;Red-Haired Pirates,,
653834,Cross Guild (Alternate Art),Cross Guild Alternate Art,https://tcgplayer-cdn.tcgplayer.com/product/653834_200w.jpg,68,24305,https://cpt.tcgcsv.com/Jxf7,2025-10-28T14:07:47.863,1,275.39,313.0,499.99,293.39,,Foil,R,OP09-057,"[Main] Look at 4 cards from the top of your deck; reveal up to 1 ""Cross Guild"" type card and add it to your hand. Then, place the rest at the bottom of your deck in any order.<br>
[Trigger] Activate this card's [Main] effect.",Blue,Event,1,,Cross Guild,,
653835,Gum-Gum Giant (Alternate Art),Gum Gum Giant Alternate Art,https://tcgplayer-cdn.tcgplayer.com/product/653835_200w.jpg,68,24305,https://cpt.tcgcsv.com/Kxf7,2025-10-28T14:08:08.807,1,1047.89,1200.0,5000.0,881.37,,Foil,R,OP09-078,"[Counter] <strong>DON!! 2, You may trash 1 card from your hand</strong>: If your Leader has the ""Straw Hat Crew"" type, up to 1 of your Leader or Character cards gains +4000 power during this battle. Then, draw 2 cards.",Purple,Event,1,,Straw Hat Crew;The Four Emperors,,
653836,My Era...Begins!! (Alternate Art),My EraBegins Alternate Art,https://tcgplayer-cdn.tcgplayer.com/product/653836_200w.jpg,68,24305,https://cpt.tcgcsv.com/Lxf7,2025-11-05T19:12:56.193,1,345.0,397.65,450.0,376.2,,Foil,R,OP09-096,"[Main] Look at 3 cards from the top of your deck; reveal up to 1 ""Blackbeard Pirates"" type card other than [My Era...Begins!!] and add it to your hand. Then, trash the rest.<br>
[Trigger] Activate this card's [Main] effect.",Black,Event,1,,Blackbeard Pirates,,
653838,Edward.Newgate - ST15-002 (Alternate Art),EdwardNewgate ST15 002 Alternate Art,https://tcgplayer-cdn.tcgplayer.com/product/653838_200w.jpg,68,24305,https://cpt.tcgcsv.com/Nxf7,2025-10-03T04:10:12.437,1,34.79,40.0,59.95,34.92,,Foil,SR,ST15-002,"[On Play] Give up to 1 rested DON!! card to your Leader or 1 of your Characters.<br>
<br>
[Activate: Main] <strong>You may rest this Character</strong>: K.O. up to 1 of your opponent's Characters with 5000 power or less.",Red,Character,7,8000,The Four Emperors;Whitebeard Pirates,,Special
653839,Shanks - ST16-004 (Alternate Art),Shanks ST16 004 Alternate Art,https://tcgplayer-cdn.tcgplayer.com/product/653839_200w.jpg,68,24305,https://cpt.tcgcsv.com/Pxf7,2025-10-03T04:10:12.437,1,59.99,72.07,199.0,54.43,,Foil,SR,ST16-004,[On Play] K.O. up to 1 of your opponent's rested Characters.,Green,Character,9,11000,FILM;The Four Emperors;Red-Haired Pirates,,Slash
653840,Sabo - PRB02-014,Sabo PRB02 014,https://tcgplayer-cdn.tcgplayer.com/product/653840_200w.jpg,68,24305,https://cpt.tcgcsv.com/Qxf7,2025-10-03T04:10:12.437,1,5.5,7.7,24.99,6.0,,Foil,SR,PRB02-014,"If you have 15 or more cards in your trash, give this card in your hand -3 cost.
<br>[Blocker] <em>(After your opponent declares an attack, you may rest this card to make it the new target of the attack.)</em>",Black,Character,6,6000,Revolutionary Army;Dressrosa,2000,Special
653841,Sabo - PRB02-014 (Alternate Art),Sabo PRB02 014 Alternate Art,https://tcgplayer-cdn.tcgplayer.com/product/653841_200w.jpg,68,24305,https://cpt.tcgcsv.com/Rxf7,2025-10-03T04:10:12.437,1,18.0,24.0,54.97,19.82,,Foil,SR,PRB02-014,"If you have 15 or more cards in your trash, give this card in your hand -3 cost.
<br>[Blocker] <em>(After your opponent declares an attack, you may rest this card to make it the new target of the attack.)</em>",Black,Character,6,6000,Revolutionary Army;Dressrosa,2000,Special
653842,Gecko Moria,Gecko Moria,https://tcgplayer-cdn.tcgplayer.com/product/653842_200w.jpg,68,24305,https://cpt.tcgcsv.com/Sxf7,2025-10-03T04:10:12.437,1,1.5,3.0,420.69,1.89,,Foil,R,PRB02-013,"[On Play] If your Leader has the ""Thriller Bark Pirates"" type, play up to 1 Character card with a cost of 4 or less from your trash rested. Then, give up to 1 rested DON!! card to your Leader or 1 of your Characters.",Black,Character,6,7000,The Seven Warlords of the Sea;Thriller Bark Pirates,,Special
653843,Gecko Moria (Alternate Art),Gecko Moria Alternate Art,https://tcgplayer-cdn.tcgplayer.com/product/653843_200w.jpg,68,24305,https://cpt.tcgcsv.com/Txf7,2025-10-03T04:10:12.437,1,12.23,17.35,420.69,13.09,,Foil,R,PRB02-013,"[On Play] If your Leader has the ""Thriller Bark Pirates"" type, play up to 1 Character card with a cost of 4 or less from your trash rested. Then, give up to 1 rested DON!! card to your Leader or 1 of your Characters.",Black,Character,6,7000,The Seven Warlords of the Sea;Thriller Bark Pirates,,Special
653857,Boa Hancock,Boa Hancock,https://tcgplayer-cdn.tcgplayer.com/product/653857_200w.jpg,68,24305,https://cpt.tcgcsv.com/9zf7,2026-01-26T14:00:11.203,1,2.5,4.5,30.0,3.69,,Foil,SR,PRB02-017,"[On Play] <strong>You may trash 1 card with a [Trigger] from your hand:</strong> Your opponent's rested Leader or up to 1 of your opponent's Characters other than [Monkey.D.Luffy] cannot attack until the end of your opponent's next End Phase.
<br>[Trigger] K.O up to 1 of your opponent's Characters with a cost of 4 or less",Yellow,Character,5,7000,FILM;Kuja Pirates;The Seven Warlords of the Sea,,Special
653858,Boa Hancock (Alternate Art),Boa Hancock Alternate Art,https://tcgplayer-cdn.tcgplayer.com/product/653858_200w.jpg,68,24305,https://cpt.tcgcsv.com/bzf7,2025-10-03T04:10:12.437,1,74.7,115.0,399.99,73.72,,Foil,SR,PRB02-017,"[Once Per Turn] <strong>You may trash 1 card with a [Trigger] from your hand:</strong> Your opponent's rested Leader or up to 1 of your opponent's Characters other than [Monkey.D.Luffy] cannot attack until the end of your opponent's next End Phase.
<br>[Trigger] K.O up to 1 of your opponent's Characters with a cost of 4 or less",Yellow,Character,5,7000,FILM;Kuja Pirates;The Seven Warlords of the Sea,,Special
653860,Portgas.D.Ace - PRB02-018 (Alternate Art),PortgasDAce PRB02 018 Alternate Art,https://tcgplayer-cdn.tcgplayer.com/product/653860_200w.jpg,68,24305,https://cpt.tcgcsv.com/dzf7,2025-10-03T04:10:12.437,1,9.0,14.06,55.0,12.51,,Foil,R,PRB02-018,"[On Play] If you have a face-up Life card, play up to 1 [Sabo], [Portgas.D.Ace], or [Monkey.D.Luffy] with a cost of 2 from your hand or trash.",Yellow,Character,5,7000,Whitebeard Pirates,,Special
653862,Portgas.D.Ace - PRB02-018,PortgasDAce PRB02 018,https://tcgplayer-cdn.tcgplayer.com/product/653862_200w.jpg,68,24305,https://cpt.tcgcsv.com/gzf7,2025-10-03T04:10:12.437,1,0.25,0.82,14.99,0.7,,Foil,R,PRB02-018,"[On Play] If you have a face-up Life card, play up to 1 [Sabo], [Portgas.D.Ace], or [Monkey.D.Luffy] with a cost of 2 from your hand or trash.",Yellow,Character,5,7000,Whitebeard Pirates,,Special
653914,Trafalgar Law - ST17-002 (Alternate Art),Trafalgar Law ST17 002 Alternate Art,https://tcgplayer-cdn.tcgplayer.com/product/653914_200w.jpg,68,24305,https://cpt.tcgcsv.com/jBf7,2025-10-03T04:10:12.437,1,19.58,25.99,80.0,23.3,,Foil,SR,ST17-002,"[On Play] You may return 1 of your Characters to the owner's hand: If your Leader has the ""The Seven Warlords of the Sea"" type, return up to 1 Character with a cost of 4 or less to the owner's hand.",Blue,Character,4,5000,Heart Pirates;The Seven Warlords of the Sea,1000,Slash
653917,Scratchmen Apoo - EB01-015 (Alternate Art),Scratchmen Apoo EB01 015 Alternate Art,https://tcgplayer-cdn.tcgplayer.com/product/653917_200w.jpg,68,24305,https://cpt.tcgcsv.com/mBf7,2025-10-03T04:10:12.437,1,6.73,10.0,28.48,7.19,,Foil,R,EB01-015,[On Play] Rest up to 1 of your opponent's Characters with a cost of 2 or less.,Green,Character,1,1000,On-Air Pirates;Supernovas,2000,Special
653918,Urouge (Alternate Art),Urouge Alternate Art,https://tcgplayer-cdn.tcgplayer.com/product/653918_200w.jpg,68,24305,https://cpt.tcgcsv.com/nBf7,2025-10-03T04:10:12.437,1,1.25,2.49,420.69,1.69,,Foil,R,OP07-021,"[Blocker] <em>(After your opponent declares an attack, you may rest this card to make it the new target of the attack.)</em>
<br>[End of Your Turn] Set up to 1 of your DON!! cards as active.",Green,Character,4,5000,Fallen Monk Pirates;Supernovas,1000,Strike
654022,Roronoa Zoro - OP10-095 (Alternate Art),Roronoa Zoro OP10 095 Alternate Art,https://tcgplayer-cdn.tcgplayer.com/product/654022_200w.jpg,68,24305,https://cpt.tcgcsv.com/sDf7,2025-10-03T04:10:12.437,1,11.2,16.15,29.99,13.97,,Foil,R,OP10-095,"[On Play] <strong>You may rest 1 of your ""Dressrosa"" type Leader or Stage cards:</strong> K.O. up to 1 of your opponent's Characters with a cost of 4 or less. Then, trash 2 cards from the top of your deck.",Black,Character,4,6000,Straw Hat Crew;Supernovas;Dressrosa,,Slash
654093,Basil Hawkins - OP10-109 (Alternate Art),Basil Hawkins OP10 109 Alternate Art,https://tcgplayer-cdn.tcgplayer.com/product/654093_200w.jpg,68,24305,https://cpt.tcgcsv.com/TFf7,2025-10-03T04:10:12.437,1,18.99,22.85,420.69,20.86,,Foil,R,OP10-109,"[On K.O.] Trash up to 1 card from the top of your opponent's Life cards.<br>
[Trigger] Draw 2 cards and trash 1 card from your hand.",Yellow,Character,4,5000,Hawkins Pirates;Supernovas,1000,Slash
654096,Donquixote Rosinante (Alternate Art),Donquixote Rosinante Alternate Art,https://tcgplayer-cdn.tcgplayer.com/product/654096_200w.jpg,68,24305,https://cpt.tcgcsv.com/XFf7,2025-10-03T04:10:12.437,1,3.51,5.35,26.26,4.57,,Foil,R,OP05-030,"[Blocker] <em>(After your opponent declares an attack, you may rest this card to make it the new target of the attack.)</em>
<br>
[Opponent's Turn] If your rested Character would be K.O.'d, you may trash this Character instead.",Green,Character,2,1000,Donquixote Pirates;Navy,1000,Special
654097,Mr.3(Galdino) - OP09-056 (Alternate Art),Mr3Galdino OP09 056 Alternate Art,https://tcgplayer-cdn.tcgplayer.com/product/654097_200w.jpg,68,24305,https://cpt.tcgcsv.com/ZFf7,2025-10-03T04:10:12.437,1,4.42,6.3,50.0,5.92,,Foil,R,OP09-056,"[On Play] Look at 4 cards from the top of your deck; reveal up to 1 ""Cross Guild"" type card or card with a type including ""Baroque Works"" other than [Mr.3(Galdino)] and add it to your hand. Then, place the rest at the bottom of your deck in any order.",Blue,Character,1,2000,Former Baroque Works;Cross Guild,1000,Special
654098,Jesus Burgess (Alternate Art),Jesus Burgess Alternate Art,https://tcgplayer-cdn.tcgplayer.com/product/654098_200w.jpg,68,24305,https://cpt.tcgcsv.com/-Ff7,2025-10-03T04:10:12.437,1,70.0,110.0,420.69,67.48,,Foil,R,OP09-086,"This Character cannot be K.O.'d by your opponent's effects.<br>
If your Leader has the ""Blackbeard Pirates"" type, this Character gains +1000 power for every 4 cards in your trash.",Black,Character,4,5000,Blackbeard Pirates,1000,Strike
654099,Roronoa Zoro - OP09-076 (Alternate Art),Roronoa Zoro OP09 076 Alternate Art,https://tcgplayer-cdn.tcgplayer.com/product/654099_200w.jpg,68,24305,https://cpt.tcgcsv.com/_Ff7,2025-10-03T04:10:12.437,1,90.99,109.99,156250.0,53.92,,Foil,R,OP09-076,[On Play] <strong>You may return 1 or more DON!! cards from your field to your DON!! deck</strong>: Add up to 1 DON!! card from your DON!! deck and set it as active.,Purple,Character,3,5000,Straw Hat Crew,,Slash
654100,Tony Tony.Chopper (Reprint),Tony TonyChopper Reprint,https://tcgplayer-cdn.tcgplayer.com/product/654100_200w.jpg,68,24305,https://cpt.tcgcsv.com/0Gf7,2025-10-03T04:10:12.437,1,0.1,1.21,21.2,1.09,,Foil,R,OP10-011,"[Blocker] <em>(After your opponent declares an attack, you may rest this card to make it the new target of the attack.)</em><br>
[Opponent's Turn] This Character gains +2000 power.

<br>
<br><span style=""color: red;"">Disclaimer: This card was reprinted from the original set with changes to the copyright information (Note: the original print did not include ""EN"" at the end of the copyright).</span>",Red,Character,4,4000,Straw Hat Crew;Punk Hazard,2000,Strike
654101,Jinbe - P-063 (Alternate Art),Jinbe P 063 Alternate Art,https://tcgplayer-cdn.tcgplayer.com/product/654101_200w.jpg,68,24305,https://cpt.tcgcsv.com/2Gf7,2025-10-03T04:10:12.437,1,1.0,2.25,28.0,1.65,,Foil,PR,P-063,[On Play] Rest up to 1 of your opponent's Characters with a cost of 1 or less.,Green,Character,4,5000,Fish-Man,2000,Strike
654102,Tony Tony.Chopper (Alternate Art),Tony TonyChopper Alternate Art,https://tcgplayer-cdn.tcgplayer.com/product/654102_200w.jpg,68,24305,https://cpt.tcgcsv.com/3Gf7,2025-10-03T04:10:12.437,1,36.99,44.52,70.0,38.8,,Foil,R,OP10-011,"[Blocker] <em>(After your opponent declares an attack, you may rest this card to make it the new target of the attack.)</em><br>
[Opponent's Turn] This Character gains +2000 power.",Red,Character,4,4000,Straw Hat Crew;Punk Hazard,2000,Strike
654141,Shanks (SP),Shanks SP,https://tcgplayer-cdn.tcgplayer.com/product/654141_200w.jpg,68,24305,https://cpt.tcgcsv.com/RGf7,2025-10-03T04:10:12.437,1,215.22,249.99,800.0,218.49,,Foil,SR,OP06-007,[On play] K.O. up to 1 of your opponent's Characters with 10000 power or less.,Red,Character,10,12000,FILM;The Four Emperors;Red-Haired Pirates,,Slash
654142,Charlotte Pudding (SP),Charlotte Pudding SP,https://tcgplayer-cdn.tcgplayer.com/product/654142_200w.jpg,68,24305,https://cpt.tcgcsv.com/SGf7,2025-10-03T04:10:12.437,1,80.0,119.99,1000.0,83.94,,Foil,R,OP06-047,"[On Play] Your opponent returns all cards in their hand to their deck and shuffles their deck. Then, your opponent draws 5 cards.",Blue,Character,4,4000,Big Mom Pirates,1000,Wisdom
654143,Carrot (SP),Carrot SP,https://tcgplayer-cdn.tcgplayer.com/product/654143_200w.jpg,68,24305,https://cpt.tcgcsv.com/TGf7,2025-10-03T04:10:12.437,1,99.9,118.39,200.0,108.61,,Foil,SR,OP08-023,[On Play]/[When Attacking] Up to 1 of your opponent's rested Characters with a cost of 7 or less will not become active in your opponent's next Refresh Phase.,Green,Character,5,6000,Minks,1000,Special
654533,Monkey.D.Luffy - EB02-061 (SP),MonkeyDLuffy EB02 061 SP,https://tcgplayer-cdn.tcgplayer.com/product/654533_200w.jpg,68,24305,https://cpt.tcgcsv.com/HQf7,2025-10-03T04:10:12.437,1,650.0,754.99,2000.0,468.57,,Foil,SEC,EB02-061,"If your Leader is multicolored and your opponent has 5 or more DON!! cards on their field, this Character gains [Rush].<br>
[When Attacking] [Once Per Turn] <strong>You may return 2 of your active DON!! cards to your DON!! deck:</strong> Set this Character as active. Then, add 1 card from the top of your Life cards to your hand.",Purple,Character,6,7000,Straw Hat Crew;Water Seven,,Strike
654571,Rebecca (SP),Rebecca SP,https://tcgplayer-cdn.tcgplayer.com/product/654571_200w.jpg,68,24305,https://cpt.tcgcsv.com/rRf7,2025-10-03T04:10:12.437,1,125.85,134.87,600.0,128.42,,Foil,SR,OP05-091,"[Blocker]
<br>
[On Play] Add up to 1 black Character card with a cost of 3 to 7 other than [Rebecca] from your trash to your hand. Then, play up to 1 black Character card with a cost of 3 or less from your hand rested.",Black,Character,4,0,Dressrosa,1000,Wisdom
654636,Trafalgar Law - OP10-119 (SP),Trafalgar Law OP10 119 SP,https://tcgplayer-cdn.tcgplayer.com/product/654636_200w.jpg,68,24305,https://cpt.tcgcsv.com/LSf7,2025-10-03T04:10:12.437,1,185.0,211.49,700.0,168.02,,Foil,SEC,OP10-119,"[On Play] Reveal up to 1 ""Supernovas"" type Character card from your hand and add it to the top of your Life cards face-down. Then, give up to 1 rested DON!! card to 1 of your ""Supernovas"" type Leader.",Yellow,Character,7,9000,Heart Pirates;Supernovas;Dressrosa,,Slash
654637,Sanji - OP06-119 (Manga),Sanji OP06 119 Manga,https://tcgplayer-cdn.tcgplayer.com/product/654637_200w.jpg,68,24305,https://cpt.tcgcsv.com/MSf7,2025-10-03T04:10:12.437,1,2749.99,2849.5,2999.97,2265.97,,Foil,SEC,OP06-119,"[On Play] Reveal 1 card from the top of your deck and play up to 1 Character with a cost of 9 or less other than [Sanji]. Then, place the rest at the bottom of your deck.",Blue,Character,9,9000,Straw Hat Crew,,Strike
655110,DON!! Card (Marco),DON Card Marco,https://tcgplayer-cdn.tcgplayer.com/product/655110_200w.jpg,68,24305,https://cpt.tcgcsv.com/d3g7,2025-10-03T04:10:12.437,1,0.99,3.51,34.99,2.46,,Foil,DON!!,,Your Turn +1000,,DON!!,,,,,
655110,DON!! Card (Marco),DON Card Marco,https://tcgplayer-cdn.tcgplayer.com/product/655110_200w.jpg,68,24305,https://cpt.tcgcsv.com/d3g7,2025-10-03T04:10:12.437,1,0.39,0.66,7.99,0.63,,Normal,DON!!,,Your Turn +1000,,DON!!,,,,,
655111,DON!! Card (Marco) (Gold),DON Card Marco Gold,https://tcgplayer-cdn.tcgplayer.com/product/655111_200w.jpg,68,24305,https://cpt.tcgcsv.com/f3g7,2025-10-03T04:10:12.437,1,107.23,107.23,107.23,64.78,,Foil,DON!!,,Your Turn +1000,,DON!!,,,,,
655112,DON!! Card (Bonney) (Gold),DON Card Bonney Gold,https://tcgplayer-cdn.tcgplayer.com/product/655112_200w.jpg,68,24305,https://cpt.tcgcsv.com/g3g7,2025-10-03T04:10:12.437,1,87.42,104.86,136.99,102.62,,Foil,DON!!,,Your Turn +1000,,DON!!,,,,,
655113,DON!! Card (Bonney),DON Card Bonney,https://tcgplayer-cdn.tcgplayer.com/product/655113_200w.jpg,68,24305,https://cpt.tcgcsv.com/h3g7,2025-10-03T04:10:12.437,1,5.0,7.8,49.99,6.63,,Foil,DON!!,,Your Turn +1000,,DON!!,,,,,
655113,DON!! Card (Bonney),DON Card Bonney,https://tcgplayer-cdn.tcgplayer.com/product/655113_200w.jpg,68,24305,https://cpt.tcgcsv.com/h3g7,2025-10-03T04:10:12.437,1,0.99,1.5,50.0,1.36,,Normal,DON!!,,Your Turn +1000,,DON!!,,,,,
655114,DON!! Card (Dragon),DON Card Dragon,https://tcgplayer-cdn.tcgplayer.com/product/655114_200w.jpg,68,24305,https://cpt.tcgcsv.com/j3g7,2025-10-03T04:10:12.437,1,0.2,0.6,5.99,0.56,,Normal,DON!!,,Your Turn +1000,,DON!!,,,,,
655114,DON!! Card (Dragon),DON Card Dragon,https://tcgplayer-cdn.tcgplayer.com/product/655114_200w.jpg,68,24305,https://cpt.tcgcsv.com/j3g7,2025-10-03T04:10:12.437,1,1.42,2.0,24.99,1.93,,Foil,DON!!,,Your Turn +1000,,DON!!,,,,,
655115,DON!! Card (Dragon) (Gold),DON Card Dragon Gold,https://tcgplayer-cdn.tcgplayer.com/product/655115_200w.jpg,68,24305,https://cpt.tcgcsv.com/k3g7,2025-10-03T04:10:12.437,1,46.39,50.0,521.18,46.39,,Foil,DON!!,,Your Turn +1000,,DON!!,,,,,
655116,DON!! Card (Boa Hancock) (Gold),DON Card Boa Hancock Gold,https://tcgplayer-cdn.tcgplayer.com/product/655116_200w.jpg,68,24305,https://cpt.tcgcsv.com/l3g7,2025-10-03T04:10:12.437,1,179.0,188.23,500.0,182.22,,Foil,DON!!,,Your Turn +1000,,DON!!,,,,,
655117,DON!! Card (Boa Hancock),DON Card Boa Hancock,https://tcgplayer-cdn.tcgplayer.com/product/655117_200w.jpg,68,24305,https://cpt.tcgcsv.com/m3g7,2025-10-03T04:10:12.437,1,8.3,15.0,89.99,9.03,,Foil,DON!!,,Your Turn +1000,,DON!!,,,,,
655117,DON!! Card (Boa Hancock),DON Card Boa Hancock,https://tcgplayer-cdn.tcgplayer.com/product/655117_200w.jpg,68,24305,https://cpt.tcgcsv.com/m3g7,2025-10-03T04:10:12.437,1,1.7,2.29,8.99,1.82,,Normal,DON!!,,Your Turn +1000,,DON!!,,,,,
655118,DON!! Card (GEAR5 Luffy) (Gold),DON Card GEAR5 Luffy Gold,https://tcgplayer-cdn.tcgplayer.com/product/655118_200w.jpg,68,24305,https://cpt.tcgcsv.com/n3g7,2025-10-03T04:10:12.437,1,159.99,195.0,500.0,178.5,,Foil,DON!!,,Your Turn +1000,,DON!!,,,,,
655119,DON!! Card (GEAR5 Luffy),DON Card GEAR5 Luffy,https://tcgplayer-cdn.tcgplayer.com/product/655119_200w.jpg,68,24305,https://cpt.tcgcsv.com/p3g7,2025-10-03T04:10:12.437,1,4.8,8.21,79.99,6.17,,Foil,DON!!,,Your Turn +1000,,DON!!,,,,,
655119,DON!! Card (GEAR5 Luffy),DON Card GEAR5 Luffy,https://tcgplayer-cdn.tcgplayer.com/product/655119_200w.jpg,68,24305,https://cpt.tcgcsv.com/p3g7,2025-10-03T04:10:12.437,1,0.6,1.25,10.0,1.06,,Normal,DON!!,,Your Turn +1000,,DON!!,,,,,
655120,DON!! Card (Rob Lucci),DON Card Rob Lucci,https://tcgplayer-cdn.tcgplayer.com/product/655120_200w.jpg,68,24305,https://cpt.tcgcsv.com/q3g7,2025-10-03T04:10:12.437,1,0.15,0.5,20.53,0.45,,Normal,DON!!,,Your Turn +1000,,DON!!,,,,,
655120,DON!! Card (Rob Lucci),DON Card Rob Lucci,https://tcgplayer-cdn.tcgplayer.com/product/655120_200w.jpg,68,24305,https://cpt.tcgcsv.com/q3g7,2025-10-03T04:10:12.437,1,0.53,1.39,24.99,1.15,,Foil,DON!!,,Your Turn +1000,,DON!!,,,,,
655121,DON!! Card (Rob Lucci) (Gold),DON Card Rob Lucci Gold,https://tcgplayer-cdn.tcgplayer.com/product/655121_200w.jpg,68,24305,https://cpt.tcgcsv.com/r3g7,2025-10-03T04:10:12.437,1,32.0,39.99,52.88,33.48,,Foil,DON!!,,Your Turn +1000,,DON!!,,,,,
655122,DON!! Card (Shanks),DON Card Shanks,https://tcgplayer-cdn.tcgplayer.com/product/655122_200w.jpg,68,24305,https://cpt.tcgcsv.com/s3g7,2025-10-03T04:10:12.437,1,1.0,2.51,9.99,2.47,,Normal,DON!!,,Your Turn +1000,,DON!!,,,,,
655122,DON!! Card (Shanks),DON Card Shanks,https://tcgplayer-cdn.tcgplayer.com/product/655122_200w.jpg,68,24305,https://cpt.tcgcsv.com/s3g7,2025-10-03T04:10:12.437,1,28.0,39.99,99.99,13.13,,Foil,DON!!,,Your Turn +1000,,DON!!,,,,,
655123,DON!! Card (Hannyabal) (Gold),DON Card Hannyabal Gold,https://tcgplayer-cdn.tcgplayer.com/product/655123_200w.jpg,68,24305,https://cpt.tcgcsv.com/t3g7,2025-10-03T04:10:12.437,1,29.5,32.25,94.0,31.52,,Foil,DON!!,,Your Turn +1000,,DON!!,,,,,
655124,DON!! Card (Shanks) (Gold),DON Card Shanks Gold,https://tcgplayer-cdn.tcgplayer.com/product/655124_200w.jpg,68,24305,https://cpt.tcgcsv.com/v3g7,2025-10-03T04:10:12.437,1,159.25,175.0,299.0,159.25,,Foil,DON!!,,Your Turn +1000,,DON!!,,,,,
655125,DON!! Card (Hannyabal),DON Card Hannyabal,https://tcgplayer-cdn.tcgplayer.com/product/655125_200w.jpg,68,24305,https://cpt.tcgcsv.com/w3g7,2025-10-03T04:10:12.437,1,0.05,0.27,5.99,0.24,,Normal,DON!!,,Your Turn +1000,,DON!!,,,,,
655125,DON!! Card (Hannyabal),DON Card Hannyabal,https://tcgplayer-cdn.tcgplayer.com/product/655125_200w.jpg,68,24305,https://cpt.tcgcsv.com/w3g7,2025-10-03T04:10:12.437,1,0.2,0.53,24.99,0.5,,Foil,DON!!,,Your Turn +1000,,DON!!,,,,,
655126,DON!! Card (Teach) (Gold),DON Card Teach Gold,https://tcgplayer-cdn.tcgplayer.com/product/655126_200w.jpg,68,24305,https://cpt.tcgcsv.com/x3g7,2025-10-03T04:10:12.437,1,186.5,200.0,499.0,128.43,,Foil,DON!!,,Your Turn +1000,,DON!!,,,,,
655127,DON!! Card (Koby),DON Card Koby,https://tcgplayer-cdn.tcgplayer.com/product/655127_200w.jpg,68,24305,https://cpt.tcgcsv.com/z3g7,2025-10-03T04:10:12.437,1,0.12,0.66,5.99,0.58,,Normal,DON!!,,Your Turn +1000,,DON!!,,,,,
655127,DON!! Card (Koby),DON Card Koby,https://tcgplayer-cdn.tcgplayer.com/product/655127_200w.jpg,68,24305,https://cpt.tcgcsv.com/z3g7,2025-10-03T04:10:12.437,1,1.51,3.29,39.99,2.24,,Foil,DON!!,,Your Turn +1000,,DON!!,,,,,
655128,DON!! Card (Teach),DON Card Teach,https://tcgplayer-cdn.tcgplayer.com/product/655128_200w.jpg,68,24305,https://cpt.tcgcsv.com/B3g7,2025-10-03T04:10:12.437,1,0.35,2.0,7.99,1.8,,Normal,DON!!,,Your Turn +1000,,DON!!,,,,,
655128,DON!! Card (Teach),DON Card Teach,https://tcgplayer-cdn.tcgplayer.com/product/655128_200w.jpg,68,24305,https://cpt.tcgcsv.com/B3g7,2025-10-03T04:10:12.437,1,1.73,7.0,49.99,4.66,,Foil,DON!!,,Your Turn +1000,,DON!!,,,,,
655129,DON!! Card (Koby) (Gold),DON Card Koby Gold,https://tcgplayer-cdn.tcgplayer.com/product/655129_200w.jpg,68,24305,https://cpt.tcgcsv.com/C3g7,2025-10-03T04:10:12.437,1,58.36,67.74,115.44,57.46,,Foil,DON!!,,Your Turn +1000,,DON!!,,,,,
655130,DON!! Card (Buggy),DON Card Buggy,https://tcgplayer-cdn.tcgplayer.com/product/655130_200w.jpg,68,24305,https://cpt.tcgcsv.com/D3g7,2025-10-03T04:10:12.437,1,2.29,5.65,39.99,5.46,,Foil,DON!!,,Your Turn +1000,,DON!!,,,,,
655130,DON!! Card (Buggy),DON Card Buggy,https://tcgplayer-cdn.tcgplayer.com/product/655130_200w.jpg,68,24305,https://cpt.tcgcsv.com/D3g7,2025-10-03T04:10:12.437,1,0.7,1.52,6.99,1.45,,Normal,DON!!,,Your Turn +1000,,DON!!,,,,,
655131,DON!! Card (Buggy) (Gold),DON Card Buggy Gold,https://tcgplayer-cdn.tcgplayer.com/product/655131_200w.jpg,68,24305,https://cpt.tcgcsv.com/F3g7,2025-10-03T04:10:12.437,1,98.0,123.0,159.99,83.49,,Foil,DON!!,,Your Turn +1000,,DON!!,,,,,
655132,DON!! Card (Smoker) (Gold),DON Card Smoker Gold,https://tcgplayer-cdn.tcgplayer.com/product/655132_200w.jpg,68,24305,https://cpt.tcgcsv.com/G3g7,2025-10-03T04:10:12.437,1,55.0,70.35,105.0,44.82,,Foil,DON!!,,Your Turn +1000,,DON!!,,,,,
655133,DON!! Card (Smoker),DON Card Smoker,https://tcgplayer-cdn.tcgplayer.com/product/655133_200w.jpg,68,24305,https://cpt.tcgcsv.com/H3g7,2025-10-03T04:10:12.437,1,2.0,3.19,24.99,2.52,,Foil,DON!!,,Your Turn +1000,,DON!!,,,,,
655133,DON!! Card (Smoker),DON Card Smoker,https://tcgplayer-cdn.tcgplayer.com/product/655133_200w.jpg,68,24305,https://cpt.tcgcsv.com/H3g7,2025-10-03T04:10:12.437,1,0.15,0.65,20.58,0.63,,Normal,DON!!,,Your Turn +1000,,DON!!,,,,,
655134,DON!! Card (Jinbe) (Gold),DON Card Jinbe Gold,https://tcgplayer-cdn.tcgplayer.com/product/655134_200w.jpg,68,24305,https://cpt.tcgcsv.com/J3g7,2025-10-03T04:10:12.437,1,38.61,42.63,120.0,40.2,,Foil,DON!!,,Your Turn +1000,,DON!!,,,,,
655135,DON!! Card (Jinbe),DON Card Jinbe,https://tcgplayer-cdn.tcgplayer.com/product/655135_200w.jpg,68,24305,https://cpt.tcgcsv.com/K3g7,2025-10-03T04:10:12.437,1,3.5,5.14,29.99,4.92,,Foil,DON!!,,Your Turn +1000,,DON!!,,,,,
655135,DON!! Card (Jinbe),DON Card Jinbe,https://tcgplayer-cdn.tcgplayer.com/product/655135_200w.jpg,68,24305,https://cpt.tcgcsv.com/K3g7,2025-10-03T04:10:12.437,1,0.25,1.1,9.99,1.04,,Normal,DON!!,,Your Turn +1000,,DON!!,,,,,
655136,DON!! Card (Yamato),DON Card Yamato,https://tcgplayer-cdn.tcgplayer.com/product/655136_200w.jpg,68,24305,https://cpt.tcgcsv.com/L3g7,2025-10-03T04:10:12.437,1,1.0,4.0,9.95,3.09,,Normal,DON!!,,Your Turn +1000,,DON!!,,,,,
655136,DON!! Card (Yamato),DON Card Yamato,https://tcgplayer-cdn.tcgplayer.com/product/655136_200w.jpg,68,24305,https://cpt.tcgcsv.com/L3g7,2025-10-03T04:10:12.437,1,12.55,18.95,79.99,12.57,,Foil,DON!!,,Your Turn +1000,,DON!!,,,,,
655137,DON!! Card (Yamato) (Gold),DON Card Yamato Gold,https://tcgplayer-cdn.tcgplayer.com/product/655137_200w.jpg,68,24305,https://cpt.tcgcsv.com/M3g7,2025-10-03T04:10:12.437,1,300.0,362.95,1450.0,206.95,,Foil,DON!!,,Your Turn +1000,,DON!!,,,,,
655138,DON!! Card (Carrot) (Gold),DON Card Carrot Gold,https://tcgplayer-cdn.tcgplayer.com/product/655138_200w.jpg,68,24305,https://cpt.tcgcsv.com/N3g7,2025-10-03T04:10:12.437,1,55.0,68.09,235.0,65.23,,Foil,DON!!,,Your Turn +1000,,DON!!,,,,,
655139,DON!! Card (Carrot),DON Card Carrot,https://tcgplayer-cdn.tcgplayer.com/product/655139_200w.jpg,68,24305,https://cpt.tcgcsv.com/P3g7,2025-10-03T04:10:12.437,1,0.55,1.17,5.99,1.09,,Normal,DON!!,,Your Turn +1000,,DON!!,,,,,
655139,DON!! Card (Carrot),DON Card Carrot,https://tcgplayer-cdn.tcgplayer.com/product/655139_200w.jpg,68,24305,https://cpt.tcgcsv.com/P3g7,2025-10-03T04:10:12.437,1,4.25,4.99,49.99,4.4,,Foil,DON!!,,Your Turn +1000,,DON!!,,,,,
655140,DON!! Card (Pudding),DON Card Pudding,https://tcgplayer-cdn.tcgplayer.com/product/655140_200w.jpg,68,24305,https://cpt.tcgcsv.com/Q3g7,2025-10-03T04:10:12.437,1,0.4,0.86,7.99,0.84,,Normal,DON!!,,Your Turn +1000,,DON!!,,,,,
655140,DON!! Card (Pudding),DON Card Pudding,https://tcgplayer-cdn.tcgplayer.com/product/655140_200w.jpg,68,24305,https://cpt.tcgcsv.com/Q3g7,2025-10-03T04:10:12.437,1,1.99,3.01,49.99,2.54,,Foil,DON!!,,Your Turn +1000,,DON!!,,,,,
655141,DON!! Card (Pudding) (Gold),DON Card Pudding Gold,https://tcgplayer-cdn.tcgplayer.com/product/655141_200w.jpg,68,24305,https://cpt.tcgcsv.com/R3g7,2025-10-03T04:10:12.437,1,139.99,140.0,140.0,86.98,,Foil,DON!!,,Your Turn +1000,,DON!!,,,,,
655480,DON!! Card (Vegapunk),DON Card Vegapunk,https://tcgplayer-cdn.tcgplayer.com/product/655480_200w.jpg,68,24305,https://cpt.tcgcsv.com/Dcg7,2025-10-03T04:10:12.437,1,2.0,3.65,24.99,2.32,,Foil,DON!!,,Your Turn +1000,,DON!!,,,,,
655480,DON!! Card (Vegapunk),DON Card Vegapunk,https://tcgplayer-cdn.tcgplayer.com/product/655480_200w.jpg,68,24305,https://cpt.tcgcsv.com/Dcg7,2025-10-03T04:10:12.437,1,0.25,0.59,6.99,0.53,,Normal,DON!!,,Your Turn +1000,,DON!!,,,,,
655481,DON!! Card (Vegapunk) (Gold),DON Card Vegapunk Gold,https://tcgplayer-cdn.tcgplayer.com/product/655481_200w.jpg,68,24305,https://cpt.tcgcsv.com/Fcg7,2025-10-03T04:10:12.437,1,45.25,50.0,100.0,45.7,,Foil,DON!!,,Your Turn +1000,,DON!!,,,,,
655482,DON!! Card (Lim),DON Card Lim,https://tcgplayer-cdn.tcgplayer.com/product/655482_200w.jpg,68,24305,https://cpt.tcgcsv.com/Gcg7,2025-10-03T04:10:12.437,1,1.5,3.69,24.99,1.91,,Foil,DON!!,,Your Turn +1000,,DON!!,,,,,
655482,DON!! Card (Lim),DON Card Lim,https://tcgplayer-cdn.tcgplayer.com/product/655482_200w.jpg,68,24305,https://cpt.tcgcsv.com/Gcg7,2025-10-03T04:10:12.437,1,0.08,0.54,5.99,0.49,,Normal,DON!!,,Your Turn +1000,,DON!!,,,,,
655483,DON!! Card (Lim) (Gold),DON Card Lim Gold,https://tcgplayer-cdn.tcgplayer.com/product/655483_200w.jpg,68,24305,https://cpt.tcgcsv.com/Hcg7,2025-10-03T04:10:12.437,1,36.99,42.64,77.49,35.7,,Foil,DON!!,,Your Turn +1000,,DON!!,,,,,
655485,DON!! Card (Caesar Clown),DON Card Caesar Clown,https://tcgplayer-cdn.tcgplayer.com/product/655485_200w.jpg,68,24305,https://cpt.tcgcsv.com/Kcg7,2025-10-03T04:10:12.437,1,0.1,0.39,5.99,0.35,,Normal,DON!!,,Your Turn +1000,,DON!!,,,,,
655485,DON!! Card (Caesar Clown),DON Card Caesar Clown,https://tcgplayer-cdn.tcgplayer.com/product/655485_200w.jpg,68,24305,https://cpt.tcgcsv.com/Kcg7,2025-10-03T04:10:12.437,1,0.25,0.99,24.99,0.87,,Foil,DON!!,,Your Turn +1000,,DON!!,,,,,
655486,DON!! Card (Caesar Clown) (Gold),DON Card Caesar Clown Gold,https://tcgplayer-cdn.tcgplayer.com/product/655486_200w.jpg,68,24305,https://cpt.tcgcsv.com/Lcg7,2025-10-03T04:10:12.437,1,30.98,35.95,160.0,34.36,,Foil,DON!!,,Your Turn +1000,,DON!!,,,,,
655487,DON!! Card (Foxy) (Gold),DON Card Foxy Gold,https://tcgplayer-cdn.tcgplayer.com/product/655487_200w.jpg,68,24305,https://cpt.tcgcsv.com/Mcg7,2025-10-03T04:10:12.437,1,38.5,43.87,69.99,39.01,,Foil,DON!!,,Your Turn +1000,,DON!!,,,,,
655489,DON!! Card (Foxy),DON Card Foxy,https://tcgplayer-cdn.tcgplayer.com/product/655489_200w.jpg,68,24305,https://cpt.tcgcsv.com/Pcg7,2025-10-03T04:10:12.437,1,1.42,2.52,39.99,2.13,,Foil,DON!!,,Your Turn +1000,,DON!!,,,,,
655489,DON!! Card (Foxy),DON Card Foxy,https://tcgplayer-cdn.tcgplayer.com/product/655489_200w.jpg,68,24305,https://cpt.tcgcsv.com/Pcg7,2025-10-03T04:10:12.437,1,0.1,0.46,20.38,0.4,,Normal,DON!!,,Your Turn +1000,,DON!!,,,,,
655513,DON!! Card (Shirahoshi),DON Card Shirahoshi,https://tcgplayer-cdn.tcgplayer.com/product/655513_200w.jpg,68,24305,https://cpt.tcgcsv.com/hdg7,2025-10-03T04:10:12.437,1,1.99,3.75,15.0,2.95,,Foil,DON!!,,Your Turn +1000,,DON!!,,,,,
655513,DON!! Card (Shirahoshi),DON Card Shirahoshi,https://tcgplayer-cdn.tcgplayer.com/product/655513_200w.jpg,68,24305,https://cpt.tcgcsv.com/hdg7,2025-10-03T04:10:12.437,1,0.37,0.98,7.99,0.94,,Normal,DON!!,,Your Turn +1000,,DON!!,,,,,
655514,DON!! Card (Shirahoshi) (Gold),DON Card Shirahoshi Gold,https://tcgplayer-cdn.tcgplayer.com/product/655514_200w.jpg,68,24305,https://cpt.tcgcsv.com/jdg7,2025-10-03T04:10:12.437,1,39.0,48.99,99.93,45.51,,Foil,DON!!,,Your Turn +1000,,DON!!,,,,,
655515,DON!! Card (Sugar),DON Card Sugar,https://tcgplayer-cdn.tcgplayer.com/product/655515_200w.jpg,68,24305,https://cpt.tcgcsv.com/kdg7,2025-10-03T04:10:12.437,1,0.99,2.77,29.99,1.9,,Foil,DON!!,,Your Turn +1000,,DON!!,,,,,
655515,DON!! Card (Sugar),DON Card Sugar,https://tcgplayer-cdn.tcgplayer.com/product/655515_200w.jpg,68,24305,https://cpt.tcgcsv.com/kdg7,2025-10-03T04:10:12.437,1,0.19,0.62,6.99,0.63,,Normal,DON!!,,Your Turn +1000,,DON!!,,,,,
655516,DON!! Card (Sugar) (Gold),DON Card Sugar Gold,https://tcgplayer-cdn.tcgplayer.com/product/655516_200w.jpg,68,24305,https://cpt.tcgcsv.com/ldg7,2025-10-03T04:10:12.437,1,45.68,51.24,84.99,50.11,,Foil,DON!!,,Your Turn +1000,,DON!!,,,,,
655740,DON!! Card (Kalgara) (Gold),DON Card Kalgara Gold,https://tcgplayer-cdn.tcgplayer.com/product/655740_200w.jpg,68,24305,https://cpt.tcgcsv.com/Qjg7,2025-10-03T04:10:12.437,1,51.36,74.99,300.0,51.36,,Foil,DON!!,,Your Turn +1000,,DON!!,,,,,
655741,DON!! Card (Kalgara),DON Card Kalgara,https://tcgplayer-cdn.tcgplayer.com/product/655741_200w.jpg,68,24305,https://cpt.tcgcsv.com/Rjg7,2025-10-03T04:10:12.437,1,0.24,0.59,5.99,0.6,,Normal,DON!!,,Your Turn +1000,,DON!!,,,,,
655741,DON!! Card (Kalgara),DON Card Kalgara,https://tcgplayer-cdn.tcgplayer.com/product/655741_200w.jpg,68,24305,https://cpt.tcgcsv.com/Rjg7,2025-10-03T04:10:12.437,1,1.99,3.0,24.99,2.9,,Foil,DON!!,,Your Turn +1000,,DON!!,,,,,
655742,DON!! Card (Kyros),DON Card Kyros,https://tcgplayer-cdn.tcgplayer.com/product/655742_200w.jpg,68,24305,https://cpt.tcgcsv.com/Sjg7,2025-10-03T04:10:12.437,1,0.1,0.4,20.35,0.41,,Normal,DON!!,,Your Turn +1000,,DON!!,,,,,
655742,DON!! Card (Kyros),DON Card Kyros,https://tcgplayer-cdn.tcgplayer.com/product/655742_200w.jpg,68,24305,https://cpt.tcgcsv.com/Sjg7,2025-10-03T04:10:12.437,1,0.25,1.0,39.99,0.92,,Foil,DON!!,,Your Turn +1000,,DON!!,,,,,
655743,DON!! Card (Kyros) (Gold),DON Card Kyros Gold,https://tcgplayer-cdn.tcgplayer.com/product/655743_200w.jpg,68,24305,https://cpt.tcgcsv.com/Tjg7,2025-10-03T04:10:12.437,1,25.0,27.43,105.85,27.31,,Foil,DON!!,,Your Turn +1000,,DON!!,,,,,
655895,DON!! Card (Gear 4 Luffy),DON Card Gear 4 Luffy,https://tcgplayer-cdn.tcgplayer.com/product/655895_200w.jpg,68,24305,https://cpt.tcgcsv.com/Wmg7,2025-10-03T04:10:12.437,1,1.99,3.53,49.99,2.62,,Foil,DON!!,,Your Turn +1000,,DON!!,,,,,
655895,DON!! Card (Gear 4 Luffy),DON Card Gear 4 Luffy,https://tcgplayer-cdn.tcgplayer.com/product/655895_200w.jpg,68,24305,https://cpt.tcgcsv.com/Wmg7,2025-10-03T04:10:12.437,1,0.19,0.61,20.51,0.56,,Normal,DON!!,,Your Turn +1000,,DON!!,,,,,
655896,DON!! Card (Gear 4 Luffy) (Gold),DON Card Gear 4 Luffy Gold,https://tcgplayer-cdn.tcgplayer.com/product/655896_200w.jpg,68,24305,https://cpt.tcgcsv.com/Xmg7,2025-10-03T04:10:12.437,1,79.99,120.99,200.0,93.16,,Foil,DON!!,,Your Turn +1000,,DON!!,,,,,
655898,DON!! Card (Nami),DON Card Nami,https://tcgplayer-cdn.tcgplayer.com/product/655898_200w.jpg,68,24305,https://cpt.tcgcsv.com/-mg7,2025-10-03T04:10:12.437,1,7.25,10.0,187.49,9.2,,Foil,DON!!,,Your Turn +1000,,DON!!,,,,,
655898,DON!! Card (Nami),DON Card Nami,https://tcgplayer-cdn.tcgplayer.com/product/655898_200w.jpg,68,24305,https://cpt.tcgcsv.com/-mg7,2025-10-03T04:10:12.437,1,1.0,1.71,10.99,1.61,,Normal,DON!!,,Your Turn +1000,,DON!!,,,,,
655899,DON!! Card (Nami) (Gold),DON Card Nami Gold,https://tcgplayer-cdn.tcgplayer.com/product/655899_200w.jpg,68,24305,https://cpt.tcgcsv.com/_mg7,2025-10-03T04:10:12.437,1,360.41,393.95,395.95,191.77,,Foil,DON!!,,Your Turn +1000,,DON!!,,,,,
655911,DON!! Card (Usopp) (Gold),DON Card Usopp Gold,https://tcgplayer-cdn.tcgplayer.com/product/655911_200w.jpg,68,24305,https://cpt.tcgcsv.com/fng7,2025-10-03T04:10:12.437,1,75.25,86.49,135.0,82.72,,Foil,DON!!,,Your Turn +1000,,DON!!,,,,,
655912,DON!! Card (Usopp),DON Card Usopp,https://tcgplayer-cdn.tcgplayer.com/product/655912_200w.jpg,68,24305,https://cpt.tcgcsv.com/gng7,2025-10-03T04:10:12.437,1,2.34,3.99,44.99,3.53,,Foil,DON!!,,Your Turn +1000,,DON!!,,,,,
655912,DON!! Card (Usopp),DON Card Usopp,https://tcgplayer-cdn.tcgplayer.com/product/655912_200w.jpg,68,24305,https://cpt.tcgcsv.com/gng7,2025-10-03T04:10:12.437,1,0.43,0.9,7.99,0.81,,Normal,DON!!,,Your Turn +1000,,DON!!,,,,,
655913,DON!! Card (Chopper),DON Card Chopper,https://tcgplayer-cdn.tcgplayer.com/product/655913_200w.jpg,68,24305,https://cpt.tcgcsv.com/hng7,2025-10-03T04:10:12.437,1,8.12,14.21,30.0,12.82,,Foil,DON!!,,Your Turn +1000,,DON!!,,,,,
655913,DON!! Card (Chopper),DON Card Chopper,https://tcgplayer-cdn.tcgplayer.com/product/655913_200w.jpg,68,24305,https://cpt.tcgcsv.com/hng7,2025-10-03T04:10:12.437,1,1.66,2.35,9.99,2.16,,Normal,DON!!,,Your Turn +1000,,DON!!,,,,,
655914,DON!! Card (Chopper) (Gold),DON Card Chopper Gold,https://tcgplayer-cdn.tcgplayer.com/product/655914_200w.jpg,68,24305,https://cpt.tcgcsv.com/jng7,2025-10-03T04:10:12.437,1,255.0,260.5,293.15,158.46,,Foil,DON!!,,Your Turn +1000,,DON!!,,,,,
655915,DON!! Card (Sanji) (Gold),DON Card Sanji Gold,https://tcgplayer-cdn.tcgplayer.com/product/655915_200w.jpg,68,24305,https://cpt.tcgcsv.com/kng7,2025-10-03T04:10:12.437,1,59.99,64.59,72.0,59.36,,Foil,DON!!,,Your Turn +1000,,DON!!,,,,,
655916,DON!! Card (Sanji),DON Card Sanji,https://tcgplayer-cdn.tcgplayer.com/product/655916_200w.jpg,68,24305,https://cpt.tcgcsv.com/lng7,2025-10-03T04:10:12.437,1,0.4,0.75,8.99,0.69,,Normal,DON!!,,Your Turn +1000,,DON!!,,,,,
655916,DON!! Card (Sanji),DON Card Sanji,https://tcgplayer-cdn.tcgplayer.com/product/655916_200w.jpg,68,24305,https://cpt.tcgcsv.com/lng7,2025-10-03T04:10:12.437,1,1.59,2.52,34.99,2.26,,Foil,DON!!,,Your Turn +1000,,DON!!,,,,,
655917,DON!! Card (Robin),DON Card Robin,https://tcgplayer-cdn.tcgplayer.com/product/655917_200w.jpg,68,24305,https://cpt.tcgcsv.com/mng7,2025-10-03T04:10:12.437,1,1.0,1.75,7.99,1.49,,Normal,DON!!,,Your Turn +1000,,DON!!,,,,,
655917,DON!! Card (Robin),DON Card Robin,https://tcgplayer-cdn.tcgplayer.com/product/655917_200w.jpg,68,24305,https://cpt.tcgcsv.com/mng7,2025-10-03T04:10:12.437,1,6.5,8.57,89.99,8.16,,Foil,DON!!,,Your Turn +1000,,DON!!,,,,,
655918,DON!! Card (Robin) (Gold),DON Card Robin Gold,https://tcgplayer-cdn.tcgplayer.com/product/655918_200w.jpg,68,24305,https://cpt.tcgcsv.com/nng7,2025-10-03T04:10:12.437,1,165.36,177.22,206.7,165.36,,Foil,DON!!,,Your Turn +1000,,DON!!,,,,,
655979,Just Shut Up and Come with Us!!!! (Reprint),Just Shut Up and Come with Us Reprint,https://tcgplayer-cdn.tcgplayer.com/product/655979_200w.jpg,68,24305,https://cpt.tcgcsv.com/Cpg7,2025-10-03T04:10:12.437,1,0.01,0.15,3.0,0.08,,Normal,C,EB01-009,"[Counter] Look at 5 cards from the top of your deck and play up to 1 [Animal] type Character card with a cost of 3 or less. Then, place the rest at the bottom of your deck in any order.
<br>
<br><span style=""color: red;"">Disclaimer: This card was reprinted from the original set with changes to the copyright information (Note: the original print did not include ""EN"" at the end of the copyright).</span>",Red,Event,1,,Straw Hat Crew;Drum Kingdom,,
655980,Just Shut Up and Come with Us!!!! (Pirate Foil),Just Shut Up and Come with Us Pirate Foil,https://tcgplayer-cdn.tcgplayer.com/product/655980_200w.jpg,68,24305,https://cpt.tcgcsv.com/Dpg7,2025-10-03T04:10:12.437,1,0.06,0.25,4.99,0.22,,Foil,C,EB01-009,"[Counter] Look at 5 cards from the top of your deck and play up to 1 [Animal] type Character card with a cost of 3 or less. Then, place the rest at the bottom of your deck in any order.",Red,Event,1,,Straw Hat Crew;Drum Kingdom,,
655981,Cavendish - EB01-012 (Reprint),Cavendish EB01 012 Reprint,https://tcgplayer-cdn.tcgplayer.com/product/655981_200w.jpg,68,24305,https://cpt.tcgcsv.com/Fpg7,2025-10-03T04:10:12.437,1,0.7,2.0,18.99,0.99,,Foil,SR,EB01-012,"[On Play]/[When Attacking] If your Leader has the [Supernovas] type and you have no other [Cavendish] Characters, set up to 2 of your DON!! cards as active.
<br>
<br><span style=""color: red;"">Disclaimer: This card was reprinted from the original set with changes to the copyright information (Note: the original print did not include ""EN"" at the end of the copyright).</span>",Green,Character,5,6000,Beautiful Pirates;Supernovas,1000,Slash
655982,Scratchmen Apoo - EB01-015 (Reprint),Scratchmen Apoo EB01 015 Reprint,https://tcgplayer-cdn.tcgplayer.com/product/655982_200w.jpg,68,24305,https://cpt.tcgcsv.com/Gpg7,2025-10-06T14:44:23.027,1,0.09,0.35,20.29,0.34,,Foil,R,EB01-015,"[On Play] Rest up to 1 of your opponent's Characters with a cost of 2 or less.
<br>
<br><span style=""color: red;"">Disclaimer: This card was reprinted from the original set with changes to the copyright information (Note: the original print did not include ""EN"" at the end of the copyright).</span>",Green,Character,1,1000,On-Air Pirates;Supernovas,2000,Special
655983,Mountain God (Reprint),Mountain God Reprint,https://tcgplayer-cdn.tcgplayer.com/product/655983_200w.jpg,68,24305,https://cpt.tcgcsv.com/Hpg7,2025-10-03T04:10:12.437,1,0.01,0.1,3.0,0.04,,Normal,C,EB01-018,"<span style=""color: red;"">Disclaimer: This card was reprinted from the original set with changes to the copyright information (Note: the original print did not include ""EN"" at the end of the copyright).</span>",Green,Character,5,7000,Animal;Land of Wano,1000,Strike
655984,Mountain God (Pirate Foil),Mountain God Pirate Foil,https://tcgplayer-cdn.tcgplayer.com/product/655984_200w.jpg,68,24305,https://cpt.tcgcsv.com/Jpg7,2025-10-03T04:10:12.437,1,0.01,0.2,4.0,0.15,,Foil,C,EB01-018,,Green,Character,5,7000,Animal;Land of Wano,1000,Strike
655985,My Era...Begins!! (Reprint),My EraBegins Reprint,https://tcgplayer-cdn.tcgplayer.com/product/655985_200w.jpg,68,24305,https://cpt.tcgcsv.com/Kpg7,2025-10-03T04:10:12.437,1,0.25,2.07,5.0,1.88,,Foil,R,OP09-096,"[Main] Look at 3 cards from the top of your deck; reveal up to 1 ""Blackbeard Pirates"" type card other than [My Era...Begins!!] and add it to your hand. Then, trash the rest.<br>
[Trigger] Activate this card's [Main] effect.

<br>
<br><span style=""color: red;"">Disclaimer: This card was reprinted from the original set with changes to the copyright information (Note: the original print did not include ""EN"" at the end of the copyright).</span>",Black,Event,1,,Blackbeard Pirates,,
655986,Oh Come My Way (Reprint),Oh Come My Way Reprint,https://tcgplayer-cdn.tcgplayer.com/product/655986_200w.jpg,68,24305,https://cpt.tcgcsv.com/Lpg7,2025-10-03T04:10:12.437,1,0.01,0.12,3.0,0.08,,Normal,C,EB01-038,"[Counter] DON!! -1 <em>(You may return the specified number of DON!! cards from your field to your DON!! deck.)</em>: If your Leader's type includes ""Baroque Works"", select 1 of your Characters. Change the attack target to the selected Character.
<br>
[Trigger] DON!! -1: Draw 2 cards.
<br>
<br><span style=""color: red;"">Disclaimer: This card was reprinted from the original set with changes to the copyright information (Note: the original print did not include ""EN"" at the end of the copyright).</span>",Purple,Event,1,,Baroque Works,,
655987,Oh Come My Way (Pirate Foil),Oh Come My Way Pirate Foil,https://tcgplayer-cdn.tcgplayer.com/product/655987_200w.jpg,68,24305,https://cpt.tcgcsv.com/Mpg7,2025-10-03T04:10:12.437,1,0.05,0.25,4.0,0.17,,Foil,C,EB01-038,"[Counter] DON!! -1 <em>(You may return the specified number of DON!! cards from your field to your DON!! deck.)</em>: If your Leader's type includes ""Baroque Works"", select 1 of your Characters. Change the attack target to the selected Character.
<br>
[Trigger] DON!! -1: Draw 2 cards.",Purple,Event,1,,Baroque Works,,
655988,Brook - EB01-046 (Reprint),Brook EB01 046 Reprint,https://tcgplayer-cdn.tcgplayer.com/product/655988_200w.jpg,68,24305,https://cpt.tcgcsv.com/Npg7,2025-10-03T04:10:12.437,1,0.32,0.85,12.0,0.66,,Foil,SR,EB01-046,"[On Play]/[When Attacking] Give up to 1 of your opponent's Characters -1 cost during this turn. Then, K.O. up to 1 of your opponent's Characters with a cost of 0.
<br>
<br><span style=""color: red;"">Disclaimer: This card was reprinted from the original set with changes to the copyright information (Note: the original print did not include ""EN"" at the end of the copyright).</span>",Black,Character,3,4000,Straw Hat Crew,1000,Slash
655989,Gum-Gum Giant (Reprint),Gum Gum Giant Reprint,https://tcgplayer-cdn.tcgplayer.com/product/655989_200w.jpg,68,24305,https://cpt.tcgcsv.com/Ppg7,2025-10-03T04:10:12.437,1,0.09,0.38,5.0,0.34,,Foil,R,OP09-078,"[Counter] <strong>DON!! 2, You may trash 1 card from your hand</strong>: If your Leader has the ""Straw Hat Crew"" type, up to 1 of your Leader or Character cards gains +4000 power during this battle. Then, draw 2 cards.

<br>
<br><span style=""color: red;"">Disclaimer: This card was reprinted from the original set with changes to the copyright information (Note: the original print did not include ""EN"" at the end of the copyright).</span>",Purple,Event,1,,Straw Hat Crew;The Four Emperors,,
655990,Laboon (Reprint),Laboon Reprint,https://tcgplayer-cdn.tcgplayer.com/product/655990_200w.jpg,68,24305,https://cpt.tcgcsv.com/Qpg7,2025-10-03T04:10:12.437,1,0.35,0.99,10.0,0.71,,Foil,SR,EB01-048,"[Activate:Main]<strong>You may rest this Character</strong>: Give up to 1 of your opponent's Characters -4 cost during this turn.
<br>
<br><span style=""color: red;"">Disclaimer: This card was reprinted from the original set with changes to the copyright information (Note: the original print did not include ""EN"" at the end of the copyright).</span>",Black,Character,4,5000,Animal,1000,Strike
655991,Finger Pistol (Reprint),Finger Pistol Reprint,https://tcgplayer-cdn.tcgplayer.com/product/655991_200w.jpg,68,24305,https://cpt.tcgcsv.com/Rpg7,2025-10-03T04:10:12.437,1,0.1,0.46,20.46,0.29,,Foil,R,EB01-051,"[Main] <strong>You may trash 2 cards from the top of your deck</strong>: K.O. up to 1 of your opponent's Characters with a cost of 5 or less.
<br>
<br><span style=""color: red;"">Disclaimer: This card was reprinted from the original set with changes to the copyright information (Note: the original print did not include ""EN"" at the end of the copyright).</span>",Black,Event,4,,CP9,,
655992,Finger Pistol (Alternate Art),Finger Pistol Alternate Art,https://tcgplayer-cdn.tcgplayer.com/product/655992_200w.jpg,68,24305,https://cpt.tcgcsv.com/Spg7,2025-10-03T04:10:12.437,1,7.65,11.0,40.75,9.21,,Foil,R,EB01-051,[Main] <strong>You may trash 2 cards from the top of your deck</strong>: K.O. up to 1 of your opponent's Characters with a cost of 5 or less.,Black,Event,4,,CP9,,
655993,Shirahoshi (Reprint),Shirahoshi Reprint,https://tcgplayer-cdn.tcgplayer.com/product/655993_200w.jpg,68,24305,https://cpt.tcgcsv.com/Tpg7,2025-10-03T04:10:12.437,1,0.09,0.57,15.25,0.53,,Foil,SR,EB01-057,"When this Character is K.O.'d by your opponent's effect, add up to 1 card from the top of your deck to the top of your Life cards.
<br>
[Blocker] <em>(After your opponent declares an attack, you may rest this card to make it the new target of the attack.)</em>
<br>
<br><span style=""color: red;"">Disclaimer: This card was reprinted from the original set with changes to the copyright information (Note: the original print did not include ""EN"" at the end of the copyright).</span>",Yellow,Character,2,0,Merfolk,1000,Wisdom
655994,Did Someone Say...Kami? (Reprint),Did Someone SayKami Reprint,https://tcgplayer-cdn.tcgplayer.com/product/655994_200w.jpg,68,24305,https://cpt.tcgcsv.com/Vpg7,2025-10-03T04:10:12.437,1,0.01,0.1,3.0,0.08,,Normal,C,EB01-060,"[Main] Play up to 1 [Enel] with a cost of 7 or less life from your hand or trash. Then, trash cards from the top of your Life cards until you have 1 Life card.
<br>
[Trigger] Draw 2 cards and trash 1 card from your hand.
<br>
<br><span style=""color: red;"">Disclaimer: This card was reprinted from the original set with changes to the copyright information (Note: the original print did not include ""EN"" at the end of the copyright).</span>",Yellow,Event,4,,Sky Island,,
655995,Did Someone Say...Kami? (Pirate Foil),Did Someone SayKami Pirate Foil,https://tcgplayer-cdn.tcgplayer.com/product/655995_200w.jpg,68,24305,https://cpt.tcgcsv.com/Wpg7,2025-10-03T04:10:12.437,1,0.04,0.23,3.0,0.17,,Foil,C,EB01-060,"[Main] Play up to 1 [Enel] with a cost of 7 or less life from your hand or trash. Then, trash cards from the top of your Life cards until you have 1 Life card.
<br>
[Trigger] Draw 2 cards and trash 1 card from your hand.",Yellow,Event,4,,Sky Island,,
655996,Mr.2.Bon.Kurei (Bentham) (Reprint),Mr2BonKurei Bentham Reprint,https://tcgplayer-cdn.tcgplayer.com/product/655996_200w.jpg,68,24305,https://cpt.tcgcsv.com/Xpg7,2025-10-03T04:10:12.437,1,14.0,18.99,45.0,15.72,,Foil,SEC,EB01-061,"[On Play] Add up to 1 DON!! card from your DON!! deck and set it as active.
<br>
[When Attacking] Select up to 1 of your opponent's Characters. This Character's base power becomes the same as the selected Character's power during this turn.
<br>
<br><span style=""color: red;"">Disclaimer: This card was reprinted from the original set with changes to the copyright information (Note: the original print did not include ""EN"" at the end of the copyright).</span>",Purple,Character,4,1000,Former Baroque Works,1000,Special
655997,Sanji - ST21-003 (Reprint),Sanji ST21 003 Reprint,https://tcgplayer-cdn.tcgplayer.com/product/655997_200w.jpg,68,24305,https://cpt.tcgcsv.com/Zpg7,2025-10-03T04:10:12.437,1,0.01,0.45,3.04,0.42,,Normal,C,ST21-003,"[On Play] Select up to 1 of your {Straw Hat Crew} type Characters with 6000 power or more. If the selected Character attacks during this turn, your opponent cannot activate [Blocker].
<br>
<br><span style=""color: red;"">Disclaimer: This card was reprinted from the original set with changes to the copyright information (Note: the original print did not include ""EN"" at the end of the copyright).</span>",Red,Character,2,3000,Straw Hat Crew,2000,Strike
655998,Killer (Reprint),Killer Reprint,https://tcgplayer-cdn.tcgplayer.com/product/655998_200w.jpg,68,24305,https://cpt.tcgcsv.com/-pg7,2025-10-03T04:10:12.437,1,0.01,0.15,5.99,0.14,,Normal,UC,OP01-039,"[Blocker] <em>(After your opponent declares an attack, you may rest this card to make it the new target of the attack.)</em>
<br>
[DON!! x1] [On Block] If you have 3 or more Characters, draw 1 card.
<br>
<br><span style=""color: red;"">Disclaimer: This card was reprinted from the original set with changes to the copyright information (Note: the original print did not include ""EN"" at the end of the copyright) and the Artist Credit (Note: there is no pencil design on top of the artist name).</span>",Green,Character,2,2000,Kid Pirates;Supernovas,1000,Slash
655999,Killer (Pirate Foil),Killer Pirate Foil,https://tcgplayer-cdn.tcgplayer.com/product/655999_200w.jpg,68,24305,https://cpt.tcgcsv.com/_pg7,2025-10-03T04:10:12.437,1,0.07,0.25,4.99,0.2,,Foil,UC,OP01-039,"[Blocker] <em>(After your opponent declares an attack, you may rest this card to make it the new target of the attack.)</em>
<br>
[DON!! x1] [On Block] If you have 3 or more Characters, draw 1 card.",Green,Character,2,2000,Kid Pirates;Supernovas,1000,Slash
656000,Sanji - ST21-003 (Pirate Foil),Sanji ST21 003 Pirate Foil,https://tcgplayer-cdn.tcgplayer.com/product/656000_200w.jpg,68,24305,https://cpt.tcgcsv.com/0qg7,2025-10-03T04:10:12.437,1,0.1,0.87,5.99,0.82,,Foil,C,ST21-003,"[On Play] Select up to 1 of your {Straw Hat Crew} type Characters with 6000 power or more. If the selected Character attacks during this turn, your opponent cannot activate [Blocker].",Red,Character,2,3000,Straw Hat Crew,2000,Strike
656001,You Can Be My Samurai!! (Reprint),You Can Be My Samurai Reprint,https://tcgplayer-cdn.tcgplayer.com/product/656001_200w.jpg,68,24305,https://cpt.tcgcsv.com/2qg7,2025-10-03T04:10:12.437,1,0.01,0.24,3.0,0.26,,Normal,C,OP01-055,"[Main] <strong>You may rest 2 of your Characters:</strong> Draw 2 cards.
<br>
<br><span style=""color: red;"">Disclaimer: This card was reprinted from the original set with changes to the copyright information (Note: the original print did not include ""EN"" at the end of the copyright).</span>",Green,Event,1,,Land of Wano;Kouzuki Clan,,
656002,You Can Be My Samurai!! (Pirate Foil),You Can Be My Samurai Pirate Foil,https://tcgplayer-cdn.tcgplayer.com/product/656002_200w.jpg,68,24305,https://cpt.tcgcsv.com/3qg7,2025-10-03T04:10:12.437,1,0.19,3.27,5.99,2.72,,Foil,C,OP01-055,[Main] <strong>You may rest 2 of your Characters:</strong> Draw 2 cards.,Green,Event,1,,Land of Wano;Kouzuki Clan,,
656003,Curly.Dadan (Reprint),CurlyDadan Reprint,https://tcgplayer-cdn.tcgplayer.com/product/656003_200w.jpg,68,24305,https://cpt.tcgcsv.com/5qg7,2025-10-03T04:10:12.437,1,0.01,0.1,3.0,0.04,,Normal,UC,OP02-005,"[On Play] Look at up to 5 cards from the top of your deck; reveal up to 1 red Character with a cost of 1 and add it to your hand. Then, place the rest at the bottom of your deck in any order.
<br>
<br><span style=""color: red;"">Disclaimer: This card was reprinted from the original set with changes to the copyright information (Note: the original print did not include ""EN"" at the end of the copyright) and the Artist Credit (Note: there is no pencil design on top of the artist name).</span>",Red,Character,2,3000,Mountain Bandits;Mountain Bandits,1000,Slash
656004,Curly.Dadan (Pirate Foil),CurlyDadan Pirate Foil,https://tcgplayer-cdn.tcgplayer.com/product/656004_200w.jpg,68,24305,https://cpt.tcgcsv.com/6qg7,2025-10-03T04:10:12.437,1,0.01,0.2,3.99,0.18,,Foil,UC,OP02-005,"[On Play] Look at up to 5 cards from the top of your deck; reveal up to 1 red Character with a cost of 1 and add it to your hand. Then, place the rest at the bottom of your deck in any order.",Red,Character,2,3000,Mountain Bandits;Mountain Bandits,1000,Slash
656005,Gum-Gum Rain (Reprint),Gum Gum Rain Reprint,https://tcgplayer-cdn.tcgplayer.com/product/656005_200w.jpg,68,24305,https://cpt.tcgcsv.com/7qg7,2025-10-03T04:10:12.437,1,0.15,0.32,1000.0,0.27,,Foil,R,OP02-068,"[Counter] <strong>You may trash 1 card from your hand</strong>: Up to 1 of your Leader or Character cards gains +3000 power during this battle.
<br>
[Trigger] Return up to 1 Character with a cost of 2 or less to the owner's hand.
<br>
<br><span style=""color: red;"">Disclaimer: This card was reprinted from the original set with changes to the copyright information (Note: the original print did not include ""EN"" at the end of the copyright).</span>",Blue,Event,0,,Straw Hat Crew;Impel Down,,
656006,Gum-Gum Rain (Alternate Art),Gum Gum Rain Alternate Art,https://tcgplayer-cdn.tcgplayer.com/product/656006_200w.jpg,68,24305,https://cpt.tcgcsv.com/8qg7,2025-10-03T04:10:12.437,1,58.0,67.97,100.0,60.11,,Foil,R,OP02-068,"[Counter] <strong>You may trash 1 card from your hand</strong>: Up to 1 of your Leader or Character cards gains +3000 power during this battle.
<br>
[Trigger] Return up to 1 Character with a cost of 2 or less to the owner's hand.",Blue,Event,0,,Straw Hat Crew;Impel Down,,
656007,Charlotte Brulee (Reprint),Charlotte Brulee Reprint,https://tcgplayer-cdn.tcgplayer.com/product/656007_200w.jpg,68,24305,https://cpt.tcgcsv.com/9qg7,2025-10-03T04:10:12.437,1,0.01,0.1,3.0,0.05,,Normal,C,ST20-003,"[Trigger] Look at up to 1 card from the top of your or your opponent's Life cards, and place it at the top or bottom of the Life cards. Then, add this card to your hand.
<br>
<br><span style=""color: red;"">Disclaimer: This card was reprinted from the original set with changes to the copyright information (Note: the original print did not include ""EN"" at the end of the copyright).</span>",Yellow,Character,3,3000,Big Mom Pirates,2000,Special
656008,Charlotte Brulee (Pirate Foil),Charlotte Brulee Pirate Foil,https://tcgplayer-cdn.tcgplayer.com/product/656008_200w.jpg,68,24305,https://cpt.tcgcsv.com/bqg7,2025-10-03T04:10:12.437,1,0.01,0.24,4.0,0.17,,Foil,C,ST20-003,"[Trigger] Look at up to 1 card from the top of your or your opponent's Life cards, and place it at the top or bottom of the Life cards. Then, add this card to your hand.",Yellow,Character,3,3000,Big Mom Pirates,2000,Special
656009,Buggy - OP03-008 (Reprint),Buggy OP03 008 Reprint,https://tcgplayer-cdn.tcgplayer.com/product/656009_200w.jpg,68,24305,https://cpt.tcgcsv.com/cqg7,2025-10-03T04:10:12.437,1,0.01,0.19,3.0,0.14,,Normal,UC,OP03-008,"This Character cannot be K.O.'d in battle by ""Slash"" attribute cards.
<br>
[On Play] Look at 5 cards from the top of your deck; reveal up to 1 red Event and add it to your hand. Then, place the rest at the bottom of your deck in any order.
<br>
<br><span style=""color: red;"">Disclaimer: This card was reprinted from the original set with changes to the copyright information (Note: the original print did not include ""EN"" at the end of the copyright) and the Artist Credit (Note: there is no pencil design on top of the artist name).</span>",Red,Character,1,3000,Buggy Pirates,,Slash
656010,Buggy - OP03-008 (Pirate Foil),Buggy OP03 008 Pirate Foil,https://tcgplayer-cdn.tcgplayer.com/product/656010_200w.jpg,68,24305,https://cpt.tcgcsv.com/dqg7,2025-10-03T04:10:12.437,1,0.03,0.4,14.0,0.4,,Foil,UC,OP03-008,"This Character cannot be K.O.'d in battle by ""Slash"" attribute cards.
<br>
[On Play] Look at 5 cards from the top of your deck; reveal up to 1 red Event and add it to your hand. Then, place the rest at the bottom of your deck in any order.",Red,Character,1,3000,Buggy Pirates,,Slash
656011,Sengoku - ST19-002 (Reprint),Sengoku ST19 002 Reprint,https://tcgplayer-cdn.tcgplayer.com/product/656011_200w.jpg,68,24305,https://cpt.tcgcsv.com/fqg7,2025-10-03T04:10:12.437,1,0.01,0.15,3.0,0.1,,Normal,C,ST19-002,"[On Play] You may trash 2 black ""Navy"" type cards from your hand: If your Leader has the ""Navy"" type, draw 3 cards.
<br>
<br><span style=""color: red;"">Disclaimer: This card was reprinted from the original set with changes to the copyright information (Note: the original print did not include ""EN"" at the end of the copyright).</span>",Black,Character,1,1000,Navy,1000,Wisdom
656012,Sengoku - ST19-002 (Pirate Foil),Sengoku ST19 002 Pirate Foil,https://tcgplayer-cdn.tcgplayer.com/product/656012_200w.jpg,68,24305,https://cpt.tcgcsv.com/gqg7,2025-10-03T04:10:12.437,1,0.01,0.24,4.0,0.17,,Foil,C,ST19-002,"[On Play] You may trash 2 black ""Navy"" type cards from your hand: If your Leader has the ""Navy"" type, draw 3 cards.",Black,Character,1,1000,Navy,1000,Wisdom
656013,Kaya (Reprint),Kaya Reprint,https://tcgplayer-cdn.tcgplayer.com/product/656013_200w.jpg,68,24305,https://cpt.tcgcsv.com/hqg7,2025-10-09T17:00:45.16,1,0.1,0.41,5.0,0.36,,Foil,R,OP03-044,"[On Play] Draw 2 cards and trash 2 cards from your hand.
<br>
<br><span style=""color: red;"">Disclaimer: This card was reprinted from the original set with changes to the copyright information (Note: the original print did not include ""EN"" at the end of the copyright) and the Artist Credit (Note: there is no pencil design on top of the artist name).</span>",Blue,Character,1,0,East Blue,2000,Wisdom
656014,Nojiko (Reprint),Nojiko Reprint,https://tcgplayer-cdn.tcgplayer.com/product/656014_200w.jpg,68,24305,https://cpt.tcgcsv.com/jqg7,2025-10-03T04:10:12.437,1,0.05,0.19,3.0,0.13,,Normal,UC,OP03-048,"[On Play] If your Leader is [Nami], return up to 1 of your opponent's Characters with a cost of 5 or less to the owner's hand.
<br>
<br><span style=""color: red;"">Disclaimer: This card was reprinted from the original set with changes to the copyright information (Note: the original print did not include ""EN"" at the end of the copyright) and the Artist Credit (Note: there is no pencil design on top of the artist name).</span>",Blue,Character,2,0,East Blue,1000,Wisdom
656015,San-Gorou (Reprint),San Gorou Reprint,https://tcgplayer-cdn.tcgplayer.com/product/656015_200w.jpg,68,24305,https://cpt.tcgcsv.com/kqg7,2025-10-03T04:10:12.437,1,0.01,0.11,3.0,0.08,,Normal,C,ST18-003,"[When Attacking] [Once Per Turn] If you have 8 or more DON!! cards on your field, draw 1 card.
<br>
<br><span style=""color: red;"">Disclaimer: This card was reprinted from the original set with changes to the copyright information (Note: the original print did not include ""EN"" at the end of the copyright).</span>",Purple,Character,5,6000,Straw Hat Crew,1000,Strike
656016,Nojiko (Pirate Foil),Nojiko Pirate Foil,https://tcgplayer-cdn.tcgplayer.com/product/656016_200w.jpg,68,24305,https://cpt.tcgcsv.com/lqg7,2025-10-03T04:10:12.437,1,0.18,0.5,9.66,0.39,,Foil,UC,OP03-048,"[On Play] If your Leader is [Nami], return up to 1 of your opponent's Characters with a cost of 5 or less to the owner's hand.",Blue,Character,2,0,East Blue,1000,Wisdom
656017,San-Gorou (Pirate Foil),San Gorou Pirate Foil,https://tcgplayer-cdn.tcgplayer.com/product/656017_200w.jpg,68,24305,https://cpt.tcgcsv.com/mqg7,2025-10-03T04:10:12.437,1,0.04,0.25,4.99,0.23,,Foil,C,ST18-003,"[When Attacking] [Once Per Turn] If you have 8 or more DON!! cards on your field, draw 1 card.",Purple,Character,5,6000,Straw Hat Crew,1000,Strike
656018,Gum-Gum Jet Gatling (Reprint),Gum Gum Jet Gatling Reprint,https://tcgplayer-cdn.tcgplayer.com/product/656018_200w.jpg,68,24305,https://cpt.tcgcsv.com/nqg7,2025-10-03T04:10:12.437,1,0.14,0.36,20.34,0.29,,Foil,R,OP03-072,"[Counter] <strong>You may trash 1 card from your hand</strong>: Up to 1 of your Leader or Character cards gains +3000 power during this battle.
<br>
[Trigger] Add up to 1 DON!! card from your DON!! deck and set it as active.
<br>
<br><span style=""color: red;"">Disclaimer: This card was reprinted from the original set with changes to the copyright information (Note: the original print did not include ""EN"" at the end of the copyright).</span>",Purple,Event,0,,Straw Hat Crew;Water Seven,,
656019,Gum-Gum Jet Gatling (Alternate Art),Gum Gum Jet Gatling Alternate Art,https://tcgplayer-cdn.tcgplayer.com/product/656019_200w.jpg,68,24305,https://cpt.tcgcsv.com/pqg7,2025-10-03T04:10:12.437,1,17.32,22.8,40.0,22.96,,Foil,R,OP03-072,"[Counter] <strong>You may trash 1 card from your hand</strong>: Up to 1 of your Leader or Character cards gains +3000 power during this battle.
<br>
[Trigger] Add up to 1 DON!! card from your DON!! deck and set it as active.",Purple,Event,0,,Straw Hat Crew;Water Seven,,
656020,Six King Pistol (Reprint),Six King Pistol Reprint,https://tcgplayer-cdn.tcgplayer.com/product/656020_200w.jpg,68,24305,https://cpt.tcgcsv.com/qqg7,2025-10-03T04:10:12.437,1,0.06,0.25,5.0,0.21,,Foil,R,OP03-097,"[Counter] <strong>You may trash 1 card from your hand</strong>: Up to 1 of your Leader or Character cards gains +3000 power during this battle.
<br>
[Trigger] Draw 1 card. Then, K.O. up to 1 of your opponent's Characters with a cost of 1 or less.
<br>
<br><span style=""color: red;"">Disclaimer: This card was reprinted from the original set with changes to the copyright information (Note: the original print did not include ""EN"" at the end of the copyright).</span>",Black,Event,0,,CP9,,
656021,Bad Manners Kick Course (Reprint),Bad Manners Kick Course Reprint,https://tcgplayer-cdn.tcgplayer.com/product/656021_200w.jpg,68,24305,https://cpt.tcgcsv.com/rqg7,2025-10-03T04:10:12.437,1,0.04,0.27,5.0,0.24,,Foil,R,OP04-016,"[Counter] <strong>You may trash 1 card from your hand</strong>: Up to 1 of your Leader or Character cards gains +3000 power during this battle.
<br>
[Trigger] Give up to 1 of your opponent's Leader or Character cards -3000 power during this turn.
<br>
<br><span style=""color: red;"">Disclaimer: This card was reprinted from the original set with changes to the copyright information (Note: the original print did not include ""EN"" at the end of the copyright).</span>",Red,Event,0,,Alabasta;Straw Hat Crew,,
656022,Bad Manners Kick Course (Alternate Art),Bad Manners Kick Course Alternate Art,https://tcgplayer-cdn.tcgplayer.com/product/656022_200w.jpg,68,24305,https://cpt.tcgcsv.com/sqg7,2025-10-03T04:10:12.437,1,24.0,29.99,45.0,28.55,,Foil,R,OP04-016,"[Counter] <strong>You may trash 1 card from your hand</strong>: Up to 1 of your Leader or Character cards gains +3000 power during this battle.
<br>
[Trigger] Give up to 1 of your opponent's Leader or Character cards -3000 power during this turn.",Red,Event,0,,Alabasta;Straw Hat Crew,,
656023,O-Nami (Reprint),O Nami Reprint,https://tcgplayer-cdn.tcgplayer.com/product/656023_200w.jpg,68,24305,https://cpt.tcgcsv.com/tqg7,2025-10-03T04:10:12.437,1,0.01,0.2,3.0,0.18,,Normal,C,ST18-002,"[Blocker] <em>(After your opponent declares an attack, you may rest this card to make it the new target of the attack.)</em><br><br>
[On Play] If you have 8 or more DON!! cards on your field, trash 1 card from your hand and draw 2 cards.
<br>
<br><span style=""color: red;"">Disclaimer: This card was reprinted from the original set with changes to the copyright information (Note: the original print did not include ""EN"" at the end of the copyright).</span>",Purple,Character,4,2000,Straw Hat Crew,1000,Special
656024,Uta (Reprint),Uta Reprint,https://tcgplayer-cdn.tcgplayer.com/product/656024_200w.jpg,68,24305,https://cpt.tcgcsv.com/vqg7,2025-10-03T04:10:12.437,1,0.01,0.25,5.0,0.21,,Foil,R,OP09-002,"[On Play] Look at 5 cards from the top of your deck; reveal up to 1 ""Red-Haired Pirates"" type card and add it to your hand. Then, place the rest at the bottom of your deck in any order.

<br>
<br><span style=""color: red;"">Disclaimer: This card was reprinted from the original set with changes to the copyright information (Note: the original print did not include ""EN"" at the end of the copyright).</span>",Red,Character,1,2000,FILM,1000,Special
656025,Shanks - OP09-004 (Reprint),Shanks OP09 004 Reprint,https://tcgplayer-cdn.tcgplayer.com/product/656025_200w.jpg,68,24305,https://cpt.tcgcsv.com/wqg7,2025-10-03T04:10:12.437,1,0.5,1.0,10.0,0.86,,Foil,SR,OP09-004,"Give all of your opponent's Characters 1000 power.<br>
[Rush] <em>(This card can attack on the turn in which it is played.)</em>

<br>
<br><span style=""color: red;"">Disclaimer: This card was reprinted from the original set with changes to the copyright information (Note: the original print did not include ""EN"" at the end of the copyright).</span>",Red,Character,10,12000,The Four Emperors;Red-Haired Pirates,,Slash
656027,Silvers Rayleigh - OP09-005 (Reprint),Silvers Rayleigh OP09 005 Reprint,https://tcgplayer-cdn.tcgplayer.com/product/656027_200w.jpg,68,24305,https://cpt.tcgcsv.com/zqg7,2025-10-03T04:10:12.437,1,0.01,0.19,5.0,0.11,,Foil,R,OP09-005,"[Blocker] <em>(After your opponent declares an attack, you may rest this card to make it the new target of the attack.)</em><br>
[On Play] If your opponent has 2 or more Characters with a base power of 5000 or more, draw 2 cards and trash 1 card from your hand.

<br>
<br><span style=""color: red;"">Disclaimer: This card was reprinted from the original set with changes to the copyright information (Note: the original print did not include ""EN"" at the end of the copyright).</span>",Red,Character,5,6000,Roger Pirates,1000,Slash
656028,O-Nami (Pirate Foil),O Nami Pirate Foil,https://tcgplayer-cdn.tcgplayer.com/product/656028_200w.jpg,68,24305,https://cpt.tcgcsv.com/Bqg7,2025-10-03T04:10:12.437,1,0.38,1.21,99.0,1.14,,Foil,C,ST18-002,"[Blocker] <em>(After your opponent declares an attack, you may rest this card to make it the new target of the attack.)</em><br><br>
[On Play] If you have 8 or more DON!! cards on your field, trash 1 card from your hand and draw 2 cards.",Purple,Character,4,2000,Straw Hat Crew,1000,Special
656029,Benn.Beckman (Reprint),BennBeckman Reprint,https://tcgplayer-cdn.tcgplayer.com/product/656029_200w.jpg,68,24305,https://cpt.tcgcsv.com/Cqg7,2025-10-03T04:10:12.437,1,0.27,1.67,10.0,1.1,,Foil,SR,OP09-009,"[On Play] Trash up to 1 of your opponent's Characters with 6000 power or less.

<br>
<br><span style=""color: red;"">Disclaimer: This card was reprinted from the original set with changes to the copyright information (Note: the original print did not include ""EN"" at the end of the copyright).</span>",Red,Character,7,7000,Red-Haired Pirates,1000,Ranged
656030,Uso-Hachi (Reprint),Uso Hachi Reprint,https://tcgplayer-cdn.tcgplayer.com/product/656030_200w.jpg,68,24305,https://cpt.tcgcsv.com/Dqg7,2025-10-03T04:10:12.437,1,1.75,2.99,7.18,2.2,,Normal,C,ST18-001,"[On Play] If you have 8 or more DON!! cards on your field, rest up to 1 of your opponent's Characters with a cost of 5 or less.
<br>
<br><span style=""color: red;"">Disclaimer: This card was reprinted from the original set with changes to the copyright information (Note: the original print did not include ""EN"" at the end of the copyright).</span>",Purple,Character,3,3000,Straw Hat Crew,2000,Ranged
656031,Uso-Hachi (Alternate Art),Uso Hachi Alternate Art,https://tcgplayer-cdn.tcgplayer.com/product/656031_200w.jpg,68,24305,https://cpt.tcgcsv.com/Fqg7,2025-10-03T04:10:12.437,1,26.2,30.32,66.99,26.18,,Foil,C,ST18-001,"[On Play] If you have 8 or more DON!! cards on your field, rest up to 1 of your opponent's Characters with a cost of 5 or less.",Purple,Character,3,3000,Straw Hat Crew,2000,Ranged
656032,Uso-Hachi (Pirate Foil),Uso Hachi Pirate Foil,https://tcgplayer-cdn.tcgplayer.com/product/656032_200w.jpg,68,24305,https://cpt.tcgcsv.com/Gqg7,2025-10-03T04:10:12.437,1,1.95,3.25,10.0,2.49,,Foil,C,ST18-001,"[On Play] If you have 8 or more DON!! cards on your field, rest up to 1 of your opponent's Characters with a cost of 5 or less.",Purple,Character,3,3000,Straw Hat Crew,2000,Ranged
656033,Ideo (Reprint),Ideo Reprint,https://tcgplayer-cdn.tcgplayer.com/product/656033_200w.jpg,68,24305,https://cpt.tcgcsv.com/Hqg7,2025-10-03T04:10:12.437,1,0.01,0.1,3.0,0.03,,Normal,C,OP04-077,"[Blocker] <em>(After your opponent declares an attack, you may rest this card to make it the new target of the attack.)</em>
<br>
<br><span style=""color: red;"">Disclaimer: This card was reprinted from the original set with changes to the copyright information (Note: the original print did not include ""EN"" at the end of the copyright) and the Artist Credit (Note: there is no pencil design on top of the artist name).</span>",Black,Character,2,2000,Dressrosa,1000,Strike
656034,Ideo (Pirate Foil),Ideo Pirate Foil,https://tcgplayer-cdn.tcgplayer.com/product/656034_200w.jpg,68,24305,https://cpt.tcgcsv.com/Jqg7,2025-10-03T04:10:12.437,1,0.02,0.2,4.0,0.12,,Foil,C,OP04-077,"[Blocker] <em>(After your opponent declares an attack, you may rest this card to make it the new target of the attack.)</em>",Black,Character,2,2000,Dressrosa,1000,Strike
656035,Limejuice (Pirate Foil),Limejuice Pirate Foil,https://tcgplayer-cdn.tcgplayer.com/product/656035_200w.jpg,68,24305,https://cpt.tcgcsv.com/Kqg7,2025-10-03T04:10:12.437,1,0.04,0.25,5.0,0.18,,Foil,UC,OP09-014,[On Play] Your opponent cannot activate up to 1 [Blocker] Character that has 4000 power or less during this turn.,Red,Character,3,3000,Red-Haired Pirates,2000,Special
656036,Sabo - OP04-083 (Reprint),Sabo OP04 083 Reprint,https://tcgplayer-cdn.tcgplayer.com/product/656036_200w.jpg,68,24305,https://cpt.tcgcsv.com/Lqg7,2025-10-03T04:10:12.437,1,0.09,0.5,10.0,0.48,,Foil,SR,OP04-083,"[Blocker] <em>(After your opponent declares an attack, you may rest this card to make it the new target of the attack.)</em>
<br>
[On Play] None of your Characters can be K.O.'d by effects until the start of your next turn. Then, draw 2 cards and trash 2 cards from your hand.
<br>
<br><span style=""color: red;"">Disclaimer: This card was reprinted from the original set with changes to the copyright information (Note: the original print did not include ""EN"" at the end of the copyright) and the Artist Credit (Note: there is no pencil design on top of the artist name).</span>",Black,Character,5,6000,Revolutionary Army;Dressrosa,1000,Special
656037,Limejuice (Reprint),Limejuice Reprint,https://tcgplayer-cdn.tcgplayer.com/product/656037_200w.jpg,68,24305,https://cpt.tcgcsv.com/Mqg7,2025-10-03T04:10:12.437,1,0.01,0.12,3.0,0.06,,Normal,UC,OP09-014,"[On Play] Your opponent cannot activate up to 1 [Blocker] Character that has 4000 power or less during this turn.

<br>
<br><span style=""color: red;"">Disclaimer: This card was reprinted from the original set with changes to the copyright information (Note: the original print did not include ""EN"" at the end of the copyright).</span>",Red,Character,3,3000,Red-Haired Pirates,2000,Special
656038,Limejuice (Alternate Art),Limejuice Alternate Art,https://tcgplayer-cdn.tcgplayer.com/product/656038_200w.jpg,68,24305,https://cpt.tcgcsv.com/Nqg7,2025-10-03T04:10:12.437,1,4.41,7.35,19.99,7.35,,Foil,UC,OP09-014,[On Play] Your opponent cannot activate up to 1 [Blocker] Character that has 4000 power or less during this turn.,Red,Character,3,3000,Red-Haired Pirates,2000,Special
656039,Marshall.D.Teach - ST17-005,MarshallDTeach ST17 005,https://tcgplayer-cdn.tcgplayer.com/product/656039_200w.jpg,68,24305,https://cpt.tcgcsv.com/Pqg7,2025-10-03T04:10:12.437,1,0.01,0.15,3.0,0.1,,Normal,C,ST17-005,[Activate: Main] [Once Per Turn] You may place 1 card from your hand at the top of your deck: Give up to 2 rested DON!! cards to your Leader or 1 of your Characters.,Blue,Character,2,3000,Blackbeard Pirates;The Seven Warlords of the Sea,1000,Special
656040,Marshall.D.Teach - ST17-005 (Pirate Foil),MarshallDTeach ST17 005 Pirate Foil,https://tcgplayer-cdn.tcgplayer.com/product/656040_200w.jpg,68,24305,https://cpt.tcgcsv.com/Qqg7,2025-10-03T04:10:12.437,1,0.04,0.24,4.99,0.17,,Foil,C,ST17-005,[Activate: Main] [Once Per Turn] You may place 1 card from your hand at the top of your deck: Give up to 2 rested DON!! cards to your Leader or 1 of your Characters.,Blue,Character,2,3000,Blackbeard Pirates;The Seven Warlords of the Sea,1000,Special
656041,Buggy - ST17-003 (Reprint),Buggy ST17 003 Reprint,https://tcgplayer-cdn.tcgplayer.com/product/656041_200w.jpg,68,24305,https://cpt.tcgcsv.com/Rqg7,2025-10-03T04:10:12.437,1,0.01,0.17,3.0,0.15,,Normal,C,ST17-003,"[On Play] Look at 3 cards from the top of your deck and place them at the top of your deck in any order.
<br>
<br><span style=""color: red;"">Disclaimer: This card was reprinted from the original set with changes to the copyright information (Note: the original print did not include ""EN"" at the end of the copyright).</span>",Blue,Character,1,2000,Buggy's Delivery;The Seven Warlords of the Sea,2000,Slash
656042,Come On!! We'll Fight You!! (Reprint),Come On Well Fight You Reprint,https://tcgplayer-cdn.tcgplayer.com/product/656042_200w.jpg,68,24305,https://cpt.tcgcsv.com/Sqg7,2025-10-03T04:10:12.437,1,0.01,0.23,1.99,0.2,,Foil,R,OP09-020,"[Main] Look at 5 cards from the top of your deck; reveal up to 1 ""Red-Haired Pirates"" type card other than [Come On!! We'll Fight You!!] and add it to your hand. Then, place the rest at the bottom of your deck in any order.<br>
[Trigger] Draw 1 card.
<br>
<br><span style=""color:red"">DISCLAIMER: This card is a reprint of the pre-existing card in the OP09 set. The main difference between this card and the original print is the inclusion of ""EN"" on the right side, by the copyright information.</span>",Red,Event,1,,The Four Emperors;Red-Haired Pirates,,
656043,Buggy - ST17-003 (Pirate Foil),Buggy ST17 003 Pirate Foil,https://tcgplayer-cdn.tcgplayer.com/product/656043_200w.jpg,68,24305,https://cpt.tcgcsv.com/Tqg7,2025-10-03T04:10:12.437,1,0.05,0.29,4.99,0.26,,Foil,C,ST17-003,[On Play] Look at 3 cards from the top of your deck and place them at the top of your deck in any order.,Blue,Character,1,2000,Buggy's Delivery;The Seven Warlords of the Sea,2000,Slash
656044,Corrida Coliseum (Reprint),Corrida Coliseum Reprint,https://tcgplayer-cdn.tcgplayer.com/product/656044_200w.jpg,68,24305,https://cpt.tcgcsv.com/Vqg7,2025-10-03T04:10:12.437,1,0.01,0.13,3.0,0.07,,Normal,C,OP04-096,"If your Leader has the [Dressrosa] type, your [Dressrosa] type Characters can attack Characters on the turn in which they are played.
<br>
<br><span style=""color: red;"">Disclaimer: This card was reprinted from the original set with changes to the copyright information (Note: the original print did not include ""EN"" at the end of the copyright).</span>",Black,Stage,1,,Dressrosa,,
656045,Trafalgar Law - ST17-002 (Reprint),Trafalgar Law ST17 002 Reprint,https://tcgplayer-cdn.tcgplayer.com/product/656045_200w.jpg,68,24305,https://cpt.tcgcsv.com/Wqg7,2025-10-03T04:10:12.437,1,0.1,0.49,30.0,0.38,,Foil,SR,ST17-002,"[On Play] You may return 1 of your Characters to the owner's hand: If your Leader has the ""The Seven Warlords of the Sea"" type, return up to 1 Character with a cost of 4 or less to the owner's hand.
<br>
<br><span style=""color: red;"">Disclaimer: This card was reprinted from the original set with changes to the copyright information (Note: the original print did not include ""EN"" at the end of the copyright).</span>",Blue,Character,4,5000,Heart Pirates;The Seven Warlords of the Sea,1000,Slash
656046,Sabo - OP09-027 (Pirate Foil),Sabo OP09 027 Pirate Foil,https://tcgplayer-cdn.tcgplayer.com/product/656046_200w.jpg,68,24305,https://cpt.tcgcsv.com/Xqg7,2025-10-03T04:10:12.437,1,0.08,0.25,5.99,0.21,,Foil,UC,OP09-027,"[When Attacking] [Once Per Turn] If you have 3 or more rested Characters, draw 1 card.",Green,Character,5,6000,Revolutionary Army;ODYSSEY,1000,Special
656048,Corrida Coliseum (Pirate Foil),Corrida Coliseum Pirate Foil,https://tcgplayer-cdn.tcgplayer.com/product/656048_200w.jpg,68,24305,https://cpt.tcgcsv.com/-qg7,2025-10-03T04:10:12.437,1,0.04,0.25,4.99,0.21,,Foil,C,OP04-096,"If your Leader has the [Dressrosa] type, your [Dressrosa] type Characters can attack Characters on the turn in which they are played.",Black,Stage,1,,Dressrosa,,
656049,Sabo - OP09-027 (Reprint),Sabo OP09 027 Reprint,https://tcgplayer-cdn.tcgplayer.com/product/656049_200w.jpg,68,24305,https://cpt.tcgcsv.com/_qg7,2025-10-03T04:10:12.437,1,0.01,0.15,3.0,0.08,,Normal,UC,OP09-027,"[When Attacking] [Once Per Turn] If you have 3 or more rested Characters, draw 1 card.
<br>
<br><span style=""color: red;"">Disclaimer: This card was reprinted from the original set with changes to the copyright information (Note: the original print did not include ""EN"" at the end of the copyright).</span>",Green,Character,5,6000,Revolutionary Army;ODYSSEY,1000,Special
656050,Nico Robin - OP09-033 (Pirate Foil),Nico Robin OP09 033 Pirate Foil,https://tcgplayer-cdn.tcgplayer.com/product/656050_200w.jpg,68,24305,https://cpt.tcgcsv.com/0rg7,2025-10-03T04:10:12.437,1,0.15,0.45,10.0,0.44,,Foil,C,OP09-033,"[On Play] If you have 2 or more rested Characters, none of your ""ODYSSEY"" or ""Straw Hat Crew"" type Characters can be K.O.'d by effects until the end of your opponent's next turn.",Green,Character,4,5000,Straw Hat Crew;ODYSSEY,1000,Strike
656051,Monkey.D.Luffy - ST16-005 (Reprint),MonkeyDLuffy ST16 005 Reprint,https://tcgplayer-cdn.tcgplayer.com/product/656051_200w.jpg,68,24305,https://cpt.tcgcsv.com/2rg7,2025-10-03T04:10:12.437,1,0.01,0.16,3.0,0.12,,Normal,C,ST16-005,"If you have a rested [Uta], this Character gains +1000 power.
<br>
<br><span style=""color: red;"">Disclaimer: This card was reprinted from the original set with changes to the copyright information (Note: the original print did not include ""EN"" at the end of the copyright).</span>",Green,Character,2,3000,FILM;Straw Hat Crew;Supernovas,2000,Strike
656052,Nico Robin - OP09-033 (Reprint),Nico Robin OP09 033 Reprint,https://tcgplayer-cdn.tcgplayer.com/product/656052_200w.jpg,68,24305,https://cpt.tcgcsv.com/3rg7,2025-10-03T04:10:12.437,1,0.01,0.15,3.0,0.1,,Normal,C,OP09-033,"[On Play] If you have 2 or more rested Characters, none of your ""ODYSSEY"" or ""Straw Hat Crew"" type Characters can be K.O.'d by effects until the end of your opponent's next turn.

<br>
<br><span style=""color: red;"">Disclaimer: This card was reprinted from the original set with changes to the copyright information (Note: the original print did not include ""EN"" at the end of the copyright).</span>",Green,Character,4,5000,Straw Hat Crew;ODYSSEY,1000,Strike
656053,Monkey.D.Luffy - ST16-005 (Pirate Foil),MonkeyDLuffy ST16 005 Pirate Foil,https://tcgplayer-cdn.tcgplayer.com/product/656053_200w.jpg,68,24305,https://cpt.tcgcsv.com/5rg7,2025-10-03T04:10:12.437,1,0.1,0.34,10.0,0.35,,Foil,C,ST16-005,"If you have a rested [Uta], this Character gains +1000 power.",Green,Character,2,3000,FILM;Straw Hat Crew;Supernovas,2000,Strike
656054,Crocodile - OP09-046 (Reprint),Crocodile OP09 046 Reprint,https://tcgplayer-cdn.tcgplayer.com/product/656054_200w.jpg,68,24305,https://cpt.tcgcsv.com/6rg7,2025-10-03T04:10:12.437,1,0.08,0.43,20.32,0.36,,Foil,SR,OP09-046,"[On Play] Play up to 1 ""Cross Guild"" type Character card or Character card with a type including ""Baroque Works"" with a cost of 5 or less from your hand.

<br>
<br><span style=""color: red;"">Disclaimer: This card was reprinted from the original set with changes to the copyright information (Note: the original print did not include ""EN"" at the end of the copyright).</span>",Blue,Character,7,7000,Former Baroque Works;Cross Guild,1000,Special
656055,Emporio.Ivankov (Reprint),EmporioIvankov Reprint,https://tcgplayer-cdn.tcgplayer.com/product/656055_200w.jpg,68,24305,https://cpt.tcgcsv.com/7rg7,2025-10-03T04:10:12.437,1,0.01,0.15,3.0,0.1,,Normal,UC,OP05-004,"[Activate:Main][Once Per Turn] If this Character has 7000 power or more, play up to 1 [Revolutionary Army] type Character card with 5000 power or less other than [Emporio.Ivankov] from your hand.
<br>
<br><span style=""color: red;"">Disclaimer: This card was reprinted from the original set with changes to the copyright information (Note: the original print did not include ""EN"" at the end of the copyright) and the Artist Credit (Note: there is no pencil design on top of the artist name).</span>",Red,Character,4,5000,Revolutionary Army,1000,Special
656056,Emporio.Ivankov (Pirate Foil),EmporioIvankov Pirate Foil,https://tcgplayer-cdn.tcgplayer.com/product/656056_200w.jpg,68,24305,https://cpt.tcgcsv.com/8rg7,2025-10-03T04:10:12.437,1,0.01,0.21,5.0,0.19,,Foil,UC,OP05-004,"[Activate:Main][Once Per Turn] If this Character has 7000 power or more, play up to 1 [Revolutionary Army] type Character card with 5000 power or less other than [Emporio.Ivankov] from your hand.",Red,Character,4,5000,Revolutionary Army,1000,Special
656057,Dracule Mihawk - OP09-048 (Reprint),Dracule Mihawk OP09 048 Reprint,https://tcgplayer-cdn.tcgplayer.com/product/656057_200w.jpg,68,24305,https://cpt.tcgcsv.com/9rg7,2025-10-03T04:10:12.437,1,0.15,0.49,25.0,0.38,,Foil,SR,OP09-048,"[Blocker] <em>(After your opponent declares an attack, you may rest this card to make it the new target of the attack.)</em><br>
[On Play] Draw 2 cards and trash 1 card from your hand.

<br>
<br><span style=""color: red;"">Disclaimer: This card was reprinted from the original set with changes to the copyright information (Note: the original print did not include ""EN"" at the end of the copyright).</span>",Blue,Character,6,7000,Cross Guild,,Slash
656058,Revolutionary Army HQ (Reprint),Revolutionary Army HQ Reprint,https://tcgplayer-cdn.tcgplayer.com/product/656058_200w.jpg,68,24305,https://cpt.tcgcsv.com/brg7,2025-10-03T04:10:12.437,1,0.01,0.17,3.0,0.13,,Normal,UC,OP05-021,"[Activate:Main] <strong>You may trash 1 card from your hand and rest this Stage</strong>: Look at 3 cards from the top of your deck; reveal up to 1 [Revolutionary Army] type card and add it to your hand. Then, place the rest at the bottom of your deck in any order.
<br>
<br><span style=""color: red;"">Disclaimer: This card was reprinted from the original set with changes to the copyright information (Note: the original print did not include ""EN"" at the end of the copyright).</span>",Red,Stage,1,,Revolutionary Army,,
656059,Revolutionary Army HQ (Pirate Foil),Revolutionary Army HQ Pirate Foil,https://tcgplayer-cdn.tcgplayer.com/product/656059_200w.jpg,68,24305,https://cpt.tcgcsv.com/crg7,2025-10-03T04:10:12.437,1,0.15,0.5,4.0,0.44,,Foil,UC,OP05-021,"[Activate:Main] <strong>You may trash 1 card from your hand and rest this Stage</strong>: Look at 3 cards from the top of your deck; reveal up to 1 [Revolutionary Army] type card and add it to your hand. Then, place the rest at the bottom of your deck in any order.",Red,Stage,1,,Revolutionary Army,,
656060,Shanks - ST16-004 (Reprint),Shanks ST16 004 Reprint,https://tcgplayer-cdn.tcgplayer.com/product/656060_200w.jpg,68,24305,https://cpt.tcgcsv.com/drg7,2025-10-03T04:10:12.437,1,0.39,3.99,20.65,3.49,,Foil,SR,ST16-004,"[On Play] K.O. up to 1 of your opponent's rested Characters.
<br>
<br><span style=""color: red;"">Disclaimer: This card was reprinted from the original set with changes to the copyright information (Note: the original print did not include ""EN"" at the end of the copyright).</span>",Green,Character,9,11000,FILM;The Four Emperors;Red-Haired Pirates,,Slash
656061,Donquixote Rosinante (Reprint),Donquixote Rosinante Reprint,https://tcgplayer-cdn.tcgplayer.com/product/656061_200w.jpg,68,24305,https://cpt.tcgcsv.com/frg7,2025-10-15T14:08:15.093,1,0.1,0.28,6.99,0.24,,Foil,R,OP05-030,"[Blocker] <em>(After your opponent declares an attack, you may rest this card to make it the new target of the attack.)</em>
<br>
[Opponent's Turn] If your rested Character would be K.O.'d, you may trash this Character instead.
<br>
<br><span style=""color: red;"">Disclaimer: This card was reprinted from the original set with changes to the copyright information (Note: the original print did not include ""EN"" at the end of the copyright) and the Artist Credit (Note: there is no pencil design on top of the artist name).</span>",Green,Character,2,1000,Donquixote Pirates;Navy,1000,Special
656062,Mr.3(Galdino) - OP09-056 (Reprint),Mr3Galdino OP09 056 Reprint,https://tcgplayer-cdn.tcgplayer.com/product/656062_200w.jpg,68,24305,https://cpt.tcgcsv.com/grg7,2025-10-03T04:10:12.437,1,0.01,0.2,5.0,0.1,,Foil,R,OP09-056,"[On Play] Look at 4 cards from the top of your deck; reveal up to 1 ""Cross Guild"" type card or card with a type including ""Baroque Works"" other than [Mr.3(Galdino)] and add it to your hand. Then, place the rest at the bottom of your deck in any order.

<br>
<br><span style=""color: red;"">Disclaimer: This card was reprinted from the original set with changes to the copyright information (Note: the original print did not include ""EN"" at the end of the copyright).</span>",Blue,Character,1,2000,Former Baroque Works;Cross Guild,1000,Special
656063,Monet (Reprint),Monet Reprint,https://tcgplayer-cdn.tcgplayer.com/product/656063_200w.jpg,68,24305,https://cpt.tcgcsv.com/hrg7,2025-10-03T04:10:12.437,1,0.01,0.15,3.0,0.09,,Normal,UC,OP05-036,"[Blocker] <em>(After your opponent declares an attack, you may rest this card to make it the new target of the attack.)</em>
<br>
[On Block] Rest up to 1 of your opponent's Characters with a cost of 4 or less.
<br>
<br><span style=""color: red;"">Disclaimer: This card was reprinted from the original set with changes to the copyright information (Note: the original print did not include ""EN"" at the end of the copyright) and the Artist Credit (Note: there is no pencil design on top of the artist name).</span>",Green,Character,3,1000,Donquixote Pirates,1000,Special
656064,Cross Guild (Reprint),Cross Guild Reprint,https://tcgplayer-cdn.tcgplayer.com/product/656064_200w.jpg,68,24305,https://cpt.tcgcsv.com/jrg7,2025-10-03T04:10:12.437,1,0.01,0.2,5.0,0.15,,Foil,R,OP09-057,"[Main] Look at 4 cards from the top of your deck; reveal up to 1 ""Cross Guild"" type card and add it to your hand. Then, place the rest at the bottom of your deck in any order.<br>
[Trigger] Activate this card's [Main] effect.

<br>
<br><span style=""color: red;"">Disclaimer: This card was reprinted from the original set with changes to the copyright information (Note: the original print did not include ""EN"" at the end of the copyright).</span>",Blue,Event,1,,Cross Guild,,
656065,Monet (Pirate Foil),Monet Pirate Foil,https://tcgplayer-cdn.tcgplayer.com/product/656065_200w.jpg,68,24305,https://cpt.tcgcsv.com/krg7,2025-10-03T04:10:12.437,1,0.02,0.25,5.99,0.23,,Foil,UC,OP05-036,"[Blocker] <em>(After your opponent declares an attack, you may rest this card to make it the new target of the attack.)</em>
<br>
[On Block] Rest up to 1 of your opponent's Characters with a cost of 4 or less.",Green,Character,3,1000,Donquixote Pirates,1000,Special
656066,Charlotte Katakuri (Reprint),Charlotte Katakuri Reprint,https://tcgplayer-cdn.tcgplayer.com/product/656066_200w.jpg,68,24305,https://cpt.tcgcsv.com/lrg7,2025-10-03T04:10:12.437,1,0.01,0.1,3.0,0.05,,Normal,C,ST16-003,"If your Leader has the ""FILM"" type and you have 6 or more rested cards, this Character gains +2000 power.
<br>
<br><span style=""color: red;"">Disclaimer: This card was reprinted from the original set with changes to the copyright information (Note: the original print did not include ""EN"" at the end of the copyright).</span>",Green,Character,3,4000,FILM;Big Mom Pirates,1000,Strike
656067,Because the Side of Justice Will Be Whichever Side Wins!! (Reprint),Because the Side of Justice Will Be Whichever Side Wins Reprint,https://tcgplayer-cdn.tcgplayer.com/product/656067_200w.jpg,68,24305,https://cpt.tcgcsv.com/mrg7,2025-10-03T04:10:12.437,1,0.09,0.26,5.0,0.24,,Foil,R,OP05-037,"[Counter] <strong>You may trash 1 card from your hand</strong>: Up to 1 of your Leader or Character cards gains +3000 power during this battle.
<br>
[Trigger] Rest up to 1 of your opponent's Characters with a cost of 4 or less.
<br>
<br><span style=""color: red;"">Disclaimer: This card was reprinted from the original set with changes to the copyright information (Note: the original print did not include ""EN"" at the end of the copyright).</span>",Green,Event,0,,Donquixote Pirates,,
656068,Charlotte Katakuri (Pirate Foil),Charlotte Katakuri Pirate Foil,https://tcgplayer-cdn.tcgplayer.com/product/656068_200w.jpg,68,24305,https://cpt.tcgcsv.com/nrg7,2025-10-03T04:10:12.437,1,0.01,0.2,4.0,0.15,,Foil,C,ST16-003,"If your Leader has the ""FILM"" type and you have 6 or more rested cards, this Character gains +2000 power.",Green,Character,3,4000,FILM;Big Mom Pirates,1000,Strike
656069,Maynard (Reprint),Maynard Reprint,https://tcgplayer-cdn.tcgplayer.com/product/656069_200w.jpg,68,24305,https://cpt.tcgcsv.com/prg7,2025-10-03T04:10:12.437,1,0.01,0.1,3.0,0.06,,Normal,C,OP05-052,"[Blocker] <em>(After your opponent declares an attack, you may rest this card to make it the new target of the attack.)</em>
<br>
<br><span style=""color: red;"">Disclaimer: This card was reprinted from the original set with changes to the copyright information (Note: the original print did not include ""EN"" at the end of the copyright) and the Artist Credit (Note: there is no pencil design on top of the artist name).</span>",Blue,Character,2,2000,Navy,1000,Wisdom
656070,Sanji - OP09-065 (Reprint),Sanji OP09 065 Reprint,https://tcgplayer-cdn.tcgplayer.com/product/656070_200w.jpg,68,24305,https://cpt.tcgcsv.com/qrg7,2025-10-03T04:10:12.437,1,0.18,0.5,20.4,0.42,,Foil,SR,OP09-065,"[On Play] <strong>You may return 1 or more DON!! cards from your field to your DON!! deck</strong>: This Character gains [Rush] during this turn. Then, rest up to 1 of your opponent's Characters with a cost of 6 or less.

<br>
<br><span style=""color: red;"">Disclaimer: This card was reprinted from the original set with changes to the copyright information (Note: the original print did not include ""EN"" at the end of the copyright).</span>",Purple,Character,7,7000,Straw Hat Crew,1000,Strike
656071,Maynard (Pirate Foil),Maynard Pirate Foil,https://tcgplayer-cdn.tcgplayer.com/product/656071_200w.jpg,68,24305,https://cpt.tcgcsv.com/rrg7,2025-10-03T04:10:12.437,1,0.01,0.25,3.99,0.15,,Foil,C,OP05-052,"[Blocker] <em>(After your opponent declares an attack, you may rest this card to make it the new target of the attack.)</em>",Blue,Character,2,2000,Navy,1000,Wisdom
656072,Edward.Newgate - ST15-002 (Reprint),EdwardNewgate ST15 002 Reprint,https://tcgplayer-cdn.tcgplayer.com/product/656072_200w.jpg,68,24305,https://cpt.tcgcsv.com/srg7,2025-10-03T04:10:12.437,1,0.1,0.5,1000.0,0.5,,Foil,SR,ST15-002,"[On Play] Give up to 1 rested DON!! card to your Leader or 1 of your Characters.<br>
<br>
[Activate: Main] <strong>You may rest this Character</strong>: K.O. up to 1 of your opponent's Characters with 5000 power or less.
<br>
<br><span style=""color: red;"">Disclaimer: This card was reprinted from the original set with changes to the copyright information (Note: the original print did not include ""EN"" at the end of the copyright).</span>",Red,Character,7,8000,The Four Emperors;Whitebeard Pirates,,Special
656073,Trafalgar Law - OP09-069 (Reprint),Trafalgar Law OP09 069 Reprint,https://tcgplayer-cdn.tcgplayer.com/product/656073_200w.jpg,68,24305,https://cpt.tcgcsv.com/trg7,2025-10-03T04:10:12.437,1,0.25,0.64,20.6,0.63,,Foil,R,OP09-069,"[On Play] Look at 4 cards from the top of your deck; reveal up to 1 ""Straw Hat Crew"" or ""Heart Pirates"" type card with a cost of 2 or more and add it to your hand. Then, place the rest at the bottom of your deck in any order.

<br>
<br><span style=""color: red;"">Disclaimer: This card was reprinted from the original set with changes to the copyright information (Note: the original print did not include ""EN"" at the end of the copyright).</span>",Purple,Character,1,2000,Heart Pirates,1000,Slash
656074,Gamma Knife (Reprint),Gamma Knife Reprint,https://tcgplayer-cdn.tcgplayer.com/product/656074_200w.jpg,68,24305,https://cpt.tcgcsv.com/vrg7,2025-10-03T04:10:12.437,1,0.01,0.44,20.51,0.38,,Normal,C,OP05-077,"[Main] DON!! -1 <em>(You may return the specified number of DON!! cards from your field to your DON!! deck.)</em>: Give up to 1 of your opponent's Characters -5000 power during this turn.
<br>
[Trigger] Add up to 1 DON!! card from your DON!! deck and set it as active.
<br>
<br><span style=""color: red;"">Disclaimer: This card was reprinted from the original set with changes to the copyright information (Note: the original print did not include ""EN"" at the end of the copyright).</span>",Purple,Event,2,,Heart Pirates,,
656075,Gamma Knife (Pirate Foil),Gamma Knife Pirate Foil,https://tcgplayer-cdn.tcgplayer.com/product/656075_200w.jpg,68,24305,https://cpt.tcgcsv.com/wrg7,2025-10-03T04:10:12.437,1,2.0,4.0,10.0,3.38,,Foil,C,OP05-077,"[Main] DON!! -1 <em>(You may return the specified number of DON!! cards from your field to your DON!! deck.)</em>: Give up to 1 of your opponent's Characters -5000 power during this turn.
<br>
[Trigger] Add up to 1 DON!! card from your DON!! deck and set it as active.",Purple,Event,2,,Heart Pirates,,
656076,Franky - OP09-072 (Reprint),Franky OP09 072 Reprint,https://tcgplayer-cdn.tcgplayer.com/product/656076_200w.jpg,68,24305,https://cpt.tcgcsv.com/xrg7,2025-10-03T04:10:12.437,1,0.15,0.5,20.46,0.45,,Foil,SR,OP09-072,"[Blocker] <em>(After your opponent declares an attack, you may rest this card to make it the new target of the attack.)</em><br>
[On Play] <strong>DON!! 2, You may trash 1 card from your hand</strong>: Draw 2 cards.

<br>
<br><span style=""color: red;"">Disclaimer: This card was reprinted from the original set with changes to the copyright information (Note: the original print did not include ""EN"" at the end of the copyright).</span>",Purple,Character,4,5000,Straw Hat Crew,1000,Strike
656081,Roronoa Zoro - OP09-076,Roronoa Zoro OP09 076,https://tcgplayer-cdn.tcgplayer.com/product/656081_200w.jpg,68,24305,https://cpt.tcgcsv.com/Frg7,2025-10-03T04:10:12.437,1,0.05,0.25,5.0,0.23,,Foil,R,OP09-076,"[On Play] <strong>You may return 1 or more DON!! cards from your field to your DON!! deck</strong>: Add up to 1 DON!! card from your DON!! deck and set it as active.

<br>
<br><span style=""color: red;"">Disclaimer: This card was reprinted from the original set with changes to the copyright information (Note: the original print did not include ""EN"" at the end of the copyright).</span>",Purple,Character,3,5000,Straw Hat Crew,,Slash
656082,Gum-Gum Lightning (Pirate Foil),Gum Gum Lightning Pirate Foil,https://tcgplayer-cdn.tcgplayer.com/product/656082_200w.jpg,68,24305,https://cpt.tcgcsv.com/Grg7,2025-10-03T04:10:12.437,1,0.1,0.5,5.99,0.59,,Foil,UC,OP09-077,"[Main] <strong>DON!! 2 <em>(You may return the specified number of DON!! cards from your field to your DON!! deck.)</em></strong>: K.O. up to 1 of your opponent's Characters with 6000 power or less.<br>
[Trigger] Add up to 1 DON!! card from your DON!! deck and set it as active.",Purple,Event,2,,Straw Hat Crew;The Four Emperors,,
656083,Gum-Gum Lightning (Reprint),Gum Gum Lightning Reprint,https://tcgplayer-cdn.tcgplayer.com/product/656083_200w.jpg,68,24305,https://cpt.tcgcsv.com/Hrg7,2025-10-03T04:10:12.437,1,0.01,0.17,3.0,0.16,,Normal,UC,OP09-077,"[Main] <strong>DON!! 2 <em>(You may return the specified number of DON!! cards from your field to your DON!! deck.)</em></strong>: K.O. up to 1 of your opponent's Characters with 6000 power or less.<br>
[Trigger] Add up to 1 DON!! card from your DON!! deck and set it as active.

<br>
<br><span style=""color: red;"">Disclaimer: This card was reprinted from the original set with changes to the copyright information (Note: the original print did not include ""EN"" at the end of the copyright).</span>",Purple,Event,2,,Straw Hat Crew;The Four Emperors,,
656084,Gum-Gum Jump Rope (Pirate Foil),Gum Gum Jump Rope Pirate Foil,https://tcgplayer-cdn.tcgplayer.com/product/656084_200w.jpg,68,24305,https://cpt.tcgcsv.com/Jrg7,2025-10-03T04:10:12.437,1,0.02,0.23,4.99,0.18,,Foil,C,OP09-079,"[Main] <strong>DON!! 2 <em>(You may return the specified number of DON!! cards from your field to your DON!! deck.)</em></strong>: Rest up to 1 of your opponent's Characters with a cost of 5 or less. Then, draw 1 card.<br>
[Trigger] Add up to 1 DON!! card from your DON!! deck and set it as active.",Purple,Event,2,,Straw Hat Crew;The Four Emperors,,
656085,Gum-Gum Jump Rope (Reprint),Gum Gum Jump Rope Reprint,https://tcgplayer-cdn.tcgplayer.com/product/656085_200w.jpg,68,24305,https://cpt.tcgcsv.com/Krg7,2025-10-03T04:10:12.437,1,0.01,0.15,3.0,0.07,,Normal,C,OP09-079,"[Main] <strong>DON!! 2 <em>(You may return the specified number of DON!! cards from your field to your DON!! deck.)</em></strong>: Rest up to 1 of your opponent's Characters with a cost of 5 or less. Then, draw 1 card.<br>
[Trigger] Add up to 1 DON!! card from your DON!! deck and set it as active.

<br>
<br><span style=""color: red;"">Disclaimer: This card was reprinted from the original set with changes to the copyright information (Note: the original print did not include ""EN"" at the end of the copyright).</span>",Purple,Event,2,,Straw Hat Crew;The Four Emperors,,
656086,Catarina Devon (Pirate Foil),Catarina Devon Pirate Foil,https://tcgplayer-cdn.tcgplayer.com/product/656086_200w.jpg,68,24305,https://cpt.tcgcsv.com/Lrg7,2025-10-03T04:10:12.437,1,0.01,0.26,5.99,0.25,,Foil,UC,OP09-084,"[Activate: Main] [Once Per Turn] If your Leader has the ""Blackbeard Pirates"" type, this Character gains [Double Attack], [Banish] or [Blocker] until the end of your opponent's next turn.",Black,Character,5,6000,Blackbeard Pirates,1000,Special
656087,Catarina Devon (Reprint),Catarina Devon Reprint,https://tcgplayer-cdn.tcgplayer.com/product/656087_200w.jpg,68,24305,https://cpt.tcgcsv.com/Mrg7,2025-10-03T04:10:12.437,1,0.01,0.14,3.0,0.1,,Normal,UC,OP09-084,"[Activate: Main] [Once Per Turn] If your Leader has the ""Blackbeard Pirates"" type, this Character gains [Double Attack], [Banish] or [Blocker] until the end of your opponent's next turn.

<br>
<br><span style=""color: red;"">Disclaimer: This card was reprinted from the original set with changes to the copyright information (Note: the original print did not include ""EN"" at the end of the copyright).</span>",Black,Character,5,6000,Blackbeard Pirates,1000,Special
656088,Jesus Burgess (Reprint),Jesus Burgess Reprint,https://tcgplayer-cdn.tcgplayer.com/product/656088_200w.jpg,68,24305,https://cpt.tcgcsv.com/Nrg7,2025-10-03T04:10:12.437,1,0.01,0.2,5.0,0.12,,Foil,R,OP09-086,"This Character cannot be K.O.'d by your opponent's effects.<br>
If your Leader has the ""Blackbeard Pirates"" type, this Character gains +1000 power for every 4 cards in your trash.

<br>
<br><span style=""color: red;"">Disclaimer: This card was reprinted from the original set with changes to the copyright information (Note: the original print did not include ""EN"" at the end of the copyright).</span>",Black,Character,4,5000,Blackbeard Pirates,1000,Strike
656089,Marshall.D.Teach - OP09-093 (Reprint),MarshallDTeach OP09 093 Reprint,https://tcgplayer-cdn.tcgplayer.com/product/656089_200w.jpg,68,24305,https://cpt.tcgcsv.com/Prg7,2025-10-03T04:10:12.437,1,0.75,1.99,10.0,1.18,,Foil,SR,OP09-093,"[Blocker]<br>
[Activate: Main] [Once Per Turn] If your Leader has the ""Blackbeard Pirates"" type and this Character was played on this turn, negate the effect of up to 1 of your opponent's Leader during this turn. Then, negate the effect of up to 1 of your opponent's Characters and that Character cannot attack until the end of your opponent's next turn.

<br>
<br><span style=""color: red;"">Disclaimer: This card was reprinted from the original set with changes to the copyright information (Note: the original print did not include ""EN"" at the end of the copyright).</span>",Black,Character,10,12000,Blackbeard Pirates;The Four Emperors,,Special
656090,Black Vortex (Pirate Foil),Black Vortex Pirate Foil,https://tcgplayer-cdn.tcgplayer.com/product/656090_200w.jpg,68,24305,https://cpt.tcgcsv.com/Qrg7,2025-10-03T04:10:12.437,1,0.2,0.42,5.99,0.38,,Foil,C,OP09-097,"[Counter] Negate the effect of up to 1 of your opponent's Leader or Character cards and give that card 4000 power during this turn.<br>
[Trigger] Negate the effect of up to 1 of your opponent's Leader or Character cards during this turn.",Black,Event,2,,Blackbeard Pirates,,
656091,Black Vortex (Reprint),Black Vortex Reprint,https://tcgplayer-cdn.tcgplayer.com/product/656091_200w.jpg,68,24305,https://cpt.tcgcsv.com/Rrg7,2025-10-03T04:10:12.437,1,0.01,0.18,3.0,0.18,,Normal,C,OP09-097,"[Counter] Negate the effect of up to 1 of your opponent's Leader or Character cards and give that card 4000 power during this turn.<br>
[Trigger] Negate the effect of up to 1 of your opponent's Leader or Character cards during this turn.

<br>
<br><span style=""color: red;"">Disclaimer: This card was reprinted from the original set with changes to the copyright information (Note: the original print did not include ""EN"" at the end of the copyright).</span>",Black,Event,2,,Blackbeard Pirates,,
656092,Black Hole (Pirate Foil),Black Hole Pirate Foil,https://tcgplayer-cdn.tcgplayer.com/product/656092_200w.jpg,68,24305,https://cpt.tcgcsv.com/Srg7,2025-10-03T04:10:12.437,1,0.18,0.76,6.99,0.72,,Foil,UC,OP09-098,"[Main] If your Leader has the ""Blackbeard Pirates"" type, negate the effect of up to 1 of your opponent's Characters during this turn. Then, if that Character has a cost of 4 or less, K.O. it.<br>
[Trigger] Negate the effect of up to 1 of your opponent's Leader or Character cards during this turn.",Black,Event,4,,Blackbeard Pirates,,
656093,Thousand Sunny (Reprint),Thousand Sunny Reprint,https://tcgplayer-cdn.tcgplayer.com/product/656093_200w.jpg,68,24305,https://cpt.tcgcsv.com/Trg7,2025-10-03T04:10:12.437,1,0.01,0.15,3.0,0.12,,Normal,C,ST14-017,"All of your black ""Straw Hat Crew"" type Characters gain +1 cost.
<br>[On Play] If your Leader has the ""Straw Hat Crew"" type, draw 1 card.
<br>
<br><span style=""color: red;"">Disclaimer: This card was reprinted from the original set with changes to the copyright information (Note: the original print did not include ""EN"" at the end of the copyright).</span>",Black,Stage,1,,Straw Hat Crew,,
656094,Black Hole (Reprint),Black Hole Reprint,https://tcgplayer-cdn.tcgplayer.com/product/656094_200w.jpg,68,24305,https://cpt.tcgcsv.com/Vrg7,2025-10-03T04:10:12.437,1,0.01,0.16,3.0,0.12,,Normal,UC,OP09-098,"[Main] If your Leader has the ""Blackbeard Pirates"" type, negate the effect of up to 1 of your opponent's Characters during this turn. Then, if that Character has a cost of 4 or less, K.O. it.<br>
[Trigger] Negate the effect of up to 1 of your opponent's Leader or Character cards during this turn.

<br>
<br><span style=""color: red;"">Disclaimer: This card was reprinted from the original set with changes to the copyright information (Note: the original print did not include ""EN"" at the end of the copyright).</span>",Black,Event,4,,Blackbeard Pirates,,
656095,I Have My Crew!! (Reprint),I Have My Crew Reprint,https://tcgplayer-cdn.tcgplayer.com/product/656095_200w.jpg,68,24305,https://cpt.tcgcsv.com/Wrg7,2025-10-03T04:10:12.437,1,0.01,0.15,3.0,0.13,,Normal,C,ST14-016,"[Main] Draw 1 card. Then, up to 1 of your Characters gains +3 cost until the end of your opponent's next turn.
<br>[Trigger] K.O. up to 1 of your opponent's Characters with a cost of 3 or less.
<br>
<br><span style=""color: red;"">Disclaimer: This card was reprinted from the original set with changes to the copyright information (Note: the original print did not include ""EN"" at the end of the copyright).</span>",Black,Event,1,,Straw Hat Crew,,
656096,I Have My Crew!! (Pirate Foil),I Have My Crew Pirate Foil,https://tcgplayer-cdn.tcgplayer.com/product/656096_200w.jpg,68,24305,https://cpt.tcgcsv.com/Xrg7,2025-10-03T04:10:12.437,1,0.08,0.25,4.99,0.25,,Foil,C,ST14-016,"[Main] Draw 1 card. Then, up to 1 of your Characters gains +3 cost until the end of your opponent's next turn.
<br>[Trigger] K.O. up to 1 of your opponent's Characters with a cost of 3 or less.",Black,Event,1,,Straw Hat Crew,,
656097,Roronoa Zoro - ST14-013 (Reprint),Roronoa Zoro ST14 013 Reprint,https://tcgplayer-cdn.tcgplayer.com/product/656097_200w.jpg,68,24305,https://cpt.tcgcsv.com/Zrg7,2025-10-03T04:10:12.437,1,0.01,0.15,3.0,0.16,,Normal,C,ST14-013,"<br>
<br><span style=""color: red;"">Disclaimer: This card was reprinted from the original set with changes to the copyright information (Note: the original print did not include ""EN"" at the end of the copyright).</span>",Black,Character,6,8000,Straw Hat Crew,1000,Slash
656098,Roronoa Zoro - ST14-013 (Pirate Foil),Roronoa Zoro ST14 013 Pirate Foil,https://tcgplayer-cdn.tcgplayer.com/product/656098_200w.jpg,68,24305,https://cpt.tcgcsv.com/-rg7,2025-10-03T04:10:12.437,1,0.1,0.49,6.99,0.49,,Foil,C,ST14-013,,Black,Character,6,8000,Straw Hat Crew,1000,Slash
656099,Rebecca (Reprint),Rebecca Reprint,https://tcgplayer-cdn.tcgplayer.com/product/656099_200w.jpg,68,24305,https://cpt.tcgcsv.com/_rg7,2025-10-03T04:10:12.437,1,0.2,1.99,10.0,1.55,,Foil,SR,OP05-091,"[Blocker]
<br>
[On Play] Add up to 1 black Character card with a cost of 3 to 7 other than [Rebecca] from your trash to your hand. Then, play up to 1 black Character card with a cost of 3 or less from your hand rested.
<br>
<br><span style=""color: red;"">Disclaimer: This card was reprinted from the original set with changes to the copyright information (Note: the original print did not include ""EN"" at the end of the copyright) and the Artist Credit (Note: there is no pencil design on top of the artist name).</span>",Black,Character,4,0,Dressrosa,1000,Wisdom
656100,Ten-Layer Igloo (Pirate Foil),Ten Layer Igloo Pirate Foil,https://tcgplayer-cdn.tcgplayer.com/product/656100_200w.jpg,68,24305,https://cpt.tcgcsv.com/0sg7,2025-10-03T04:10:12.437,1,0.08,0.27,5.0,0.28,,Foil,C,OP10-018,"[Counter] Up to 1 of your Leader or Character cards gains +3000 power during this battle. Then, give up to 1 of your opponent's Leader or Character cards 2000 power during this turn.<br>
[Trigger] Up to 1 of your Leader or Character cards gains +1000 power during this turn.",Red,Event,2,,Donquixote Pirates;Punk Hazard,,
656101,Ten-Layer Igloo (Reprint),Ten Layer Igloo Reprint,https://tcgplayer-cdn.tcgplayer.com/product/656101_200w.jpg,68,24305,https://cpt.tcgcsv.com/2sg7,2025-10-03T04:10:12.437,1,0.01,0.15,3.0,0.1,,Normal,C,OP10-018,"[Counter] Up to 1 of your Leader or Character cards gains +3000 power during this battle. Then, give up to 1 of your opponent's Leader or Character cards 2000 power during this turn.<br>
[Trigger] Up to 1 of your Leader or Character cards gains +1000 power during this turn.

<br>
<br><span style=""color: red;"">Disclaimer: This card was reprinted from the original set with changes to the copyright information (Note: the original print did not include ""EN"" at the end of the copyright).</span>",Red,Event,2,,Donquixote Pirates;Punk Hazard,,
656102,Mary Geoise (Reprint),Mary Geoise Reprint,https://tcgplayer-cdn.tcgplayer.com/product/656102_200w.jpg,68,24305,https://cpt.tcgcsv.com/3sg7,2025-10-03T04:10:12.437,1,0.01,0.14,3.0,0.1,,Normal,C,OP05-097,"[Your Turn] The cost of playing [Celestial Dragons] type Character cards with a cost of 2 or more from your hand will be reduced by 1.
<br>
<br><span style=""color: red;"">Disclaimer: This card was reprinted from the original set with changes to the copyright information (Note: the original print did not include ""EN"" at the end of the copyright).</span>",Black,Stage,1,,Mary Geoise,,
656103,Mary Geoise (Pirate Foil),Mary Geoise Pirate Foil,https://tcgplayer-cdn.tcgplayer.com/product/656103_200w.jpg,68,24305,https://cpt.tcgcsv.com/5sg7,2025-10-03T04:10:12.437,1,0.05,0.28,4.99,0.25,,Foil,C,OP05-097,[Your Turn] The cost of playing [Celestial Dragons] type Character cards with a cost of 2 or more from your hand will be reduced by 1.,Black,Stage,1,,Mary Geoise,,
656104,Tashigi (Reprint),Tashigi Reprint,https://tcgplayer-cdn.tcgplayer.com/product/656104_200w.jpg,68,24305,https://cpt.tcgcsv.com/6sg7,2025-10-03T04:10:12.437,1,0.39,1.0,25.0,0.67,,Foil,SR,OP10-032,"If you have a green Character other than [Tashigi] that would be removed from the field by your opponent's effect, you may rest this Character instead.

<br>
<br><span style=""color: red;"">Disclaimer: This card was reprinted from the original set with changes to the copyright information (Note: the original print did not include ""EN"" at the end of the copyright).</span>",Green,Character,3,4000,Navy;Punk Hazard,2000,Special
656105,Mary Geoise (Alternate Art),Mary Geoise Alternate Art,https://tcgplayer-cdn.tcgplayer.com/product/656105_200w.jpg,68,24305,https://cpt.tcgcsv.com/7sg7,2025-10-03T04:10:12.437,1,5.99,7.99,80.0,6.68,,Foil,C,OP05-097,[Your Turn] The cost of playing [Celestial Dragons] type Character cards with a cost of 2 or more from your hand will be reduced by 1.,Black,Stage,1,,Mary Geoise,,
656106,Brook - ST14-010 (Reprint),Brook ST14 010 Reprint,https://tcgplayer-cdn.tcgplayer.com/product/656106_200w.jpg,68,24305,https://cpt.tcgcsv.com/8sg7,2025-10-03T04:10:12.437,1,0.01,0.13,3.0,0.09,,Normal,C,ST14-010,"<br><span style=""color: red;"">Disclaimer: This card was reprinted from the original set with changes to the copyright information (Note: the original print did not include ""EN"" at the end of the copyright).</span>",Black,Character,5,7000,Straw Hat Crew,1000,Slash
656107,Gedatsu (Reprint),Gedatsu Reprint,https://tcgplayer-cdn.tcgplayer.com/product/656107_200w.jpg,68,24305,https://cpt.tcgcsv.com/9sg7,2025-10-03T04:10:12.437,1,0.01,0.25,5.0,0.23,,Foil,R,OP05-102,"[On Play] K.O. up to 1 of your opponent's Characters with a cost equal to or less than the number of your opponent's Life cards.
<br>
<br><span style=""color: red;"">Disclaimer: This card was reprinted from the original set with changes to the copyright information (Note: the original print did not include ""EN"" at the end of the copyright) and the Artist Credit (Note: there is no pencil design on top of the artist name).</span>",Yellow,Character,5,6000,Sky Island;Vassals,1000,Strike
656108,Brook - ST14-010 (Pirate Foil),Brook ST14 010 Pirate Foil,https://tcgplayer-cdn.tcgplayer.com/product/656108_200w.jpg,68,24305,https://cpt.tcgcsv.com/bsg7,2025-10-03T04:10:12.437,1,0.01,0.26,5.99,0.24,,Foil,C,ST14-010,,Black,Character,5,7000,Straw Hat Crew,1000,Slash
656109,Kyros (Reprint),Kyros Reprint,https://tcgplayer-cdn.tcgplayer.com/product/656109_200w.jpg,68,24305,https://cpt.tcgcsv.com/csg7,2025-10-03T04:10:12.437,1,0.01,0.3,10.0,0.23,,Foil,SR,OP10-046,"[On Play] Return up to 1 Character with a cost of 5 or less to the owner's hand.

<br>
<br><span style=""color: red;"">Disclaimer: This card was reprinted from the original set with changes to the copyright information (Note: the original print did not include ""EN"" at the end of the copyright).</span>",Blue,Character,7,9000,Dressrosa,,Slash
656110,Shanks (Reprint),Shanks Reprint,https://tcgplayer-cdn.tcgplayer.com/product/656110_200w.jpg,68,24305,https://cpt.tcgcsv.com/dsg7,2025-10-03T04:10:12.437,1,0.65,1.88,10.0,1.35,,Foil,SR,OP06-007,"[On play] K.O. up to 1 of your opponent's Characters with 10000 power or less.
<br>
<br><span style=""color: red;"">Disclaimer: This card was reprinted from the original set with changes to the copyright information (Note: the original print did not include ""EN"" at the end of the copyright).</span>",Red,Character,10,12000,FILM;The Four Emperors;Red-Haired Pirates,,Slash
656111,God Thread (Pirate Foil),God Thread Pirate Foil,https://tcgplayer-cdn.tcgplayer.com/product/656111_200w.jpg,68,24305,https://cpt.tcgcsv.com/fsg7,2025-10-03T04:10:12.437,1,0.05,0.38,5.99,0.36,,Foil,UC,OP10-079,"[Main] K.O. up to 1 of your opponent's Characters with a cost 5 or less. Then, add up to 1 DON!! card from your DON!! deck and set it as active.<br>
[Trigger] Add up to 1 DON!! card from your DON!! deck and set it as active.",Purple,Event,5,,Donquixote Pirates;The Seven Warlords of the Sea,,
656112,God Thread (Reprint),God Thread Reprint,https://tcgplayer-cdn.tcgplayer.com/product/656112_200w.jpg,68,24305,https://cpt.tcgcsv.com/gsg7,2025-10-03T04:10:12.437,1,0.01,0.15,15.0,0.12,,Normal,UC,OP10-079,"[Main] K.O. up to 1 of your opponent's Characters with a cost 5 or less. Then, add up to 1 DON!! card from your DON!! deck and set it as active.<br>
[Trigger] Add up to 1 DON!! card from your DON!! deck and set it as active.

<br>
<br><span style=""color: red;"">Disclaimer: This card was reprinted from the original set with changes to the copyright information (Note: the original print did not include ""EN"" at the end of the copyright).</span>",Purple,Event,5,,Donquixote Pirates;The Seven Warlords of the Sea,,
656113,Gion (Reprint),Gion Reprint,https://tcgplayer-cdn.tcgplayer.com/product/656113_200w.jpg,68,24305,https://cpt.tcgcsv.com/hsg7,2025-10-03T04:10:12.437,1,0.01,0.19,3.0,0.11,,Normal,UC,OP06-044,"[Your Turn][Once Per Turn] When your opponent activates an Event, your opponent must place 1 card from their hand at the bottom of their deck.
<br>
<br><span style=""color: red;"">Disclaimer: This card was reprinted from the original set with changes to the copyright information (Note: the original print did not include ""EN"" at the end of the copyright).</span>",Blue,Character,4,5000,Navy,2000,Slash
656114,Gion (Pirate Foil),Gion Pirate Foil,https://tcgplayer-cdn.tcgplayer.com/product/656114_200w.jpg,68,24305,https://cpt.tcgcsv.com/jsg7,2025-10-03T04:10:12.437,1,0.02,0.29,5.0,0.25,,Foil,UC,OP06-044,"[Your Turn][Once Per Turn] When your opponent activates an Event, your opponent must place 1 card from their hand at the bottom of their deck.",Blue,Character,4,5000,Navy,2000,Slash
656115,Nico Robin - ST14-007 (Reprint),Nico Robin ST14 007 Reprint,https://tcgplayer-cdn.tcgplayer.com/product/656115_200w.jpg,68,24305,https://cpt.tcgcsv.com/ksg7,2025-10-03T04:10:12.437,1,0.01,0.15,3.0,0.16,,Normal,C,ST14-007,"[On Play] / [When Attacking] If you have a Character with a cost of 8 or more, give up to 1 of your opponent's Characters -5 cost during this turn.
<br>
<br><span style=""color: red;"">Disclaimer: This card was reprinted from the original set with changes to the copyright information (Note: the original print did not include ""EN"" at the end of the copyright).</span>",Black,Character,6,7000,Straw Hat Crew,1000,Strike
656116,Roronoa Zoro - OP10-095 (Reprint),Roronoa Zoro OP10 095 Reprint,https://tcgplayer-cdn.tcgplayer.com/product/656116_200w.jpg,68,24305,https://cpt.tcgcsv.com/lsg7,2025-10-03T04:10:12.437,1,0.01,0.21,5.0,0.17,,Foil,R,OP10-095,"[On Play] <strong>You may rest 1 of your ""Dressrosa"" type Leader or Stage cards:</strong> K.O. up to 1 of your opponent's Characters with a cost of 4 or less. Then, trash 2 cards from the top of your deck.

<br>
<br><span style=""color: red;"">Disclaimer: This card was reprinted from the original set with changes to the copyright information (Note: the original print did not include ""EN"" at the end of the copyright).</span>",Black,Character,4,6000,Straw Hat Crew;Supernovas;Dressrosa,,Slash
656117,Nico Robin - ST14-007 (Pirate Foil),Nico Robin ST14 007 Pirate Foil,https://tcgplayer-cdn.tcgplayer.com/product/656117_200w.jpg,68,24305,https://cpt.tcgcsv.com/msg7,2025-10-03T04:10:12.437,1,0.1,0.45,5.99,0.46,,Foil,C,ST14-007,"[On Play] / [When Attacking] If you have a Character with a cost of 8 or more, give up to 1 of your opponent's Characters -5 cost during this turn.",Black,Character,6,7000,Straw Hat Crew,1000,Strike
656118,Charlotte Pudding (Reprint),Charlotte Pudding Reprint,https://tcgplayer-cdn.tcgplayer.com/product/656118_200w.jpg,68,24305,https://cpt.tcgcsv.com/nsg7,2025-10-03T04:10:12.437,1,0.09,0.59,20.61,0.47,,Foil,R,OP06-047,"[On Play] Your opponent returns all cards in their hand to their deck and shuffles their deck. Then, your opponent draws 5 cards.
<br>
<br><span style=""color: red;"">Disclaimer: This card was reprinted from the original set with changes to the copyright information (Note: the original print did not include ""EN"" at the end of the copyright).</span>",Blue,Character,4,4000,Big Mom Pirates,1000,Wisdom
656119,The Three Brothers' Bond (Reprint),The Three Brothers Bond Reprint,https://tcgplayer-cdn.tcgplayer.com/product/656119_200w.jpg,68,24305,https://cpt.tcgcsv.com/psg7,2025-10-03T04:10:12.437,1,0.01,0.14,3.0,0.1,,Normal,C,ST13-019,"[Main] Look at 5 cards from the top of your deck; reveal up to 1 [Sabo], [Portgas.D.Ace], or [Monkey.D.Luffy] with a cost of 5 or less and add it to your hand. Then, place the rest at the bottom of your deck in any order.
<br>
[Trigger] Activate this card's [Main] effect.
<br>
<br><span style=""color: red;"">Disclaimer: This card was reprinted from the original set with changes to the copyright information (Note: the original print did not include ""EN"" at the end of the copyright).</span>",Yellow,Event,1,,Goa Kingdom,,
656120,The Three Brothers' Bond (Pirate Foil),The Three Brothers Bond Pirate Foil,https://tcgplayer-cdn.tcgplayer.com/product/656120_200w.jpg,68,24305,https://cpt.tcgcsv.com/qsg7,2025-10-03T04:10:12.437,1,0.01,0.3,5.99,0.31,,Foil,C,ST13-019,"[Main] Look at 5 cards from the top of your deck; reveal up to 1 [Sabo], [Portgas.D.Ace], or [Monkey.D.Luffy] with a cost of 5 or less and add it to your hand. Then, place the rest at the bottom of your deck in any order.
<br>
[Trigger] Activate this card's [Main] effect.",Yellow,Event,1,,Goa Kingdom,,
656121,Cavendish - OP10-105 (Pirate Foil),Cavendish OP10 105 Pirate Foil,https://tcgplayer-cdn.tcgplayer.com/product/656121_200w.jpg,68,24305,https://cpt.tcgcsv.com/rsg7,2025-10-03T04:10:12.437,1,0.01,0.2,4.99,0.16,,Foil,C,OP10-105,,Yellow,Character,6,8000,Beautiful Pirates;Supernovas;Dressrosa,1000,Slash
656122,Sengoku - OP06-049 (Reprint),Sengoku OP06 049 Reprint,https://tcgplayer-cdn.tcgplayer.com/product/656122_200w.jpg,68,24305,https://cpt.tcgcsv.com/ssg7,2025-10-03T04:10:12.437,1,0.01,0.1,3.0,0.05,,Normal,C,OP06-049,"<span style=""color: red;"">Disclaimer: This card was reprinted from the original set with changes to the copyright information (Note: the original print did not include ""EN"" at the end of the copyright).</span>",Blue,Character,5,7000,Navy,1000,Strike
656123,Cavendish - OP10-105 (Reprint),Cavendish OP10 105 Reprint,https://tcgplayer-cdn.tcgplayer.com/product/656123_200w.jpg,68,24305,https://cpt.tcgcsv.com/tsg7,2025-10-03T04:10:12.437,1,0.01,0.1,3.0,0.05,,Normal,C,OP10-105,"<span style=""color: red;"">Disclaimer: This card was reprinted from the original set with changes to the copyright information (Note: the original print did not include ""EN"" at the end of the copyright).</span>",Yellow,Character,6,8000,Beautiful Pirates;Supernovas;Dressrosa,1000,Slash
656124,Sengoku - OP06-049 (Pirate Foil),Sengoku OP06 049 Pirate Foil,https://tcgplayer-cdn.tcgplayer.com/product/656124_200w.jpg,68,24305,https://cpt.tcgcsv.com/vsg7,2025-10-03T04:10:12.437,1,0.01,0.18,5.0,0.08,,Foil,C,OP06-049,,Blue,Character,5,7000,Navy,1000,Strike
656125,Ama no Murakumo Sword (Reprint),Ama no Murakumo Sword Reprint,https://tcgplayer-cdn.tcgplayer.com/product/656125_200w.jpg,68,24305,https://cpt.tcgcsv.com/wsg7,2025-10-03T04:10:12.437,1,0.01,0.15,3.0,0.05,,Normal,UC,OP06-056,"[Main] Place up to 1 of your opponent's Characters with a cost of 2 or less and up to 1 of your opponent's Characters with a cost of 1 or less at the bottom of the owner's deck in any order.
<br>
<br><span style=""color: red;"">Disclaimer: This card was reprinted from the original set with changes to the copyright information (Note: the original print did not include ""EN"" at the end of the copyright).</span>",Blue,Event,2,,Navy,,
656126,Ama no Murakumo Sword (Pirate Foil),Ama no Murakumo Sword Pirate Foil,https://tcgplayer-cdn.tcgplayer.com/product/656126_200w.jpg,68,24305,https://cpt.tcgcsv.com/xsg7,2025-10-03T04:10:12.437,1,0.01,0.2,4.0,0.16,,Foil,UC,OP06-056,[Main] Place up to 1 of your opponent's Characters with a cost of 2 or less and up to 1 of your opponent's Characters with a cost of 1 or less at the bottom of the owner's deck in any order.,Blue,Event,2,,Navy,,
656127,Scratchmen Apoo - OP10-108 (Pirate Foil),Scratchmen Apoo OP10 108 Pirate Foil,https://tcgplayer-cdn.tcgplayer.com/product/656127_200w.jpg,68,24305,https://cpt.tcgcsv.com/zsg7,2025-10-03T04:10:12.437,1,0.01,0.22,4.0,0.19,,Foil,C,OP10-108,"If you have a yellow ""Supernovas"" type Character other than [Scratchmen Apoo], this Character gains [Blocker].",Yellow,Character,1,1000,On-Air Pirates;Supernovas,1000,Ranged
656128,Scratchmen Apoo - OP10-108 (Reprint),Scratchmen Apoo OP10 108 Reprint,https://tcgplayer-cdn.tcgplayer.com/product/656128_200w.jpg,68,24305,https://cpt.tcgcsv.com/Bsg7,2025-10-03T04:10:12.437,1,0.01,0.11,3.0,0.06,,Normal,C,OP10-108,"If you have a yellow ""Supernovas"" type Character other than [Scratchmen Apoo], this Character gains [Blocker].

<br>
<br><span style=""color: red;"">Disclaimer: This card was reprinted from the original set with changes to the copyright information (Note: the original print did not include ""EN"" at the end of the copyright).</span>",Yellow,Character,1,1000,On-Air Pirates;Supernovas,1000,Ranged
656129,Gravity Blade Raging Tiger (Reprint),Gravity Blade Raging Tiger Reprint,https://tcgplayer-cdn.tcgplayer.com/product/656129_200w.jpg,68,24305,https://cpt.tcgcsv.com/Csg7,2025-10-03T04:10:12.437,1,0.47,6.7,17.0,4.74,,Foil,R,OP06-058,"[Main] Place up to 2 Characters with a cost of 6 or less at the bottom of the owner's deck in any order.
<br>[Trigger] Place up to 1 Character with a cost of 5 or less at the bottom of the owner's deck.
<br>
<br><span style=""color: red;"">Disclaimer: This card was reprinted from the original set with changes to the copyright information (Note: the original print did not include ""EN"" at the end of the copyright).</span>",Blue,Event,7,,Navy,,
656130,Gravity Blade Raging Tiger (Alternate Art),Gravity Blade Raging Tiger Alternate Art,https://tcgplayer-cdn.tcgplayer.com/product/656130_200w.jpg,68,24305,https://cpt.tcgcsv.com/Dsg7,2025-10-03T04:10:12.437,1,58.5,68.07,180.0,64.9,,Foil,R,OP06-058,"[Main] Place up to 2 Characters with a cost of 6 or less at the bottom of the owner's deck in any order.
<br>[Trigger] Place up to 1 Character with a cost of 5 or less at the bottom of the owner's deck.",Blue,Event,7,,Navy,,
656131,Monkey.D.Luffy - ST13-014 (Reprint),MonkeyDLuffy ST13 014 Reprint,https://tcgplayer-cdn.tcgplayer.com/product/656131_200w.jpg,68,24305,https://cpt.tcgcsv.com/Fsg7,2025-10-03T04:10:12.437,1,0.01,0.15,11.0,0.12,,Normal,C,ST13-014,"[Activate:Main] <strong>You may trash this Character</strong>: Reveal 1 card from the top of your Life cards. If that card is a [Monkey.D.Luffy] with a cost of 5, you may play that card. If you do, up to 1 of your Leader gains +2000 power until the end of your opponent's next turn.
<br>
<br><span style=""color: red;"">Disclaimer: This card was reprinted from the original set with changes to the copyright information (Note: the original print did not include ""EN"" at the end of the copyright).</span>",Yellow,Character,2,2000,Goa Kingdom,1000,Strike
656132,Basil Hawkins - OP10-109 (Reprint),Basil Hawkins OP10 109 Reprint,https://tcgplayer-cdn.tcgplayer.com/product/656132_200w.jpg,68,24305,https://cpt.tcgcsv.com/Gsg7,2025-11-10T19:40:17.44,1,0.17,0.35,2.98,0.3,,Foil,R,OP10-109,"[On K.O.] Trash up to 1 card from the top of your opponent's Life cards.<br>
[Trigger] Draw 2 cards and trash 1 card from your hand.

<br>
<br><span style=""color: red;"">Disclaimer: This card was reprinted from the original set with changes to the copyright information (Note: the original print did not include ""EN"" at the end of the copyright). 
<br>The non-foil version of this reprinted card was originally reprinted from the Learn Together Deck Set.</span>",Yellow,Character,4,5000,Hawkins Pirates;Supernovas,1000,Slash
656132,Basil Hawkins - OP10-109 (Reprint),Basil Hawkins OP10 109 Reprint,https://tcgplayer-cdn.tcgplayer.com/product/656132_200w.jpg,68,24305,https://cpt.tcgcsv.com/Gsg7,2025-11-10T19:40:17.44,1,0.1,0.27,20.0,0.26,,Normal,R,OP10-109,"[On K.O.] Trash up to 1 card from the top of your opponent's Life cards.<br>
[Trigger] Draw 2 cards and trash 1 card from your hand.

<br>
<br><span style=""color: red;"">Disclaimer: This card was reprinted from the original set with changes to the copyright information (Note: the original print did not include ""EN"" at the end of the copyright). 
<br>The non-foil version of this reprinted card was originally reprinted from the Learn Together Deck Set.</span>",Yellow,Character,4,5000,Hawkins Pirates;Supernovas,1000,Slash
656133,Monkey.D.Luffy - ST13-014 (Pirate Foil),MonkeyDLuffy ST13 014 Pirate Foil,https://tcgplayer-cdn.tcgplayer.com/product/656133_200w.jpg,68,24305,https://cpt.tcgcsv.com/Hsg7,2025-10-03T04:10:12.437,1,0.1,0.34,6.99,0.33,,Foil,C,ST13-014,"[Activate:Main] <strong>You may trash this Character</strong>: Reveal 1 card from the top of your Life cards. If that card is a [Monkey.D.Luffy] with a cost of 5, you may play that card. If you do, up to 1 of your Leader gains +2000 power until the end of your opponent's next turn.",Yellow,Character,2,2000,Goa Kingdom,1000,Strike
656134,White Snake (Reprint),White Snake Reprint,https://tcgplayer-cdn.tcgplayer.com/product/656134_200w.jpg,68,24305,https://cpt.tcgcsv.com/Jsg7,2025-10-03T04:10:12.437,1,0.01,0.15,3.0,0.09,,Normal,UC,OP06-059,"[Counter] Up to 1 of your Leader or Character cards gains +1000 power during this turn, and draw 1 card.
<br>
[Trigger] Look at 5 cards from the top of your deck and place them at the top or bottom of your deck in any order.
<br>
<br><span style=""color: red;"">Disclaimer: This card was reprinted from the original set with changes to the copyright information (Note: the original print did not include ""EN"" at the end of the copyright).</span>",Blue,Event,2,,Navy,,
656135,White Snake (Pirate Foil),White Snake Pirate Foil,https://tcgplayer-cdn.tcgplayer.com/product/656135_200w.jpg,68,24305,https://cpt.tcgcsv.com/Ksg7,2025-10-03T04:10:12.437,1,0.02,0.25,5.0,0.23,,Foil,UC,OP06-059,"[Counter] Up to 1 of your Leader or Character cards gains +1000 power during this turn, and draw 1 card.
<br>
[Trigger] Look at 5 cards from the top of your deck and place them at the top or bottom of your deck in any order.",Blue,Event,2,,Navy,,
656136,Vinsmoke Sora (Reprint),Vinsmoke Sora Reprint,https://tcgplayer-cdn.tcgplayer.com/product/656136_200w.jpg,68,24305,https://cpt.tcgcsv.com/Lsg7,2025-10-03T04:10:12.437,1,0.01,0.15,3.0,0.06,,Normal,UC,OP06-063,"[On Play] <strong>You may trash 1 card from your hand</strong>: If the number of DON!! cards on your field is equal to or less than the number on your opponent's field, add up to 1 [The Vinsmoke Family] type Character card with 4000 power or less from your trash to your hand.
<br>
<br><span style=""color: red;"">Disclaimer: This card was reprinted from the original set with changes to the copyright information (Note: the original print did not include ""EN"" at the end of the copyright).</span>",Purple,Character,1,0,The Vinsmoke Family;Kingdom of GERMA,2000,Wisdom
656137,Portgas.D.Ace - ST13-010 (Reprint),PortgasDAce ST13 010 Reprint,https://tcgplayer-cdn.tcgplayer.com/product/656137_200w.jpg,68,24305,https://cpt.tcgcsv.com/Msg7,2025-10-03T04:10:12.437,1,0.01,0.13,3.0,0.08,,Normal,C,ST13-010,"[Activate: Main] <strong>You may trash this Character</strong>: Reveal 1 card from the top of your Life cards. If that card is a [Portgas.D.Ace] with a cost of 5, you may play that card. If you do, up to 1 of your Leader gains +2000 power until the end of your opponent's next turn.
<br>
<br><span style=""color: red;"">Disclaimer: This card was reprinted from the original set with changes to the copyright information (Note: the original print did not include ""EN"" at the end of the copyright).</span>",Yellow,Character,2,2000,Goa Kingdom,1000,Strike
656138,"Eustass""Captain""Kid (Reprint)",EustassCaptainKid Reprint,https://tcgplayer-cdn.tcgplayer.com/product/656138_200w.jpg,68,24305,https://cpt.tcgcsv.com/Nsg7,2025-10-03T04:10:12.437,1,0.39,1.0,99.9,0.66,,Foil,SR,OP10-112,"[On Play] <strong>You may rest this Character:</strong> Trash up to 1 card from the top of your opponent's Life cards.<br>
[End of Your Turn] If your opponent has 2 or less Life cards, draw 1 card and trash 1 card from your hand.

<br>
<br><span style=""color: red;"">Disclaimer: This card was reprinted from the original set with changes to the copyright information (Note: the original print did not include ""EN"" at the end of the copyright).</span>",Yellow,Character,8,9000,Kid Pirates;Supernovas,,Special
656139,Vinsmoke Sora (Pirate Foil),Vinsmoke Sora Pirate Foil,https://tcgplayer-cdn.tcgplayer.com/product/656139_200w.jpg,68,24305,https://cpt.tcgcsv.com/Psg7,2025-10-03T04:10:12.437,1,0.01,0.25,5.0,0.19,,Foil,UC,OP06-063,"[On Play] <strong>You may trash 1 card from your hand</strong>: If the number of DON!! cards on your field is equal to or less than the number on your opponent's field, add up to 1 [The Vinsmoke Family] type Character card with 4000 power or less from your trash to your hand.",Purple,Character,1,0,The Vinsmoke Family;Kingdom of GERMA,2000,Wisdom
656140,Portgas.D.Ace - ST13-010 (Pirate Foil),PortgasDAce ST13 010 Pirate Foil,https://tcgplayer-cdn.tcgplayer.com/product/656140_200w.jpg,68,24305,https://cpt.tcgcsv.com/Qsg7,2025-10-03T04:10:12.437,1,0.05,0.27,4.99,0.26,,Foil,C,ST13-010,"[Activate: Main] <strong>You may trash this Character</strong>: Reveal 1 card from the top of your Life cards. If that card is a [Portgas.D.Ace] with a cost of 5, you may play that card. If you do, up to 1 of your Leader gains +2000 power until the end of your opponent's next turn.",Yellow,Character,2,2000,Goa Kingdom,1000,Strike
656141,Shiki (Reprint),Shiki Reprint,https://tcgplayer-cdn.tcgplayer.com/product/656141_200w.jpg,68,24305,https://cpt.tcgcsv.com/Rsg7,2025-10-03T04:10:12.437,1,0.01,0.15,3.0,0.03,,Normal,UC,OP06-073,"[Blocker] <em>(After your opponent declares an attack, you may rest this card to make it the new target of the attack.)</em>
<br>
[On Play] If you have 8 or more DON!! cards on your field, draw 1 card and trash 1 card from your hand.
<br>
<br><span style=""color: red;"">Disclaimer: This card was reprinted from the original set with changes to the copyright information (Note: the original print did not include ""EN"" at the end of the copyright).</span>",Purple,Character,2,1000,FILM;Golden Lion Pirates,1000,Special
656142,Shiki (Pirate Foil),Shiki Pirate Foil,https://tcgplayer-cdn.tcgplayer.com/product/656142_200w.jpg,68,24305,https://cpt.tcgcsv.com/Ssg7,2025-10-03T04:10:12.437,1,0.01,0.2,5.0,0.12,,Foil,UC,OP06-073,"[Blocker] <em>(After your opponent declares an attack, you may rest this card to make it the new target of the attack.)</em>
<br>
[On Play] If you have 8 or more DON!! cards on your field, draw 1 card and trash 1 card from your hand.",Purple,Character,2,1000,FILM;Golden Lion Pirates,1000,Special
656143,Hitokiri Kamazo (Reprint),Hitokiri Kamazo Reprint,https://tcgplayer-cdn.tcgplayer.com/product/656143_200w.jpg,68,24305,https://cpt.tcgcsv.com/Tsg7,2025-10-03T04:10:12.437,1,0.01,0.12,10.0,0.07,,Normal,UC,OP06-076,"[Your Turn][Once Per Turn] When a DON!! card on your field is returned to your DON!! deck, K.O. up to 1 of your opponent's Characters with a cost of 2 or less.
<br>
<br><span style=""color: red;"">Disclaimer: This card was reprinted from the original set with changes to the copyright information (Note: the original print did not include ""EN"" at the end of the copyright).</span>",Purple,Character,4,5000,Kid Pirates;Supernovas;SMILE,2000,Slash
656144,X.Drake (Pirate Foil),XDrake Pirate Foil,https://tcgplayer-cdn.tcgplayer.com/product/656144_200w.jpg,68,24305,https://cpt.tcgcsv.com/Vsg7,2025-10-03T04:10:12.437,1,0.01,0.26,3.99,0.24,,Foil,UC,OP10-114,"[Activate: Main] <strong>You may rest this Character:</strong> If the number of your Life cards is equal to or less than the number of your opponent's Life cards, rest up to 1 of your opponent's Characters with a cost of 4 or less.",Yellow,Character,3,3000,Drake Pirates;Navy;Supernovas,2000,Slash
656145,Hitokiri Kamazo (Pirate Foil),Hitokiri Kamazo Pirate Foil,https://tcgplayer-cdn.tcgplayer.com/product/656145_200w.jpg,68,24305,https://cpt.tcgcsv.com/Wsg7,2025-10-03T04:10:12.437,1,0.05,0.25,5.0,0.2,,Foil,UC,OP06-076,"[Your Turn][Once Per Turn] When a DON!! card on your field is returned to your DON!! deck, K.O. up to 1 of your opponent's Characters with a cost of 2 or less.",Purple,Character,4,5000,Kid Pirates;Supernovas;SMILE,2000,Slash
656146,Sabo - ST13-007 (Reprint),Sabo ST13 007 Reprint,https://tcgplayer-cdn.tcgplayer.com/product/656146_200w.jpg,68,24305,https://cpt.tcgcsv.com/Xsg7,2025-10-03T04:10:12.437,1,0.01,0.12,3.0,0.1,,Normal,C,ST13-007,"[Activate: Main] <strong>You may trash this Character</strong>: Reveal 1 card from the top of your Life cards. If that card is a [Sabo] with a cost of 5, you may play that card. If you do, up to 1 of your Leader gains +2000 power until the end of your opponent's next turn.
<br>
<br><span style=""color: red;"">Disclaimer: This card was reprinted from the original set with changes to the copyright information (Note: the original print did not include ""EN"" at the end of the copyright).</span>",Yellow,Character,2,2000,Goa Kingdom,1000,Strike
656147,X.Drake (Reprint),XDrake Reprint,https://tcgplayer-cdn.tcgplayer.com/product/656147_200w.jpg,68,24305,https://cpt.tcgcsv.com/Zsg7,2025-10-03T04:10:12.437,1,0.01,0.15,3.0,0.1,,Normal,UC,OP10-114,"[Activate: Main] <strong>You may rest this Character:</strong> If the number of your Life cards is equal to or less than the number of your opponent's Life cards, rest up to 1 of your opponent's Characters with a cost of 4 or less.

<br>
<br><span style=""color: red;"">Disclaimer: This card was reprinted from the original set with changes to the copyright information (Note: the original print did not include ""EN"" at the end of the copyright).</span>",Yellow,Character,3,3000,Drake Pirates;Navy;Supernovas,2000,Slash
656148,Sabo - ST13-007 (Pirate Foil),Sabo ST13 007 Pirate Foil,https://tcgplayer-cdn.tcgplayer.com/product/656148_200w.jpg,68,24305,https://cpt.tcgcsv.com/-sg7,2025-10-03T04:10:12.437,1,0.05,0.25,5.99,0.24,,Foil,C,ST13-007,"[Activate: Main] <strong>You may trash this Character</strong>: Reveal 1 card from the top of your Life cards. If that card is a [Sabo] with a cost of 5, you may play that card. If you do, up to 1 of your Leader gains +2000 power until the end of your opponent's next turn.",Yellow,Character,2,2000,Goa Kingdom,1000,Strike
656149,GERMA 66 (Reprint),GERMA 66 Reprint,https://tcgplayer-cdn.tcgplayer.com/product/656149_200w.jpg,68,24305,https://cpt.tcgcsv.com/_sg7,2025-10-03T04:10:12.437,1,0.01,0.1,3.0,0.07,,Normal,UC,OP06-078,"[Main] Look at 5 cards from the top of your deck; reveal up to 1 card with a type including ""GERMA"" other than [GERMA 66] and add it to your hand. Then, place the rest at the bottom of your deck in any order.
<br>
[Trigger] Draw 1 card.
<br>
<br><span style=""color: red;"">Disclaimer: This card was reprinted from the original set with changes to the copyright information (Note: the original print did not include ""EN"" at the end of the copyright).</span>",Purple,Event,1,,The Vinsmoke Family;GERMA 66,,
656150,GERMA 66 (Pirate Foil),GERMA 66 Pirate Foil,https://tcgplayer-cdn.tcgplayer.com/product/656150_200w.jpg,68,24305,https://cpt.tcgcsv.com/0tg7,2025-10-03T04:10:12.437,1,0.05,0.29,5.99,0.24,,Foil,UC,OP06-078,"[Main] Look at 5 cards from the top of your deck; reveal up to 1 card with a type including ""GERMA"" other than [GERMA 66] and add it to your hand. Then, place the rest at the bottom of your deck in any order.
<br>
[Trigger] Draw 1 card.",Purple,Event,1,,The Vinsmoke Family;GERMA 66,,
656151,X.Drake (Alternate Art),XDrake Alternate Art,https://tcgplayer-cdn.tcgplayer.com/product/656151_200w.jpg,68,24305,https://cpt.tcgcsv.com/2tg7,2025-10-03T04:10:12.437,1,39.75,42.55,59.99,42.26,,Foil,UC,OP10-114,"[Activate: Main] <strong>You may rest this Character:</strong> If the number of your Life cards is equal to or less than the number of your opponent's Life cards, rest up to 1 of your opponent's Characters with a cost of 4 or less.",Yellow,Character,3,3000,Drake Pirates;Navy;Supernovas,2000,Slash
656153,Edward.Newgate - ST13-004 (Reprint),EdwardNewgate ST13 004 Reprint,https://tcgplayer-cdn.tcgplayer.com/product/656153_200w.jpg,68,24305,https://cpt.tcgcsv.com/5tg7,2025-10-03T04:10:12.437,1,0.01,0.1,3.0,0.06,,Normal,C,ST13-004,"[On Play] Add 1 card from the top of your deck to the top of your Life cards. Then, look at all your Life cards; place 1 card at the top of your deck and place the rest back in your Life area in any order.
<br>
<br><span style=""color: red;"">Disclaimer: This card was reprinted from the original set with a different border (Note: the original print had a full art border).</span>",Yellow,Character,6,7000,The Four Emperors;Whitebeard Pirates,1000,Special
656154,Kouzuki Momonosuke (Reprint),Kouzuki Momonosuke Reprint,https://tcgplayer-cdn.tcgplayer.com/product/656154_200w.jpg,68,24305,https://cpt.tcgcsv.com/6tg7,2025-10-03T04:10:12.437,1,0.05,0.4,20.26,0.36,,Foil,SR,OP06-107,"[Blocker] <em>(After your opponent declares an attack, you may rest this card to make it the new target of the attack.)</em>
<br>[On Play] Add up to 1 of your ""Land of Wano"" type Characters other than [Kouzuki Momonosuke] to the top or bottom of the owner's Life cards face-up.
<br>
<br><span style=""color: red;"">Disclaimer: This card was reprinted from the original set with changes to the copyright information (Note: the original print did not include ""EN"" at the end of the copyright).</span>",Yellow,Character,5,6000,Land of Wano;Kouzuki Clan,,Wisdom
656155,Trafalgar Law - OP10-119 (Reprint),Trafalgar Law OP10 119 Reprint,https://tcgplayer-cdn.tcgplayer.com/product/656155_200w.jpg,68,24305,https://cpt.tcgcsv.com/7tg7,2025-10-03T04:10:12.437,1,3.31,5.49,40.0,4.73,,Foil,SEC,OP10-119,"[On Play] Reveal up to 1 ""Supernovas"" type Character card from your hand and add it to the top of your Life cards face-down. Then, give up to 1 rested DON!! card to 1 of your ""Supernovas"" type Leader.

<br>
<br><span style=""color: red;"">Disclaimer: This card was reprinted from the original set with changes to the copyright information (Note: the original print did not include ""EN"" at the end of the copyright).</span>",Yellow,Character,7,9000,Heart Pirates;Supernovas;Dressrosa,,Slash
656156,Edward.Newgate - ST13-004 (Pirate Foil),EdwardNewgate ST13 004 Pirate Foil,https://tcgplayer-cdn.tcgplayer.com/product/656156_200w.jpg,68,24305,https://cpt.tcgcsv.com/8tg7,2025-10-03T04:10:12.437,1,0.01,0.21,4.99,0.2,,Foil,C,ST13-004,"[On Play] Add 1 card from the top of your deck to the top of your Life cards. Then, look at all your Life cards; place 1 card at the top of your deck and place the rest back in your Life area in any order.",Yellow,Character,6,7000,The Four Emperors;Whitebeard Pirates,1000,Special
656157,You're the One Who Should Disappear (Reprint),Youre the One Who Should Disappear Reprint,https://tcgplayer-cdn.tcgplayer.com/product/656157_200w.jpg,68,24305,https://cpt.tcgcsv.com/9tg7,2025-10-03T04:10:12.437,1,0.54,1.5,15.49,1.09,,Foil,R,OP06-115,"[Counter] <strong>You may trash 1 card from your hand:</strong> Up to 1 of your Leader or Character cards gains +3000 power during this battle.
<br>[Trigger] If you have 0 Life cards, you may add up to 1 card from the top of your deck to the top of your Life cards. Then, trash 1 card from your hand.
<br>
<br><span style=""color: red;"">Disclaimer: This card was reprinted from the original set with changes to the copyright information (Note: the original print did not include ""EN"" at the end of the copyright).</span>",Yellow,Event,0,,Sky Island,,
656158,You're the One Who Should Disappear (Alternate Art),Youre the One Who Should Disappear Alternate Art,https://tcgplayer-cdn.tcgplayer.com/product/656158_200w.jpg,68,24305,https://cpt.tcgcsv.com/btg7,2025-10-03T04:10:12.437,1,21.7,26.66,100.0,21.93,,Foil,R,OP06-115,"[Counter] <strong>You may trash 1 card from your hand:</strong> Up to 1 of your Leader or Character cards gains +3000 power during this battle.
<br>[Trigger] If you have 0 Life cards, you may add up to 1 card from the top of your deck to the top of your Life cards. Then, trash 1 card from your hand.",Yellow,Event,0,,Sky Island,,
656159,Plastic Surgery Shot - ST12-017 (Reprint),Plastic Surgery Shot ST12 017 Reprint,https://tcgplayer-cdn.tcgplayer.com/product/656159_200w.jpg,68,24305,https://cpt.tcgcsv.com/ctg7,2025-10-03T04:10:12.437,1,0.01,0.1,3.0,0.06,,Normal,C,ST12-017,"[Counter] Up to 1 of your Leader or Character cards gains +2000 power during this battle. Then, reveal 1 card from the top of your deck, play up to 1 Character card with a cost of 2, and place the rest at the top or bottom of your deck.
<br>
<br><span style=""color: red;"">Disclaimer: This card was reprinted from the original set with changes to the copyright information (Note: the original print did not include ""EN"" at the end of the copyright).</span>",Blue,Event,1,,Straw Hat Crew,,
656160,Plastic Surgery Shot - ST12-017 (Pirate Foil),Plastic Surgery Shot ST12 017 Pirate Foil,https://tcgplayer-cdn.tcgplayer.com/product/656160_200w.jpg,68,24305,https://cpt.tcgcsv.com/dtg7,2025-10-03T04:10:12.437,1,0.01,0.2,5.08,0.14,,Foil,C,ST12-017,"[Counter] Up to 1 of your Leader or Character cards gains +2000 power during this battle. Then, reveal 1 card from the top of your deck, play up to 1 Character card with a cost of 2, and place the rest at the top or bottom of your deck.",Blue,Event,1,,Straw Hat Crew,,
656161,Perona (Reprint),Perona Reprint,https://tcgplayer-cdn.tcgplayer.com/product/656161_200w.jpg,68,24305,https://cpt.tcgcsv.com/ftg7,2025-10-03T04:10:12.437,1,0.01,0.16,7.02,0.15,,Normal,C,ST12-005,"<br><span style=""color: red;"">Disclaimer: This card was reprinted from the original set with changes to the copyright information (Note: the original print did not include ""EN"" at the end of the copyright).</span>",Green,Character,4,6000,Thriller Bark Pirates;Muggy Kingdom,1000,Special
656162,Perona (Pirate Foil),Perona Pirate Foil,https://tcgplayer-cdn.tcgplayer.com/product/656162_200w.jpg,68,24305,https://cpt.tcgcsv.com/gtg7,2025-10-03T04:10:12.437,1,0.01,0.46,6.99,0.44,,Foil,C,ST12-005,,Green,Character,4,6000,Thriller Bark Pirates;Muggy Kingdom,1000,Special
656163,Sabo - P-044 (Pirate Foil),Sabo P 044 Pirate Foil,https://tcgplayer-cdn.tcgplayer.com/product/656163_200w.jpg,68,24305,https://cpt.tcgcsv.com/htg7,2025-10-03T04:10:12.437,1,0.01,0.25,6.99,0.25,,Foil,PR,P-044,"[DON!! x1] If you have 4 or less cards in your hand, this Character gains +2000 power.",Red,Character,3,4000,Revolutionary Army,1000,Special
656164,Roronoa Zoro - OP06-118 (Reprint),Roronoa Zoro OP06 118 Reprint,https://tcgplayer-cdn.tcgplayer.com/product/656164_200w.jpg,68,24305,https://cpt.tcgcsv.com/jtg7,2025-11-10T19:39:57.563,1,3.69,5.0,40.0,4.46,,Normal,SEC,OP06-118,"<span style=""color: red;"">Disclaimer: This card was reprinted from the original set with changes to the copyright information (Note: the original print did not include ""EN"" at the end of the copyright). 
<br>The non-foil version of this reprinted card was originally reprinted from the Learn Together Deck Set.</span>

[When Attacking][Once Per Turn](1)<em>(You may rest the specified number of DON!! cards in your cost area.)</em>: Set this Character as active.
<br>
[Activate:Main][Once Per Turn](2)<em>(You may rest the specified number of DON!! cards in your cost area.)</em>: Set this Character as active.",Green,Character,9,9000,Straw Hat Crew,,Slash
656164,Roronoa Zoro - OP06-118 (Reprint),Roronoa Zoro OP06 118 Reprint,https://tcgplayer-cdn.tcgplayer.com/product/656164_200w.jpg,68,24305,https://cpt.tcgcsv.com/jtg7,2025-11-10T19:39:57.563,1,4.69,5.99,25.0,5.32,,Foil,SEC,OP06-118,"<span style=""color: red;"">Disclaimer: This card was reprinted from the original set with changes to the copyright information (Note: the original print did not include ""EN"" at the end of the copyright). 
<br>The non-foil version of this reprinted card was originally reprinted from the Learn Together Deck Set.</span>

[When Attacking][Once Per Turn](1)<em>(You may rest the specified number of DON!! cards in your cost area.)</em>: Set this Character as active.
<br>
[Activate:Main][Once Per Turn](2)<em>(You may rest the specified number of DON!! cards in your cost area.)</em>: Set this Character as active.",Green,Character,9,9000,Straw Hat Crew,,Slash
656165,Sanji - OP06-119 (Reprint),Sanji OP06 119 Reprint,https://tcgplayer-cdn.tcgplayer.com/product/656165_200w.jpg,68,24305,https://cpt.tcgcsv.com/ktg7,2025-10-03T04:10:12.437,1,2.91,4.73,1000.0,3.63,,Foil,SEC,OP06-119,"[On Play] Reveal 1 card from the top of your deck and play up to 1 Character with a cost of 9 or less other than [Sanji]. Then, place the rest at the bottom of your deck.
<br>
<br><span style=""color: red;"">Disclaimer: This card was reprinted from the original set with changes to the copyright information (Note: the original print did not include ""EN"" at the end of the copyright).</span>",Blue,Character,9,9000,Straw Hat Crew,,Strike
656166,Sabo - P-044 (Reprint),Sabo P 044 Reprint,https://tcgplayer-cdn.tcgplayer.com/product/656166_200w.jpg,68,24305,https://cpt.tcgcsv.com/ltg7,2025-10-03T04:10:12.437,1,0.05,0.23,2.88,0.22,,Normal,PR,P-044,"[DON!! x1] If you have 4 or less cards in your hand, this Character gains +2000 power.

<br>
<br><span style=""color: red;"">Disclaimer: This card was reprinted from the original set with a different border (Note: the original print had a full art border).</span>",Red,Character,3,4000,Revolutionary Army,1000,Special
656167,Shachi & Penguin (Reprint),Shachi and Penguin Reprint,https://tcgplayer-cdn.tcgplayer.com/product/656167_200w.jpg,68,24305,https://cpt.tcgcsv.com/mtg7,2025-10-03T04:10:12.437,1,0.01,0.13,10.0,0.06,,Normal,C,ST10-008,"[On Play] If you have 3 or less DON!! cards on your field, add up to 2 DON!! cards from your DON!! deck and rest them.
<br>
<br><span style=""color: red;"">Disclaimer: This card was reprinted from the original set with changes to the copyright information (Note: the original print did not include ""EN"" at the end of the copyright).</span>",Purple,Character,4,5000,Heart Pirates,2000,Ranged
656168,Moda (Reprint),Moda Reprint,https://tcgplayer-cdn.tcgplayer.com/product/656168_200w.jpg,68,24305,https://cpt.tcgcsv.com/ntg7,2025-10-03T04:10:12.437,1,0.01,0.12,3.0,0.07,,Normal,UC,OP07-014,"[Your Turn][On Play] Up to 1 of your [Portgas.D.Ace] cards gains +2000 power during this turn.
<br>
<br><span style=""color: red;"">Disclaimer: This card was reprinted from the original set with changes to the copyright information (Note: the original print did not include ""EN"" at the end of the copyright).</span>",Red,Character,1,0,Lulucia Kingdom,2000,Wisdom
656170,Moda (Pirate Foil),Moda Pirate Foil,https://tcgplayer-cdn.tcgplayer.com/product/656170_200w.jpg,68,24305,https://cpt.tcgcsv.com/qtg7,2025-10-03T04:10:12.437,1,0.03,0.25,5.0,0.24,,Foil,UC,OP07-014,[Your Turn][On Play] Up to 1 of your [Portgas.D.Ace] cards gains +2000 power during this turn.,Red,Character,1,0,Lulucia Kingdom,2000,Wisdom
656171,Shachi & Penguin (Pirate Foil),Shachi and Penguin Pirate Foil,https://tcgplayer-cdn.tcgplayer.com/product/656171_200w.jpg,68,24305,https://cpt.tcgcsv.com/rtg7,2025-10-03T04:10:12.437,1,0.05,0.22,4.0,0.18,,Foil,C,ST10-008,"[On Play] If you have 3 or less DON!! cards on your field, add up to 2 DON!! cards from your DON!! deck and rest them.",Purple,Character,4,5000,Heart Pirates,2000,Ranged
656172,Jinbe - P-063 (Pirate Foil),Jinbe P 063 Pirate Foil,https://tcgplayer-cdn.tcgplayer.com/product/656172_200w.jpg,68,24305,https://cpt.tcgcsv.com/stg7,2025-10-03T04:10:12.437,1,0.04,0.28,20.25,0.28,,Foil,PR,P-063,[On Play] Rest up to 1 of your opponent's Characters with a cost of 1 or less.,Green,Character,4,5000,Fish-Man,2000,Strike
656173,Monkey.D.Dragon (Reprint),MonkeyDDragon Reprint,https://tcgplayer-cdn.tcgplayer.com/product/656173_200w.jpg,68,24305,https://cpt.tcgcsv.com/ttg7,2025-10-03T04:10:12.437,1,0.19,0.5,10.0,0.4,,Foil,SR,OP07-015,"[Rush]<em>(This card can attack on the turn in which it is played.)</em>
<br>
[On Play] Give up to 2 rested DON!! cards to your Leader or 1 of your Characters.
<br>
<br><span style=""color: red;"">Disclaimer: This card was reprinted from the original set with changes to the copyright information (Note: the original print did not include ""EN"" at the end of the copyright).</span>",Red,Character,8,9000,Revolutionary Army,,Special
656174,Dragon Breath (Reprint),Dragon Breath Reprint,https://tcgplayer-cdn.tcgplayer.com/product/656174_200w.jpg,68,24305,https://cpt.tcgcsv.com/vtg7,2025-10-03T04:10:12.437,1,0.01,0.11,3.0,0.08,,Normal,UC,OP07-017,"[Main] K.O. up to 1 of your opponent's Characters with 3000 power or less and up to 1 of your opponent's Stages with a cost of 1 or less.
<br>
[Trigger] Activate this card's [Main] effect.
<br>
<br><span style=""color: red;"">Disclaimer: This card was reprinted from the original set with changes to the copyright information (Note: the original print did not include ""EN"" at the end of the copyright).</span>",Red,Event,2,,Revolutionary Army,,
656175,Dragon Breath (Pirate Foil),Dragon Breath Pirate Foil,https://tcgplayer-cdn.tcgplayer.com/product/656175_200w.jpg,68,24305,https://cpt.tcgcsv.com/wtg7,2025-10-03T04:10:12.437,1,0.04,0.25,4.99,0.23,,Foil,UC,OP07-017,"[Main] K.O. up to 1 of your opponent's Characters with 3000 power or less and up to 1 of your opponent's Stages with a cost of 1 or less.
<br>
[Trigger] Activate this card's [Main] effect.",Red,Event,2,,Revolutionary Army,,
656177,Jinbe - P-063 (Reprint),Jinbe P 063 Reprint,https://tcgplayer-cdn.tcgplayer.com/product/656177_200w.jpg,68,24305,https://cpt.tcgcsv.com/ztg7,2025-10-03T04:10:12.437,1,0.1,0.25,5.0,0.2,,Normal,PR,P-063,"[On Play] Rest up to 1 of your opponent's Characters with a cost of 1 or less.

<br>
<br><span style=""color: red;"">Disclaimer: This card was reprinted from the original set with a different border (Note: the original print had a full art border).</span>",Green,Character,4,5000,Fish-Man,2000,Strike
656178,Jinbe - ST10-005 (Reprint),Jinbe ST10 005 Reprint,https://tcgplayer-cdn.tcgplayer.com/product/656178_200w.jpg,68,24305,https://cpt.tcgcsv.com/Btg7,2025-10-03T04:10:12.437,1,0.01,0.1,3.0,0.07,,Normal,C,ST10-005,"[DON!! x1] [When Attacking] Give up to 1 of your opponent's Characters -2000 power during this turn. 
<br>
<br><span style=""color: red;"">Disclaimer: This card was reprinted from the original set with changes to the copyright information (Note: the original print did not include ""EN"" at the end of the copyright).</span>",Red,Character,2,2000,Fish-Man;Straw Hat Crew,2000,Strike
656179,Urouge (Reprint),Urouge Reprint,https://tcgplayer-cdn.tcgplayer.com/product/656179_200w.jpg,68,24305,https://cpt.tcgcsv.com/Ctg7,2025-10-15T14:08:28.9,1,0.01,0.19,5.0,0.1,,Foil,R,OP07-021,"[Blocker] <em>(After your opponent declares an attack, you may rest this card to make it the new target of the attack.)</em>
<br>[End of Your Turn] Set up to 1 of your DON!! cards as active.
<br>
<br><span style=""color: red;"">Disclaimer: This card was reprinted from the original set with changes to the copyright information (Note: the original print did not include ""EN"" at the end of the copyright).</span>",Green,Character,4,5000,Fallen Monk Pirates;Supernovas,1000,Strike
656180,Jinbe - ST10-005 (Pirate Foil),Jinbe ST10 005 Pirate Foil,https://tcgplayer-cdn.tcgplayer.com/product/656180_200w.jpg,68,24305,https://cpt.tcgcsv.com/Dtg7,2025-10-03T04:10:12.437,1,0.01,0.22,4.99,0.19,,Foil,C,ST10-005,[DON!! x1] [When Attacking] Give up to 1 of your opponent's Characters -2000 power during this turn.,Red,Character,2,2000,Fish-Man;Straw Hat Crew,2000,Strike
656181,Sanji - P-068 (Pirate Foil),Sanji P 068 Pirate Foil,https://tcgplayer-cdn.tcgplayer.com/product/656181_200w.jpg,68,24305,https://cpt.tcgcsv.com/Ftg7,2025-10-03T04:10:12.437,1,0.06,0.29,34.0,0.28,,Foil,PR,P-068,[Activate:Main] <strong>You may trash this Character</strong>: Look at 5 cards from the top of your deck and place them at the top or bottom of the deck in any order.,Blue,Character,3,4000,The Vinsmoke Family;Kingdom of GERMA,2000,Strike
656182,Jewelry Bonney - OP07-026 (Reprint),Jewelry Bonney OP07 026 Reprint,https://tcgplayer-cdn.tcgplayer.com/product/656182_200w.jpg,68,24305,https://cpt.tcgcsv.com/Gtg7,2025-10-03T04:10:12.437,1,0.25,0.99,10.0,0.84,,Foil,SR,OP07-026,"[On Play] Up to 1 of your opponent's rested Character or DON!! cards will not become active in your opponent's next Refresh Phase.
<br>
<br><span style=""color: red;"">Disclaimer: This card was reprinted from the original set with changes to the copyright information (Note: the original print did not include ""EN"" at the end of the copyright).</span>",Green,Character,5,6000,Bonney Pirates;Supernovas,1000,Special
656184,Hina (Reprint),Hina Reprint,https://tcgplayer-cdn.tcgplayer.com/product/656184_200w.jpg,68,24305,https://cpt.tcgcsv.com/Jtg7,2025-10-03T04:10:12.437,1,0.01,0.2,3.0,0.18,,Normal,C,ST06-008,"[On Play] Give up to 1 of your opponent's Characters -4 cost during this turn.
<br>
<br><span style=""color: red;"">Disclaimer: This card was reprinted from the original set with changes to the copyright information (Note: the original print did not include ""EN"" at the end of the copyright).</span>",Black,Character,3,5000,Navy,,Special
656186,Hina (Pirate Foil),Hina Pirate Foil,https://tcgplayer-cdn.tcgplayer.com/product/656186_200w.jpg,68,24305,https://cpt.tcgcsv.com/Ltg7,2025-10-03T04:10:12.437,1,0.03,0.28,4.99,0.24,,Foil,C,ST06-008,,Black,Character,3,5000,Navy,,Special
656187,Basil Hawkins - OP07-029 (Reprint),Basil Hawkins OP07 029 Reprint,https://tcgplayer-cdn.tcgplayer.com/product/656187_200w.jpg,68,24305,https://cpt.tcgcsv.com/Mtg7,2025-10-03T04:10:12.437,1,0.01,0.3,25.0,0.24,,Foil,SR,OP07-029,"If your Leader has the [Supernovas] type, this Character gains [Blocker]. <em>(After your opponent declares an attack, you may rest this card to make it the new target of the attack.)</em>
<br>
[Once Per Turn] If this Character would be removed from the field by your opponent's effect, you may rest 1 of your opponent's Characters instead.
<br>
<br><span style=""color: red;"">Disclaimer: This card was reprinted from the original set with changes to the copyright information (Note: the original print did not include ""EN"" at the end of the copyright).</span>",Green,Character,6,7000,Hawkins Pirates;Supernovas,,Slash
656188,Sanji - P-068 (Reprint),Sanji P 068 Reprint,https://tcgplayer-cdn.tcgplayer.com/product/656188_200w.jpg,68,24305,https://cpt.tcgcsv.com/Ntg7,2025-10-03T04:10:12.437,1,0.08,0.25,4.0,0.23,,Normal,PR,P-068,"[Activate:Main] <strong>You may trash this Character</strong>: Look at 5 cards from the top of your deck and place them at the top or bottom of the deck in any order.

<br>
<br><span style=""color: red;"">Disclaimer: This card was reprinted from the original set with changes to the copyright information (Note: the original print did not include ""EN"" at the end of the copyright).</span>",Blue,Character,3,4000,The Vinsmoke Family;Kingdom of GERMA,2000,Strike
656189,Koala (Pirate Foil),Koala Pirate Foil,https://tcgplayer-cdn.tcgplayer.com/product/656189_200w.jpg,68,24305,https://cpt.tcgcsv.com/Ptg7,2025-10-03T04:10:12.437,1,0.2,0.4,5.99,0.34,,Foil,PR,P-069,[Activate:Main] [Once Per Turn] Give up to 1 rested DON!! card to your Leader or 1 of your Characters.,Red,Character,1,1000,Revolutionary Army,1000,Strike
656190,Jewelry Bonney - ST02-007 (Reprint),Jewelry Bonney ST02 007 Reprint,https://tcgplayer-cdn.tcgplayer.com/product/656190_200w.jpg,68,24305,https://cpt.tcgcsv.com/Qtg7,2025-10-03T04:10:12.437,1,0.18,0.51,20.49,0.51,,Normal,C,ST02-007,"[Activate: Main] (1) <em>(You may rest the specified number of DON!! cards in your cost area.)</em> You may rest this Character Look at 5 cards from the top of your deck; reveal up to 1 ""Supernovas"" type card and add it to your hand. Then, place the rest at the bottom of your deck in any order.
<br>
<br><span style=""color: red;"">Disclaimer: This card was reprinted from the original set with changes to the copyright information (Note: the original print did not include ""EN"" at the end of the copyright).</span>",Green,Character,1,1000,Bonney Pirates;Supernovas,1000,Special
656191,Bartolomeo (Reprint),Bartolomeo Reprint,https://tcgplayer-cdn.tcgplayer.com/product/656191_200w.jpg,68,24305,https://cpt.tcgcsv.com/Rtg7,2025-10-03T04:10:12.437,1,0.01,0.13,3.0,0.04,,Normal,UC,OP07-031,"[Blocker] <em>(After your opponent declares an attack, you may rest this card to make it the new target of the attack.)</em>
<br>[Your Turn] [Once Per Turn] If a Character is rested by your effect, draw 1 card and trash 1 card from your hand.
<br>
<br><span style=""color: red;"">Disclaimer: This card was reprinted from the original set with changes to the copyright information (Note: the original print did not include ""EN"" at the end of the copyright).</span>",Green,Character,3,4000,Supernovas;Barto Club,1000,Special
656192,Koala (Reprint),Koala Reprint,https://tcgplayer-cdn.tcgplayer.com/product/656192_200w.jpg,68,24305,https://cpt.tcgcsv.com/Stg7,2025-10-03T04:10:12.437,1,0.05,0.35,5.0,0.33,,Normal,PR,P-069,"[Activate:Main] [Once Per Turn] Give up to 1 rested DON!! card to your Leader or 1 of your Characters.

<br>
<br><span style=""color: red;"">Disclaimer: This card was reprinted from the original set with a different border (Note: the original print had a full art border).</span>",Red,Character,1,1000,Revolutionary Army,1000,Strike
656193,Jewelry Bonney - ST02-007 (Pirate Foil),Jewelry Bonney ST02 007 Pirate Foil,https://tcgplayer-cdn.tcgplayer.com/product/656193_200w.jpg,68,24305,https://cpt.tcgcsv.com/Ttg7,2025-10-03T04:10:12.437,1,0.15,0.76,4.0,0.76,,Foil,C,ST02-007,"[Activate: Main] (1) <em>(You may rest the specified number of DON!! cards in your cost area.)</em> You may rest this Character Look at 5 cards from the top of your deck; reveal up to 1 ""Supernovas"" type card and add it to your hand. Then, place the rest at the bottom of your deck in any order.",Green,Character,1,1000,Bonney Pirates;Supernovas,1000,Special
656194,Bartolomeo (Pirate Foil),Bartolomeo Pirate Foil,https://tcgplayer-cdn.tcgplayer.com/product/656194_200w.jpg,68,24305,https://cpt.tcgcsv.com/Vtg7,2025-10-03T04:10:12.437,1,0.04,0.25,5.0,0.2,,Foil,UC,OP07-031,"[Blocker] <em>(After your opponent declares an attack, you may rest this card to make it the new target of the attack.)</em>
<br>[Your Turn] [Once Per Turn] If a Character is rested by your effect, draw 1 card and trash 1 card from your hand.",Green,Character,3,4000,Supernovas;Barto Club,1000,Special
656196,Carrot - P-070 (Pirate Foil),Carrot P 070 Pirate Foil,https://tcgplayer-cdn.tcgplayer.com/product/656196_200w.jpg,68,24305,https://cpt.tcgcsv.com/Xtg7,2025-10-03T04:10:12.437,1,0.35,0.56,4.99,0.51,,Foil,PR,P-070,"[Blocker] <em>(After your opponent declares an attack, you may rest this card to make it the new target of the attack.)</em>",Green,Character,2,2000,Minks,1000,Special
656197,Crocodile - OP07-040 (Reprint),Crocodile OP07 040 Reprint,https://tcgplayer-cdn.tcgplayer.com/product/656197_200w.jpg,68,24305,https://cpt.tcgcsv.com/Ztg7,2025-10-03T04:10:12.437,1,0.01,0.15,3.0,0.14,,Normal,UC,OP07-040,"[On Play] (1) <em>(You may rest the specified number of DON!! cards in your cost area.)</em>: Return up to 1 Character with a cost of 2 or less to the owner's hand.
<br>
<br><span style=""color: red;"">Disclaimer: This card was reprinted from the original set with changes to the copyright information (Note: the original print did not include ""EN"" at the end of the copyright).</span>",Blue,Character,4,5000,Baroque Works;The Seven Warlords of the Sea,2000,Special
656198,Crocodile - OP07-040 (Pirate Foil),Crocodile OP07 040 Pirate Foil,https://tcgplayer-cdn.tcgplayer.com/product/656198_200w.jpg,68,24305,https://cpt.tcgcsv.com/-tg7,2025-10-03T04:10:12.437,1,0.02,0.27,6.0,0.27,,Foil,UC,OP07-040,[On Play] (1) <em>(You may rest the specified number of DON!! cards in your cost area.)</em>: Return up to 1 Character with a cost of 2 or less to the owner's hand.,Blue,Character,4,5000,Baroque Works;The Seven Warlords of the Sea,2000,Special
656199,Carrot - P-070 (Reprint),Carrot P 070 Reprint,https://tcgplayer-cdn.tcgplayer.com/product/656199_200w.jpg,68,24305,https://cpt.tcgcsv.com/_tg7,2025-10-03T04:10:12.437,1,0.24,0.43,3.07,0.39,,Normal,PR,P-070,"[Blocker] <em>(After your opponent declares an attack, you may rest this card to make it the new target of the attack.)</em>

<br>
<br><span style=""color: red;"">Disclaimer: This card was reprinted from the original set with a different border (Note: the original print had a full art border).</span>",Green,Character,2,2000,Minks,1000,Special
656200,Crocodile - OP07-040 (Alternate Art),Crocodile OP07 040 Alternate Art,https://tcgplayer-cdn.tcgplayer.com/product/656200_200w.jpg,68,24305,https://cpt.tcgcsv.com/0vg7,2025-10-03T04:10:12.437,1,2.99,4.69,24.99,4.0,,Foil,UC,OP07-040,[On Play] (1) <em>(You may rest the specified number of DON!! cards in your cost area.)</em>: Return up to 1 Character with a cost of 2 or less to the owner's hand.,Blue,Character,4,5000,Baroque Works;The Seven Warlords of the Sea,2000,Special
656201,Brook - ST01-011 (Reprint),Brook ST01 011 Reprint,https://tcgplayer-cdn.tcgplayer.com/product/656201_200w.jpg,68,24305,https://cpt.tcgcsv.com/2vg7,2025-10-03T04:10:12.437,1,0.01,0.17,3.0,0.11,,Normal,C,ST01-011,"[On Play] Give up to 2 rested DON!! cards to your Leader or 1 of your Characters.<br>
<br><span style=""color: red;"">Disclaimer: This card was reprinted from the original set with changes to the copyright information (Note: the original print did not include ""EN"" at the end of the copyright).</span>",Red,Character,2,3000,Straw Hat Crew,2000,Slash
656202,Slave Arrow (Reprint),Slave Arrow Reprint,https://tcgplayer-cdn.tcgplayer.com/product/656202_200w.jpg,68,24305,https://cpt.tcgcsv.com/3vg7,2025-10-03T04:10:12.437,1,0.01,0.21,3.0,0.19,,Normal,UC,OP07-056,"[Counter] <strong>You may return 1 of your Characters with a cost of 2 or more to the owner's hand</strong>: Up to 1 of your Leader or Character cards gains +4000 power during this battle.
<br>[Trigger] Draw 2 cards and place 2 cards from your hand at the bottom of your deck in any order.
<br>
<br><span style=""color: red;"">Disclaimer: This card was reprinted from the original set with changes to the copyright information (Note: the original print did not include ""EN"" at the end of the copyright).</span>",Blue,Event,1,,Kuja Pirates;The Seven Warlords of the Sea,,
656203,Slave Arrow (Pirate Foil),Slave Arrow Pirate Foil,https://tcgplayer-cdn.tcgplayer.com/product/656203_200w.jpg,68,24305,https://cpt.tcgcsv.com/5vg7,2025-10-03T04:10:12.437,1,0.25,1.08,20.9,1.09,,Foil,UC,OP07-056,"[Counter] <strong>You may return 1 of your Characters with a cost of 2 or more to the owner's hand</strong>: Up to 1 of your Leader or Character cards gains +4000 power during this battle.
<br>[Trigger] Draw 2 cards and place 2 cards from your hand at the bottom of your deck in any order.",Blue,Event,1,,Kuja Pirates;The Seven Warlords of the Sea,,
656204,Sanji (Reprint),Sanji Reprint,https://tcgplayer-cdn.tcgplayer.com/product/656204_200w.jpg,68,24305,https://cpt.tcgcsv.com/6vg7,2025-10-03T04:10:12.437,1,0.9,1.96,10.0,1.27,,Foil,SR,OP07-064,"If the number of DON!! cards on your field is at least 2 less than the number on your opponent's field, give this card in your hand -3 cost.
<br>
[Blocker] <em>(After your opponent declares an attack, you may rest this card to make it the new target of the attack.)</em>
<br>
<br><span style=""color: red;"">Disclaimer: This card was reprinted from the original set with changes to the copyright information (Note: the original print did not include ""EN"" at the end of the copyright).</span>",Purple,Character,6,6000,Straw Hat Crew,2000,Strike
656205,Brook - ST01-011 (Pirate Foil),Brook ST01 011 Pirate Foil,https://tcgplayer-cdn.tcgplayer.com/product/656205_200w.jpg,68,24305,https://cpt.tcgcsv.com/7vg7,2025-10-03T04:10:12.437,1,0.04,0.27,4.99,0.21,,Foil,C,ST01-011,[On Play] Give up to 2 rested DON!! cards to your Leader or 1 of your Characters.,Red,Character,2,3000,Straw Hat Crew,2000,Slash
656209,Sabo - P-073 (Reprint),Sabo P 073 Reprint,https://tcgplayer-cdn.tcgplayer.com/product/656209_200w.jpg,68,24305,https://cpt.tcgcsv.com/cvg7,2025-10-03T04:10:12.437,1,0.15,0.43,5.0,0.39,,Normal,PR,P-073,"[Activate:Main][Once Per Turn] <strong>You may add 1 card from the top or bottom of your Life cards to your hand</strong>: This character gains +1000 power during this turn.

<br>
<br><span style=""color: red;"">Disclaimer: This card was reprinted from the original set with a different border (Note: the original print had a full art border).</span>",Yellow,Character,5,5000,Revolutionary Army;Dressrosa,2000,Special
656211,Slow-Slow Beam Sword (Reprint),Slow Slow Beam Sword Reprint,https://tcgplayer-cdn.tcgplayer.com/product/656211_200w.jpg,68,24305,https://cpt.tcgcsv.com/fvg7,2025-10-03T04:10:12.437,1,0.05,0.31,20.24,0.3,,Normal,C,OP07-076,"[Counter] <strong>DON!! -1</strong> <em>(You may return the specified number of DON!! cards from your field to your DON!! deck.)</em>: Up to 1 of your Leader or Character cards gains +2000 power during this battle. Then, rest up to 1 of your opponent's Characters.
<br>[Trigger] Add up to 1 DON!! card from your DON!! deck and set it as active.
<br>
<br><span style=""color: red;"">Disclaimer: This card was reprinted from the original set with changes to the copyright information (Note: the original print did not include ""EN"" at the end of the copyright).</span>",Purple,Event,2,,Foxy Pirates,,
656212,Portgas.D.Ace - P-074 (Reprint),PortgasDAce P 074 Reprint,https://tcgplayer-cdn.tcgplayer.com/product/656212_200w.jpg,68,24305,https://cpt.tcgcsv.com/gvg7,2025-10-03T04:10:12.437,1,0.18,0.38,5.0,0.36,,Normal,PR,P-074,"[Activate:Main] <strong>You may return this Character to the owner's hand</strong>: Look at 5 cards from the top of your deck and place them as the top or bottom of the deck in any order.

<br>
<br><span style=""color: red;"">Disclaimer: This card was reprinted from the original set with a different border (Note: the original print had a full art border).</span>",Blue,Character,3,4000,Whitebeard Pirates,1000,Special
656213,Slow-Slow Beam Sword (Pirate Foil),Slow Slow Beam Sword Pirate Foil,https://tcgplayer-cdn.tcgplayer.com/product/656213_200w.jpg,68,24305,https://cpt.tcgcsv.com/hvg7,2025-10-03T04:10:12.437,1,0.2,1.71,7.99,1.57,,Foil,C,OP07-076,"[Counter] <strong>DON!! -1</strong> <em>(You may return the specified number of DON!! cards from your field to your DON!! deck.)</em>: Up to 1 of your Leader or Character cards gains +2000 power during this battle. Then, rest up to 1 of your opponent's Characters.
<br>[Trigger] Add up to 1 DON!! card from your DON!! deck and set it as active.",Purple,Event,2,,Foxy Pirates,,
656214,Franky - OP07-107 (Reprint),Franky OP07 107 Reprint,https://tcgplayer-cdn.tcgplayer.com/product/656214_200w.jpg,68,24305,https://cpt.tcgcsv.com/jvg7,2025-10-03T04:10:12.437,1,0.1,0.26,5.0,0.23,,Foil,R,OP07-107,"[Trigger] Draw 1 card. Then, if you have 1 or less Life cards, play this card.
<br>
<br><span style=""color: red;"">Disclaimer: This card was reprinted from the original set with changes to the copyright information (Note: the original print did not include ""EN"" at the end of the copyright).</span>",Yellow,Character,4,5000,Straw Hat Crew;Egghead,2000,Strike
656216,Monkey.D.Luffy - P-075 (Reprint),MonkeyDLuffy P 075 Reprint,https://tcgplayer-cdn.tcgplayer.com/product/656216_200w.jpg,68,24305,https://cpt.tcgcsv.com/lvg7,2025-10-03T04:10:12.437,1,0.15,0.41,5.0,0.39,,Normal,PR,P-075,"[On Play] Give up to 1 rested DON!! card to your Leader or 1 of your Characters.
<br>[When Attacking] If you have a Character with a cost of 8 or more on your field, draw 1 card and trash 1 card from your hand.

<br>
<br><span style=""color: red;"">Disclaimer: This card was reprinted from the original set with a different border (Note: the original print had a full art border).</span>",Black,Character,7,7000,Straw Hat Crew;Supernovas,,Strike
656217,Monkey.D.Luffy - OP07-109 (Reprint),MonkeyDLuffy OP07 109 Reprint,https://tcgplayer-cdn.tcgplayer.com/product/656217_200w.jpg,68,24305,https://cpt.tcgcsv.com/mvg7,2025-10-03T04:10:12.437,1,0.25,1.1,9.99,1.02,,Foil,SR,OP07-109,"[Activate: Main]<strong>You may trash this Character</strong>: If you have 2 or less Life cards, K.O. up to 1 of your opponent's Characters with a cost of 4 or less. Then, draw 1 card.
<br>
[Trigger] K.O. up to 1 of your opponent's Characters with a cost of 4 or less.
<br>
<br><span style=""color: red;"">Disclaimer: This card was reprinted from the original set with changes to the copyright information (Note: the original print did not include ""EN"" at the end of the copyright).</span>",Yellow,Character,5,6000,Straw Hat Crew;The Four Emperors;Egghead,1000,Strike
656218,He Possesses the World's Most Brilliant Mind (Reprint),He Possesses the Worlds Most Brilliant Mind Reprint,https://tcgplayer-cdn.tcgplayer.com/product/656218_200w.jpg,68,24305,https://cpt.tcgcsv.com/nvg7,2025-10-03T04:10:12.437,1,0.01,0.15,3.0,0.07,,Normal,UC,OP07-114,"[Main] Look at 5 cards from the top of your deck; reveal up to 1 [Egghead] type card other than [He Possesses the World's Most Brilliant Mind] and add it to your hand. Then, place the rest at the bottom of your deck in any order.
<br>
[Trigger] Draw 1 card.
<br>
<br><span style=""color: red;"">Disclaimer: This card was reprinted from the original set with changes to the copyright information (Note: the original print did not include ""EN"" at the end of the copyright).</span>",Yellow,Event,1,,Scientist;Egghead,,
656219,He Possesses the World's Most Brilliant Mind (Pirate Foil),He Possesses the Worlds Most Brilliant Mind Pirate Foil,https://tcgplayer-cdn.tcgplayer.com/product/656219_200w.jpg,68,24305,https://cpt.tcgcsv.com/pvg7,2025-10-03T04:10:12.437,1,0.03,0.26,3.99,0.27,,Foil,UC,OP07-114,"[Main] Look at 5 cards from the top of your deck; reveal up to 1 [Egghead] type card other than [He Possesses the World's Most Brilliant Mind] and add it to your hand. Then, place the rest at the bottom of your deck in any order.
<br>
[Trigger] Draw 1 card.",Yellow,Event,1,,Scientist;Egghead,,
656220,Trafalgar Law -  P-088 (Reprint),Trafalgar Law P 088 Reprint,https://tcgplayer-cdn.tcgplayer.com/product/656220_200w.jpg,68,24305,https://cpt.tcgcsv.com/qvg7,2025-10-03T04:10:12.437,1,6.0,9.62,30.0,7.85,,Normal,PR,P-088,"[Trigger] If your Leader has the ""Supernovas"" type and you and your opponent have a total of 5 or less Life cards, play this card.
<br>
<br><span style=""color: red;"">Disclaimer: This card was reprinted from the original set with a different border (Note: the original print had a full art border).</span>",Yellow,Character,4,5000,Heart Pirates;Supernovas,2000,Slash
656222,Adio (Pirate Foil),Adio Pirate Foil,https://tcgplayer-cdn.tcgplayer.com/product/656222_200w.jpg,68,24305,https://cpt.tcgcsv.com/svg7,2025-10-03T04:10:12.437,1,0.18,0.45,5.99,0.37,,Foil,PR,P-078,"If you have 2 or more rested ""ODYSSEY"" type Characters, this Character gains +1000 power.",Green,Character,4,5000,ODYSSEY,2000,Ranged
656223,Adio,Adio,https://tcgplayer-cdn.tcgplayer.com/product/656223_200w.jpg,68,24305,https://cpt.tcgcsv.com/tvg7,2025-10-03T04:10:12.437,1,0.24,0.7,5.0,0.56,,Normal,PR,P-078,"If you have 2 or more rested ""ODYSSEY"" type Characters, this Character gains +1000 power.",Green,Character,4,5000,ODYSSEY,2000,Ranged
656224,Sabo - OP07-118 (Reprint),Sabo OP07 118 Reprint,https://tcgplayer-cdn.tcgplayer.com/product/656224_200w.jpg,68,24305,https://cpt.tcgcsv.com/vvg7,2025-10-03T04:10:12.437,1,0.5,1.35,420.69,0.96,,Foil,SEC,OP07-118,"[On Play] <strong>You may trash 1 card from your hand</strong>: K.O. up to 1 of your opponent's Characters with a cost of 5 or less and up to 1 of your opponent's Characters with a cost of 3 or less.
<br>
<br><span style=""color: red;"">Disclaimer: This card was reprinted from the original set with changes to the copyright information (Note: the original print did not include ""EN"" at the end of the copyright).</span>",Black,Character,8,9000,Revolutionary Army,,Special
656226,Trafalgar Law -  P-088 (Pirate Foil),Trafalgar Law P 088 Pirate Foil,https://tcgplayer-cdn.tcgplayer.com/product/656226_200w.jpg,68,24305,https://cpt.tcgcsv.com/xvg7,2025-10-03T04:10:12.437,1,5.31,11.89,44.99,6.44,,Foil,PR,P-088,"[Trigger] If your Leader has the ""Supernovas"" type and you and your opponent have a total of 5 or less Life cards, play this card.
<br>
<br><span style=""color: red;"">Disclaimer: This card was reprinted from the original set with a different border (Note: the original print had a full art border).</span>",Yellow,Character,4,5000,Heart Pirates;Supernovas,2000,Slash
656227,Portgas.D.Ace - OP07-119 (Reprint),PortgasDAce OP07 119 Reprint,https://tcgplayer-cdn.tcgplayer.com/product/656227_200w.jpg,68,24305,https://cpt.tcgcsv.com/zvg7,2025-10-03T04:10:12.437,1,1.5,2.32,40.0,1.87,,Foil,SEC,OP07-119,"[On Play] Add up to 1 card from the top of your deck to the top of your Life cards. Then, if you have 2 or less Life cards, this Character gains [Rush] during this turn.
<em>(This card can attack on the turn in which it is played.)</em>
<br>
<br><span style=""color: red;"">Disclaimer: This card was reprinted from the original set with changes to the copyright information (Note: the original print did not include ""EN"" at the end of the copyright).</span>",Yellow,Character,10,10000,Whitebeard Pirates,,Special
656228,Lim (Pirate Foil),Lim Pirate Foil,https://tcgplayer-cdn.tcgplayer.com/product/656228_200w.jpg,68,24305,https://cpt.tcgcsv.com/Bvg7,2025-10-03T04:10:12.437,1,0.1,0.28,38.88,0.26,,Foil,PR,P-079,"[Blocker] <em>(After your opponent declares an attack, you may rest this card to make it the new target of the attack.)</em>
<br>[End of Your Turn] If you have 2 or more rested ""ODYSSEY"" type Characters, set this Character as active.",Green,Character,2,0,ODYSSEY,1000,Wisdom
656229,Lim,Lim,https://tcgplayer-cdn.tcgplayer.com/product/656229_200w.jpg,68,24305,https://cpt.tcgcsv.com/Cvg7,2025-10-03T04:10:12.437,1,0.19,0.38,20.34,0.32,,Normal,PR,P-079,"[Blocker] <em>(After your opponent declares an attack, you may rest this card to make it the new target of the attack.)</em>
<br>[End of Your Turn] If you have 2 or more rested ""ODYSSEY"" type Characters, set this Character as active.",Green,Character,2,0,ODYSSEY,1000,Wisdom
656230,Jewelry Bonney - P-085 (Reprint),Jewelry Bonney P 085 Reprint,https://tcgplayer-cdn.tcgplayer.com/product/656230_200w.jpg,68,24305,https://cpt.tcgcsv.com/Dvg7,2025-10-03T04:10:12.437,1,0.15,0.26,2.95,0.25,,Normal,PR,P-085,"[On Play] If your Leader has the ""Supernovas"" type and the number of your Life cards is equal to or less than the number of your opponent's Life cards, add up to 1 of your opponent's Characters with a cost of 4 or less to the top or bottom of the owner's Life cards face-up.
<br>
<br><span style=""color: red;"">Disclaimer: This card was reprinted from the original set with a different border (Note: the original print had a full art border).</span>",Yellow,Character,5,6000,Bonney Pirates;Supernovas,1000,Special
656231,Jewelry Bonney - P-085 (Pirate Foil),Jewelry Bonney P 085 Pirate Foil,https://tcgplayer-cdn.tcgplayer.com/product/656231_200w.jpg,68,24305,https://cpt.tcgcsv.com/Fvg7,2025-10-03T04:10:12.437,1,0.1,0.44,6.99,0.4,,Foil,PR,P-085,"[On Play] If your Leader has the ""Supernovas"" type and the number of your Life cards is equal to or less than the number of your opponent's Life cards, add up to 1 of your opponent's Characters with a cost of 4 or less to the top or bottom of the owner's Life cards face-up.",Yellow,Character,5,6000,Bonney Pirates;Supernovas,1000,Special
656232,Carrot (Reprint),Carrot Reprint,https://tcgplayer-cdn.tcgplayer.com/product/656232_200w.jpg,68,24305,https://cpt.tcgcsv.com/Gvg7,2025-10-03T04:10:12.437,1,0.4,1.56,10.0,1.2,,Foil,SR,OP08-023,"[On Play]/[When Attacking] Up to 1 of your opponent's rested Characters with a cost of 7 or less will not become active in your opponent's next Refresh Phase.
<br>
<br><span style=""color: red;"">Disclaimer: This card was reprinted from the original set with changes to the copyright information (Note: the original print did not include ""EN"" at the end of the copyright).</span>",Green,Character,5,6000,Minks,1000,Special
656235,Charlotte Pudding - OP08-067 (Reprint),Charlotte Pudding OP08 067 Reprint,https://tcgplayer-cdn.tcgplayer.com/product/656235_200w.jpg,68,24305,https://cpt.tcgcsv.com/Kvg7,2025-10-03T04:10:12.437,1,0.02,0.26,5.0,0.25,,Foil,R,OP08-067,"[Your Turn] [Once Per Turn] When a DON!! card on your field is returned to your DON!! deck, add up to 1 DON!! card from your DON!! deck and rest it.
<br>
<br><span style=""color: red;"">Disclaimer: This card was reprinted from the original set with changes to the copyright information (Note: the original print did not include ""EN"" at the end of the copyright).</span>",Purple,Character,3,4000,Big Mom Pirates,1000,Wisdom
656237,Shanks - P-083 (Reprint),Shanks P 083 Reprint,https://tcgplayer-cdn.tcgplayer.com/product/656237_200w.jpg,68,24305,https://cpt.tcgcsv.com/Mvg7,2025-10-03T04:10:12.437,1,0.2,0.42,55.0,0.41,,Normal,PR,P-083,"[DON!!x1] [When Attacking] <strong>You may trash 1 Character card from your hand:</strong> Give up to 1 of your opponent's Characters -1000 power during this turn. Then, draw 1 card.<br>
<br><span style=""color: red;"">Disclaimer: This card was reprinted from the original set with a different border (Note: the original print had a full art border).</span>",Red,Character,6,7000,The Four Emperors;Red-Haired Pirates,1000,Slash
656238,Shanks - P-083 (Pirate Foil),Shanks P 083 Pirate Foil,https://tcgplayer-cdn.tcgplayer.com/product/656238_200w.jpg,68,24305,https://cpt.tcgcsv.com/Nvg7,2025-10-03T04:10:12.437,1,0.1,0.37,6.99,0.35,,Foil,PR,P-083,"[DON!!x1] [When Attacking] <strong>You may trash 1 Character card from your hand:</strong> Give up to 1 of your opponent's Characters -1000 power during this turn. Then, draw 1 card.",Red,Character,6,7000,The Four Emperors;Red-Haired Pirates,1000,Slash
656239,Black Maria (Reprint),Black Maria Reprint,https://tcgplayer-cdn.tcgplayer.com/product/656239_200w.jpg,68,24305,https://cpt.tcgcsv.com/Pvg7,2025-10-03T04:10:12.437,1,0.09,0.52,20.38,0.51,,Foil,SR,OP08-074,"[Activate:Main] [Once Per Turn] If you have no other [Black Maria] Characters, add up to 5 DON!! cards from your DON!! deck and rest them. Then, at the end of this turn, return DON!! cards from your field to your DON!! deck until you have the same number of DON!! cards on your field as your opponent.
<br>
<br><span style=""color: red;"">Disclaimer: This card was reprinted from the original set with changes to the copyright information (Note: the original print did not include ""EN"" at the end of the copyright).</span>",Purple,Character,3,2000,Animal Kingdom Pirates,2000,Special
656240,It's to Die For (Reprint),Its to Die For Reprint,https://tcgplayer-cdn.tcgplayer.com/product/656240_200w.jpg,68,24305,https://cpt.tcgcsv.com/Qvg7,2025-10-03T04:10:12.437,1,0.01,0.15,3.0,0.13,,Normal,UC,OP08-076,"[Main] Add up to 1 DON!! card from your DON!! deck and set it as active. Then, if your opponent has a Character with 6000 power or more, add up to 1 DON!! card from your DON!! deck and set it as active.
<br>
<br><span style=""color: red;"">Disclaimer: This card was reprinted from the original set with changes to the copyright information (Note: the original print did not include ""EN"" at the end of the copyright).</span>",Purple,Event,3,,The Four Emperors;Big Mom Pirates,,
656241,It's to Die For (Pirate Foil),Its to Die For Pirate Foil,https://tcgplayer-cdn.tcgplayer.com/product/656241_200w.jpg,68,24305,https://cpt.tcgcsv.com/Rvg7,2025-10-03T04:10:12.437,1,0.18,1.12,4.99,0.96,,Foil,UC,OP08-076,"[Main] Add up to 1 DON!! card from your DON!! deck and set it as active. Then, if your opponent has a Character with 6000 power or more, add up to 1 DON!! card from your DON!! deck and set it as active.",Purple,Event,3,,The Four Emperors;Big Mom Pirates,,
656242,Crocodile - P-082 (Reprint),Crocodile P 082 Reprint,https://tcgplayer-cdn.tcgplayer.com/product/656242_200w.jpg,68,24305,https://cpt.tcgcsv.com/Svg7,2025-10-03T04:10:12.437,1,0.17,0.31,2.99,0.29,,Normal,PR,P-082,"[Your Turn] [On Play] If your Leader has the {Cross Guild} type or a type including ""Baroque Works"", place up to 1 of your opponent's Characters with 2000 power or less at the bottom of the owner's deck.<br>
<br><span style=""color: red;"">Disclaimer: This card was reprinted from the original set with a different border (Note: the original print had a full art border).</span>",Blue,Character,5,7000,Former Baroque Works;Cross Guild,,Special
656243,Scratchmen Apoo - OP08-087 (Reprint),Scratchmen Apoo OP08 087 Reprint,https://tcgplayer-cdn.tcgplayer.com/product/656243_200w.jpg,68,24305,https://cpt.tcgcsv.com/Tvg7,2025-10-03T04:10:12.437,1,0.01,0.1,3.0,0.04,,Normal,UC,OP08-087,"[Blocker] (After your opponent declares an attack, you may rest this card to make it the new target of the attack.)<br>
[Activate:Main] [Once Per Turn] Give up to 1 of your opponent's Characters 1 cost during this turn.
<br>
<br><span style=""color: red;"">Disclaimer: This card was reprinted from the original set with changes to the copyright information (Note: the original print did not include ""EN"" at the end of the copyright).</span>",Black,Character,4,5000,Animal Kingdom Pirates;On-Air Pirates,1000,Ranged
656244,Crocodile - P-082 (Pirate Foil),Crocodile P 082 Pirate Foil,https://tcgplayer-cdn.tcgplayer.com/product/656244_200w.jpg,68,24305,https://cpt.tcgcsv.com/Vvg7,2025-10-03T04:10:12.437,1,0.1,0.35,5.0,0.33,,Foil,PR,P-082,"[Your Turn] [On Play] If your Leader has the {Cross Guild} type or a type including ""Baroque Works"", place up to 1 of your opponent's Characters with 2000 power or less at the bottom of the owner's deck.",Blue,Character,5,7000,Former Baroque Works;Cross Guild,,Special
656245,Scratchmen Apoo - OP08-087 (Pirate Foil),Scratchmen Apoo OP08 087 Pirate Foil,https://tcgplayer-cdn.tcgplayer.com/product/656245_200w.jpg,68,24305,https://cpt.tcgcsv.com/Wvg7,2025-10-03T04:10:12.437,1,0.01,0.19,4.99,0.11,,Foil,UC,OP08-087,"[Blocker] (After your opponent declares an attack, you may rest this card to make it the new target of the attack.)<br>
[Activate:Main] [Once Per Turn] Give up to 1 of your opponent's Characters 1 cost during this turn.",Black,Character,4,5000,Animal Kingdom Pirates;On-Air Pirates,1000,Ranged
656246,Silvers Rayleigh - OP08-118 (Reprint),Silvers Rayleigh OP08 118 Reprint,https://tcgplayer-cdn.tcgplayer.com/product/656246_200w.jpg,68,24305,https://cpt.tcgcsv.com/Xvg7,2025-10-03T04:10:12.437,1,2.44,4.99,420.69,3.36,,Foil,SEC,OP08-118,"[On Play] Select up to 2 of your opponent's Characters, and give 1 Character 3000 power and the other 2000 power until the end of your opponent's next turn. Then, K.O. up to 1 of your opponent's Characters with 3000 power or less.
<br>
<br><span style=""color: red;"">Disclaimer: This card was reprinted from the original set with changes to the copyright information (Note: the original print did not include ""EN"" at the end of the copyright).</span>",Red,Character,8,8000,Former Roger Pirates,,Slash
656247,Kalgara (Reprint),Kalgara Reprint,https://tcgplayer-cdn.tcgplayer.com/product/656247_200w.jpg,68,24305,https://cpt.tcgcsv.com/Zvg7,2025-10-03T04:10:12.437,1,0.01,0.14,3.0,0.04,,Normal,C,OP08-099,"<span style=""color: red;"">Disclaimer: This card was reprinted from the original set with changes to the copyright information (Note: the original print did not include ""EN"" at the end of the copyright).</span>
<br>
<br><span style=""color: red;"">Disclaimer: This card was reprinted from the original set with changes to the copyright information (Note: the original print did not include ""EN"" at the end of the copyright).</span>",Yellow,Character,6,8000,Sky Island;Shandian Warrior;Jaya,1000,Slash
656248,Kalgara (Pirate Foil),Kalgara Pirate Foil,https://tcgplayer-cdn.tcgplayer.com/product/656248_200w.jpg,68,24305,https://cpt.tcgcsv.com/-vg7,2025-10-03T04:10:12.437,1,0.01,0.24,25.0,0.13,,Foil,C,OP08-099,,Yellow,Character,6,8000,Sky Island;Shandian Warrior;Jaya,1000,Slash
656249,Dracule Mihawk - P-081 (Reprint),Dracule Mihawk P 081 Reprint,https://tcgplayer-cdn.tcgplayer.com/product/656249_200w.jpg,68,24305,https://cpt.tcgcsv.com/_vg7,2025-10-03T04:10:12.437,1,0.05,0.26,3.0,0.23,,Normal,PR,P-081,"[Activate:Main] <strong>You may return this Character to the owner's hand:</strong> If you have 3 or more blue ""Cross Guild"" type Characters, play up to 1 ""Cross Guild"" type Character card with a cost of 5 from your hand.
<br>
<br><span style=""color: red;"">Disclaimer: This card was reprinted from the original set with changes to the copyright information (Note: the original print did not include ""EN"" at the end of the copyright).</span>",Blue,Character,4,5000,Cross Guild,1000,Slash
656250,Dracule Mihawk - P-081 (Pirate Foil),Dracule Mihawk P 081 Pirate Foil,https://tcgplayer-cdn.tcgplayer.com/product/656250_200w.jpg,68,24305,https://cpt.tcgcsv.com/0wg7,2025-10-03T04:10:12.437,1,0.2,0.4,5.99,0.34,,Foil,PR,P-081,"[Activate:Main] <strong>You may return this Character to the owner's hand:</strong> If you have 3 or more blue ""Cross Guild"" type Characters, play up to 1 ""Cross Guild"" type Character card with a cost of 5 from your hand.",Blue,Character,4,5000,Cross Guild,1000,Slash
656251,Thousand Sunny (Pirate Foil),Thousand Sunny Pirate Foil,https://tcgplayer-cdn.tcgplayer.com/product/656251_200w.jpg,68,24305,https://cpt.tcgcsv.com/2wg7,2025-10-03T04:10:12.437,1,0.01,0.3,4.75,0.32,,Foil,C,ST14-017,"All of your black ""Straw Hat Crew"" type Characters gain +1 cost.
<br>[On Play] If your Leader has the ""Straw Hat Crew"" type, draw 1 card.",Black,Stage,1,,Straw Hat Crew,,
656463,Monkey.D.Luffy - EB02-061 (Reprint),MonkeyDLuffy EB02 061 Reprint,https://tcgplayer-cdn.tcgplayer.com/product/656463_200w.jpg,68,24305,https://cpt.tcgcsv.com/hCg7,2025-10-03T04:10:12.437,1,5.7,9.3,1000.0,6.73,,Foil,SEC,EB02-061,"If your Leader is multicolored and your opponent has 5 or more DON!! cards on their field, this Character gains [Rush].<br>
[When Attacking] [Once Per Turn] <strong>You may return 2 of your active DON!! cards to your DON!! deck:</strong> Set this Character as active. Then, add 1 card from the top of your Life cards to your hand.",Purple,Character,6,7000,Straw Hat Crew;Water Seven,,Strike
656938,Sabo - P-073 (Pirate Foil),Sabo P 073 Pirate Foil,https://tcgplayer-cdn.tcgplayer.com/product/656938_200w.jpg,68,24305,https://cpt.tcgcsv.com/NNg7,2025-10-03T13:52:04.893,1,0.1,0.34,5.99,0.31,,Foil,PR,P-073,"[Activate:Main][Once Per Turn] <strong>You may add 1 card from the top or bottom of your Life cards to your hand</strong>: This character gains +1000 power during this turn.

<br>
<br><span style=""color: red;"">Disclaimer: This card was reprinted from the original set with a different border (Note: the original print had a full art border).</span>",Yellow,Character,5,5000,Revolutionary Army;Dressrosa,2000,Special
656939,Portgas.D.Ace - P-074 (Pirate Foil),PortgasDAce P 074 Pirate Foil,https://tcgplayer-cdn.tcgplayer.com/product/656939_200w.jpg,68,24305,https://cpt.tcgcsv.com/PNg7,2025-10-03T13:52:20.423,1,0.25,0.52,8.99,0.45,,Foil,PR,P-074,"[Activate:Main] <strong>You may return this Character to the owner's hand</strong>: Look at 5 cards from the top of your deck and place them as the top or bottom of the deck in any order.

<br>
<br><span style=""color: red;"">Disclaimer: This card was reprinted from the original set with a different border (Note: the original print had a full art border).</span>",Blue,Character,3,4000,Whitebeard Pirates,1000,Special
656940,Monkey.D.Luffy - P-075 (Pirate Foil),MonkeyDLuffy P 075 Pirate Foil,https://tcgplayer-cdn.tcgplayer.com/product/656940_200w.jpg,68,24305,https://cpt.tcgcsv.com/QNg7,2025-10-03T13:52:30.29,1,0.15,0.63,10.0,0.61,,Foil,PR,P-075,"[On Play] Give up to 1 rested DON!! card to your Leader or 1 of your Characters.
<br>[When Attacking] If you have a Character with a cost of 8 or more on your field, draw 1 card and trash 1 card from your hand.

<br>
<br><span style=""color: red;"">Disclaimer: This card was reprinted from the original set with a different border (Note: the original print had a full art border).</span>",Black,Character,7,7000,Straw Hat Crew;Supernovas,,Strike
657211,Premium Booster Vol. 2 - Sleeved Booster Pack,Premium Booster Vol 2 Sleeved Booster Pack,https://tcgplayer-cdn.tcgplayer.com/product/657211_200w.jpg,68,24305,https://cpt.tcgcsv.com/fVg7,2025-10-09T19:40:32.7,1,22.47,24.49,200.0,23.81,,Normal,,,,,,,,,,
