productId,name,cleanName,imageUrl,categoryId,groupId,url,modifiedOn,imageCount,lowPrice,midPrice,highPrice,marketPrice,directLowPrice,subTypeName,extRarity,extNumber,extDescription,extColor,extCardType,extCost,extPower,extSubtypes,extCounterplus,extAttribute,extLife
545398,Premium Booster - Booster Pack,Premium Booster Booster Pack,https://tcgplayer-cdn.tcgplayer.com/product/545398_200w.jpg,68,23496,https://cpt.tcgcsv.com/-9n6,2024-11-08T05:08:15.623,1,27.0,32.66,50.0,28.61,,Normal,,,,,,,,,,,
545399,Premium Booster - Booster Box,Premium Booster Booster Box,https://tcgplayer-cdn.tcgplayer.com/product/545399_200w.jpg,68,23496,https://cpt.tcgcsv.com/_9n6,2025-11-13T14:27:45.913,1,910.0,1179.0,7500.0,947.41,,Normal,,,,,,,,,,,
545400,Premium Booster - Booster Box Case,Premium Booster Booster Box Case,https://tcgplayer-cdn.tcgplayer.com/product/545400_200w.jpg,68,23496,https://cpt.tcgcsv.com/0bn6,2024-11-25T13:15:50.813,1,12890.0,42485.1,149999.99,9022.23,,Normal,,,,,,,,,,,
586178,Monkey.D.Luffy (OP01-024) (Alternate Art),MonkeyDLuffy OP01 024 Alternate Art,https://tcgplayer-cdn.tcgplayer.com/product/586178_200w.jpg,68,23496,https://cpt.tcgcsv.com/BtJ6,2024-11-17T15:23:21.553,1,60.0,78.84,500.0,79.64,,Foil,SR,OP01-024,"[DON!! x2] This Character cannot be K.O.'d in battle by ""Strike"" attribute Characters.
<br>
<br>
<br>
[Activate:Main] [Once Per Turn] Give this Character up to 2 rested DON!! cards.",Red,Character,2,3000,Straw Hat Crew;Supernovas,1000,Strike,
586180,Tony Tony.Chopper (ST01-006) (Jolly Roger Foil),Tony TonyChopper ST01 006 Jolly Roger Foil,https://tcgplayer-cdn.tcgplayer.com/product/586180_200w.jpg,68,23496,https://cpt.tcgcsv.com/DtJ6,2024-11-08T05:08:15.623,1,3.0,8.75,100.0,8.86,,Foil,C,ST01-006,"[Blocker] <em>(After your opponent declares an attack, you may rest this card to make it the new target of the attack.)</em>",Red,Character,1,1000,Animal;Straw Hat Crew,,Strike,
586181,DON!! Card (Uta) (Gold),DON Card Uta Gold,https://tcgplayer-cdn.tcgplayer.com/product/586181_200w.jpg,68,23496,https://cpt.tcgcsv.com/FtJ6,2024-11-12T20:57:31.537,1,183.75,199.99,399.99,173.46,,Foil,DON!!,,Your Turn +1000,,DON!!,,,,,,
586182,Edward.Newgate (OP02-004) (Alternate Art),EdwardNewgate OP02 004 Alternate Art,https://tcgplayer-cdn.tcgplayer.com/product/586182_200w.jpg,68,23496,https://cpt.tcgcsv.com/GtJ6,2024-11-08T18:15:54.543,1,7.88,11.5,49.99,8.03,,Foil,SR,OP02-004,"[On Play] Up to 1 of your Leader gains +2000 power until the start of your next turn. Then, you cannot add Life cards to your hand using your own effects during this turn.
<br>
<br>
<br>
[DON!! x2] [When Attacking] K.O. up to 1 of your opponent's Characters with 3000 power or less.",Red,Character,9,10000,The Four Emperors;Whitebeard Pirates,,Special,
586183,Marco (Jolly Roger Foil),Marco Jolly Roger Foil,https://tcgplayer-cdn.tcgplayer.com/product/586183_200w.jpg,68,23496,https://cpt.tcgcsv.com/HtJ6,2024-11-08T05:08:15.623,1,0.08,0.28,10.0,0.28,,Foil,R,OP02-018,"[Blocker] <em>(After your opponent declares an attack, you may rest this card to make it the new target of the attack.)</em>
<br>
<br>
<br>
[On K.O.] <strong>You may trash 1 card with a type including ""Whitebeard Pirates"" from your hand</strong>: If you have 2 or less Life cards, play this Character card from your trash rested.",Red,Character,4,5000,Whitebeard Pirates,1000,Special,
586184,Marco (Alternate Art),Marco Alternate Art,https://tcgplayer-cdn.tcgplayer.com/product/586184_200w.jpg,68,23496,https://cpt.tcgcsv.com/JtJ6,2024-11-08T05:08:15.623,1,3.51,6.0,19.99,4.78,,Foil,R,OP02-018,"[Blocker] <em>(After your opponent declares an attack, you may rest this card to make it the new target of the attack.)</em>
<br>
<br>
<br>
[On K.O.] <strong>You may trash 1 card with a type including ""Whitebeard Pirates"" from your hand</strong>: If you have 2 or less Life cards, play this Character card from your trash rested.",Red,Character,4,5000,Whitebeard Pirates,1000,Special,
586185,Izo (OP03-003) (Jolly Roger Foil),Izo OP03 003 Jolly Roger Foil,https://tcgplayer-cdn.tcgplayer.com/product/586185_200w.jpg,68,23496,https://cpt.tcgcsv.com/KtJ6,2024-11-08T05:08:15.623,1,0.05,0.25,5.0,0.22,,Foil,R,OP03-003,"[On Play] Look at 5 cards from the top of your deck; reveal up to 1 card with a type including ""Whitebeard Pirates"" other than [Izo] and add it to your hand. Then, place the rest at the bottom of your deck in any order.",Red,Character,1,2000,Land of Wano;Whitebeard Pirates,1000,Ranged,
586186,Izo (OP03-003) (Alternate Art),Izo OP03 003 Alternate Art,https://tcgplayer-cdn.tcgplayer.com/product/586186_200w.jpg,68,23496,https://cpt.tcgcsv.com/LtJ6,2024-11-08T05:08:15.623,1,4.2,5.83,15.49,5.22,,Foil,R,OP03-003,"[On Play] Look at 5 cards from the top of your deck; reveal up to 1 card with a type including ""Whitebeard Pirates"" other than [Izo] and add it to your hand. Then, place the rest at the bottom of your deck in any order.",Red,Character,1,2000,Land of Wano;Whitebeard Pirates,1000,Ranged,
586187,Otama (Alternate Art),Otama Alternate Art,https://tcgplayer-cdn.tcgplayer.com/product/586187_200w.jpg,68,23496,https://cpt.tcgcsv.com/MtJ6,2024-11-08T05:08:15.623,1,7.0,9.45,99.95,8.47,,Foil,UC,OP01-006,[On Play] Give up to 1 of your opponent's Characters -2000 power during this turn.,Red,Character,1,0,Land of Wano,2000,Special,
586188,DON!! Card (Sakazuki) (Gold),DON Card Sakazuki Gold,https://tcgplayer-cdn.tcgplayer.com/product/586188_200w.jpg,68,23496,https://cpt.tcgcsv.com/NtJ6,2024-11-12T20:56:55.78,1,95.0,100.0,140.82,63.11,,Foil,DON!!,,Your Turn +1000,,DON!!,,,,,,
586189,Koala (Alternate Art),Koala Alternate Art,https://tcgplayer-cdn.tcgplayer.com/product/586189_200w.jpg,68,23496,https://cpt.tcgcsv.com/PtJ6,2024-11-08T18:52:17.11,1,21.45,31.16,79.99,31.16,,Foil,SR,OP05-006,"[On Play] If your Leader has the [Revolutionary Army] type, give up to 1 of your opponent's Characters -3000 power during this turn.",Red,Character,2,3000,Revolutionary Army,2000,Strike,
586190,Sabo (OP05-007) (Alternate Art),Sabo OP05 007 Alternate Art,https://tcgplayer-cdn.tcgplayer.com/product/586190_200w.jpg,68,23496,https://cpt.tcgcsv.com/QtJ6,2024-11-08T18:53:06.737,1,13.27,19.17,99.99,17.77,,Foil,SR,OP05-007,[On Play] K.O. up to 2 of your opponent's Characters with a total power of 4000 or less.,Red,Character,6,7000,Revolutionary Army,,Special,
586191,DON!! Card (Ivankov) (Gold),DON Card Ivankov Gold,https://tcgplayer-cdn.tcgplayer.com/product/586191_200w.jpg,68,23496,https://cpt.tcgcsv.com/RtJ6,2024-11-12T20:54:20.267,1,100.98,102.97,110.0,43.16,,Foil,DON!!,,Your Turn +1000,,DON!!,,,,,,
586192,Belo Betty (Jolly Roger Foil),Belo Betty Jolly Roger Foil,https://tcgplayer-cdn.tcgplayer.com/product/586192_200w.jpg,68,23496,https://cpt.tcgcsv.com/StJ6,2024-11-08T05:08:15.623,1,0.8,1.5,25.0,1.38,,Foil,R,OP05-015,"[On Play] Look at 5 cards from the top of your deck; reveal up to 1 [Revolutionary Army] type card other than [Belo Betty] and add it to your hand. Then, place the rest at the bottom of your deck in any order.",Red,Character,1,2000,Revolutionary Army,1000,Special,
586193,Belo Betty (Alternate Art),Belo Betty Alternate Art,https://tcgplayer-cdn.tcgplayer.com/product/586193_200w.jpg,68,23496,https://cpt.tcgcsv.com/TtJ6,2024-11-08T05:08:15.623,1,31.0,37.08,99.99,39.06,,Foil,R,OP05-015,"[On Play] Look at 5 cards from the top of your deck; reveal up to 1 [Revolutionary Army] type card other than [Belo Betty] and add it to your hand. Then, place the rest at the bottom of your deck in any order.",Red,Character,1,2000,Revolutionary Army,1000,Special,
586194,Shanks (OP01-120) (Alternate Art),Shanks OP01 120 Alternate Art,https://tcgplayer-cdn.tcgplayer.com/product/586194_200w.jpg,68,23496,https://cpt.tcgcsv.com/VtJ6,2024-11-08T18:15:24.823,1,21.29,36.98,379.19,27.37,,Foil,SEC,OP01-120,"[Rush] <em>(This card can attack on the turn in which it is played.)</em>
<br>
<br>
<br>
[When Attacking] Your opponent cannot activate a [Blocker] Character that has 2000 or less power during this battle.",Red,Character,9,10000,The Four Emperors;Red-Haired Pirates,,Slash,
586195,Koby (Jolly Roger Foil),Koby Jolly Roger Foil,https://tcgplayer-cdn.tcgplayer.com/product/586195_200w.jpg,68,23496,https://cpt.tcgcsv.com/WtJ6,2024-11-08T15:57:51.267,1,0.07,0.47,100.0,0.43,,Foil,PR,P-014,"[Blocker] <em>(After your opponent declares an attack, you may rest this card to make it the new target of the attack.)</em>
<br>
<br>
<br>
[Trigger] Play this card.",Red,Character,3,3000,Navy,,Strike,
586197,Gum-Gum Red Roc (Alternate Art),Gum Gum Red Roc Alternate Art,https://tcgplayer-cdn.tcgplayer.com/product/586197_200w.jpg,68,23496,https://cpt.tcgcsv.com/ZtJ6,2024-11-08T05:08:15.623,1,48.5,63.99,200.0,50.31,,Foil,R,OP04-056,"[Main] Place up to 1 Character at the bottom of the owner's deck.
<br>
<br>
<br>
[Trigger] Place up to 1 Character with a cost of 4 or less at the bottom of the owner's deck.",Blue,Event,6,,Straw Hat Crew,,,
586198,Gum-Gum Red Roc (Jolly Roger Foil),Gum Gum Red Roc Jolly Roger Foil,https://tcgplayer-cdn.tcgplayer.com/product/586198_200w.jpg,68,23496,https://cpt.tcgcsv.com/-tJ6,2024-11-08T05:08:15.623,1,0.5,1.74,25.0,0.95,,Foil,R,OP04-056,"[Main] Place up to 1 Character at the bottom of the owner's deck.
<br>
<br>
<br>
[Trigger] Place up to 1 Character with a cost of 4 or less at the bottom of the owner's deck.",Blue,Event,6,,Straw Hat Crew,,,
586201,Sanji's Pilaf (Jolly Roger Foil),Sanjis Pilaf Jolly Roger Foil,https://tcgplayer-cdn.tcgplayer.com/product/586201_200w.jpg,68,23496,https://cpt.tcgcsv.com/2vJ6,2024-11-08T05:08:15.623,1,0.24,0.75,25.0,0.52,,Foil,UC,OP03-056,"[Main] Draw 2 cards.
<br>
<br>
<br>
[Trigger] Activate this card's [Main] effect.",Blue,Event,3,,East Blue,,,
586202,DON!! Card (Oden) (Gold),DON Card Oden Gold,https://tcgplayer-cdn.tcgplayer.com/product/586202_200w.jpg,68,23496,https://cpt.tcgcsv.com/3vJ6,2024-11-12T20:55:39.81,1,57.46,75.0,99.99,45.37,,Foil,DON!!,,Your Turn +1000,,DON!!,,,,,,
586408,Nami (P-053) (Jolly Roger Foil),Nami P 053 Jolly Roger Foil,https://tcgplayer-cdn.tcgplayer.com/product/586408_200w.jpg,68,23496,https://cpt.tcgcsv.com/bBJ6,2024-11-08T15:58:27.89,0,1.55,5.0,100.0,4.0,,Foil,PR,P-053,"[On Play] If you have 3 or less cards in your hand, return up to 1 of your opponent's Characters with a cost of 3 or less to the owner's hand.",Blue,Character,1,1000,Straw Hat Crew,2000,Wisdom,
586480,Monkey.D.Luffy (P-055) (Jolly Roger Foil),MonkeyDLuffy P 055 Jolly Roger Foil,https://tcgplayer-cdn.tcgplayer.com/product/586480_200w.jpg,68,23496,https://cpt.tcgcsv.com/DCJ6,2024-11-08T15:58:45.603,1,1.72,5.0,100.0,4.06,,Foil,PR,P-055,[On Play] <strong>You may trash 2 cards from your hand</strong>: Your opponent places 1 of their Characters at the bottom of the owner's deck.,Blue,Character,4,5000,Straw Hat Crew,1000,Strike,
586481,DON!! Card (Katakuri) (Gold),DON Card Katakuri Gold,https://tcgplayer-cdn.tcgplayer.com/product/586481_200w.jpg,68,23496,https://cpt.tcgcsv.com/FCJ6,2024-11-08T05:08:15.623,1,126.95,149.95,149.99,90.89,,Foil,DON!!,,Your Turn +1000,,DON!!,,,,,,
586482,DON!! Card (Magellan) (Gold),DON Card Magellan Gold,https://tcgplayer-cdn.tcgplayer.com/product/586482_200w.jpg,68,23496,https://cpt.tcgcsv.com/GCJ6,2024-11-08T05:08:15.623,1,60.0,62.8,105.0,53.0,,Foil,DON!!,,Your Turn +1000,,DON!!,,,,,,
586483,"Capone""Gang""Bege (OP04-100) (Jolly Roger Foil)",CaponeGangBege OP04 100 Jolly Roger Foil,https://tcgplayer-cdn.tcgplayer.com/product/586483_200w.jpg,68,23496,https://cpt.tcgcsv.com/HCJ6,2024-11-08T05:08:15.623,1,0.2,0.86,20.87,0.57,,Foil,R,OP04-100,[Trigger] Up to 1 of your opponent's Leader or Character cards cannot attack during this turn.,Yellow,Character,3,3000,Firetank Pirates,2000,Ranged,
586484,"Capone""Gang""Bege (OP04-100) (Alternate Art)",CaponeGangBege OP04 100 Alternate Art,https://tcgplayer-cdn.tcgplayer.com/product/586484_200w.jpg,68,23496,https://cpt.tcgcsv.com/JCJ6,2024-11-08T05:08:15.623,1,2.0,4.24,75.0,2.98,,Foil,R,OP04-100,[Trigger] Up to 1 of your opponent's Leader or Character cards cannot attack during this turn.,Yellow,Character,3,3000,Firetank Pirates,2000,Ranged,
586543,Kaido (OP04-044) (Reprint),Kaido OP04 044 Reprint,https://tcgplayer-cdn.tcgplayer.com/product/586543_200w.jpg,68,23496,https://cpt.tcgcsv.com/TDJ6,2024-11-08T18:46:22.397,1,0.14,0.5,10.0,0.37,,Foil,SR,OP04-044,"[On Play] Return up to 1 Character with a cost of 8 or less and up to 1 Character with a cost of 3 or less to the owner's hand.
<br><span style=""color:red"">Disclaimer: This card was reprinted from the original set with changes to the artist credit (note the lack of pen symbol next to the artist name).</span>",Blue,Character,10,12000,Animal Kingdom Pirates;The Four Emperors,,Strike,
586544,Kaido (OP04-044) (Alternate Art),Kaido OP04 044 Alternate Art,https://tcgplayer-cdn.tcgplayer.com/product/586544_200w.jpg,68,23496,https://cpt.tcgcsv.com/VDJ6,2024-11-08T05:08:15.623,1,12.68,17.67,99.99,14.14,,Foil,SR,OP04-044,[On Play] Return up to 1 Character with a cost of 8 or less and up to 1 Character with a cost of 3 or less to the owner's hand.,Blue,Character,10,12000,Animal Kingdom Pirates;The Four Emperors,,Strike,
586545,Ulti (Alternate Art),Ulti Alternate Art,https://tcgplayer-cdn.tcgplayer.com/product/586545_200w.jpg,68,23496,https://cpt.tcgcsv.com/WDJ6,2024-11-08T18:55:47.977,1,14.14,15.99,49.99,14.49,,Foil,SR,OP05-043,"[On Play] If your Leader is multicolored, look at 3 cards from the top of your deck and add up to 1 card to your hand. Then, place the rest at the top or bottom of the deck in any order.",Blue,Character,4,5000,Animal Kingdom Pirates,1000,Strike,
586547,Kouzuki Hiyori (Alternate Art),Kouzuki Hiyori Alternate Art,https://tcgplayer-cdn.tcgplayer.com/product/586547_200w.jpg,68,23496,https://cpt.tcgcsv.com/ZDJ6,2024-11-08T19:32:16.897,1,80.0,124.99,250.0,111.92,,Foil,SR,OP06-106,[On Play] <strong>You may add 1 card from the top or bottom of your Life cards to your hand:</strong> Add up to 1 card from your hand to the top of your Life cards.,Yellow,Character,2,0,Land of Wano;Kouzuki Clan,2000,Wisdom,
586548,Boa Hancock (OP01-078) (Alternate Art),Boa Hancock OP01 078 Alternate Art,https://tcgplayer-cdn.tcgplayer.com/product/586548_200w.jpg,68,23496,https://cpt.tcgcsv.com/-DJ6,2024-11-08T18:15:08.003,1,52.8,69.0,150.0,46.72,,Foil,SR,OP01-078,"[Blocker] <em>(After your opponent declares an attack, you may rest this card to make it the new target of the attack.)</em>
<br>
<br>
<br>
[DON!! x1] [When Attacking]/[On Block] Draw 1 card if you have 5 or less cards in your hand.",Blue,Character,4,5000,Kuja Pirates;The Seven Warlords of the Sea,1000,Special,
586549,Dracule Mihawk (OP01-070) (Alternate Art),Dracule Mihawk OP01 070 Alternate Art,https://tcgplayer-cdn.tcgplayer.com/product/586549_200w.jpg,68,23496,https://cpt.tcgcsv.com/_DJ6,2024-11-08T18:14:55.367,1,12.0,15.0,49.99,13.94,,Foil,SR,OP01-070,[On Play] Place up to 1 Character with a cost of 7 or less at the bottom of the owner's deck.,Blue,Character,9,9000,The Seven Warlords of the Sea,,Slash,
586550,DON!! Card (Rebecca) (Gold),DON Card Rebecca Gold,https://tcgplayer-cdn.tcgplayer.com/product/586550_200w.jpg,68,23496,https://cpt.tcgcsv.com/0FJ6,2024-11-08T05:08:15.623,1,100.0,106.49,122.99,100.73,,Foil,DON!!,,Your Turn +1000,,DON!!,,,,,,
586551,Sanji (OP04-104) (Alternate Art),Sanji OP04 104 Alternate Art,https://tcgplayer-cdn.tcgplayer.com/product/586551_200w.jpg,68,23496,https://cpt.tcgcsv.com/2FJ6,2024-11-08T18:50:25.21,1,12.99,16.97,49.49,15.47,,Foil,SR,OP04-104,"[Blocker] <em>(After your opponent declares an attack, you may rest this card to make it the new target of the attack.)</em>
<br>
<br>
<br>
[Trigger] You may trash 1 card from your hand: Play this card.",Yellow,Character,3,5000,The Vinsmoke Family,1000,Ranged,
586552,DON!! Card (Kaido) (Gold),DON Card Kaido Gold,https://tcgplayer-cdn.tcgplayer.com/product/586552_200w.jpg,68,23496,https://cpt.tcgcsv.com/3FJ6,2024-11-12T20:54:32.567,1,145.0,149.99,1000.0,126.93,,Foil,DON!!,,Your Turn +1000,,DON!!,,,,,,
586553,DON!! Card (Crocodile) (Gold),DON Card Crocodile Gold,https://tcgplayer-cdn.tcgplayer.com/product/586553_200w.jpg,68,23496,https://cpt.tcgcsv.com/5FJ6,2024-11-12T20:53:25.827,1,94.99,104.78,300.0,97.86,,Foil,DON!!,,Your Turn +1000,,DON!!,,,,,,
586554,DON!! Card (Vivi) (Gold),DON Card Vivi Gold,https://tcgplayer-cdn.tcgplayer.com/product/586554_200w.jpg,68,23496,https://cpt.tcgcsv.com/6FJ6,2024-11-08T05:08:15.623,1,219.99,254.98,1500.0,171.7,,Foil,DON!!,,Your Turn +1000,,DON!!,,,,,,
586556,DON!! Card (King) (Gold),DON Card King Gold,https://tcgplayer-cdn.tcgplayer.com/product/586556_200w.jpg,68,23496,https://cpt.tcgcsv.com/8FJ6,2024-11-12T20:55:16.41,1,37.5,41.5,125.0,38.03,,Foil,DON!!,,Your Turn +1000,,DON!!,,,,,,
586557,"DON!! Card (Eustass ""Captain"" Kid) (Gold)",DON Card Eustass Captain Kid Gold,https://tcgplayer-cdn.tcgplayer.com/product/586557_200w.jpg,68,23496,https://cpt.tcgcsv.com/9FJ6,2024-11-12T20:53:38.73,1,200.0,253.5,280.0,77.74,,Foil,DON!!,,Your Turn +1000,,DON!!,,,,,,
586558,DON!! Card (Rob Lucci) (Gold),DON Card Rob Lucci Gold,https://tcgplayer-cdn.tcgplayer.com/product/586558_200w.jpg,68,23496,https://cpt.tcgcsv.com/bFJ6,2024-11-08T05:08:15.623,1,45.05,56.34,180.0,46.44,,Foil,DON!!,,Your Turn +1000,,DON!!,,,,,,
586559,Ryuma (Jolly Roger Foil),Ryuma Jolly Roger Foil,https://tcgplayer-cdn.tcgplayer.com/product/586559_200w.jpg,68,23496,https://cpt.tcgcsv.com/cFJ6,2024-11-08T05:08:15.623,1,0.1,0.25,5.0,0.25,,Foil,R,OP06-036,[On Play] / [On K.O.] K.O. up to 1 of your opponent's rested Characters with a cost of 4 or less.,Green,Character,4,6000,Land of Wano;Thriller Bark Pirates,,Slash,
586560,Bartolomeo (P-029) (Jolly Roger Foil),Bartolomeo P 029 Jolly Roger Foil,https://tcgplayer-cdn.tcgplayer.com/product/586560_200w.jpg,68,23496,https://cpt.tcgcsv.com/dFJ6,2024-11-08T15:58:22.227,1,0.09,0.25,5.0,0.23,,Foil,PR,P-029,"[End of your Turn] <strong>You may rest this Character:</strong> Set up to 1 of your ""FILM"" type Characters other than [Bartolomeo] as active.",Green,Character,2,3000,Barto Club Pirates;Supernovas,1000,Special,
586589,Izo (OP01-033) (Jolly Roger Foil),Izo OP01 033 Jolly Roger Foil,https://tcgplayer-cdn.tcgplayer.com/product/586589_200w.jpg,68,23496,https://cpt.tcgcsv.com/PFJ6,2024-11-08T05:08:15.623,1,0.15,0.5,25.0,0.44,,Foil,UC,OP01-033,[On Play] Rest up to 1 of your opponent's Characters with a cost of 4 or less.,Green,Character,3,3000,Former Whitebeard Pirates;Land of Wano,2000,Ranged,
586590,Kouzuki Momonosuke (Jolly Roger Foil),Kouzuki Momonosuke Jolly Roger Foil,https://tcgplayer-cdn.tcgplayer.com/product/586590_200w.jpg,68,23496,https://cpt.tcgcsv.com/QFJ6,2024-11-08T05:08:15.623,1,0.1,0.25,10.0,0.25,,Foil,R,OP01-041,"[Activate:Main] (1) <em>(You may rest the specified number of DON!! cards in your cost area)</em> <strong>You may rest this Character:</strong> Look at 5 cards from the top of your deck; reveal up to 1 ""Land of Wano"" type card and add it to your hand. Then, place the rest at the bottom of your deck in any order.
<br>
<br><br>
<br>
<a href=""https://en.onepiece-cardgame.com/rules/errata_card/#group_20221111-26"">This card has been officially errata'd.</a>",Green,Character,1,0,Land of Wano;Kouzuki Clan,1000,Slash,
586591,Kouzuki Momonosuke (Alternate Art),Kouzuki Momonosuke Alternate Art,https://tcgplayer-cdn.tcgplayer.com/product/586591_200w.jpg,68,23496,https://cpt.tcgcsv.com/RFJ6,2024-11-08T05:08:15.623,1,4.99,7.41,25.0,5.76,,Foil,R,OP01-041,"[Activate:Main] (1) <em>(You may rest the specified number of DON!! cards in your cost area)</em> <strong>You may rest this Character:</strong> Look at 5 cards from the top of your deck; reveal up to 1 ""Land of Wano"" type card and add it to your hand. Then, place the rest at the bottom of your deck in any order.",Green,Character,1,0,Land of Wano;Kouzuki Clan,1000,Slash,
586592,One-Legged Toy Soldier (Jolly Roger Foil),One Legged Toy Soldier Jolly Roger Foil,https://tcgplayer-cdn.tcgplayer.com/product/586592_200w.jpg,68,23496,https://cpt.tcgcsv.com/SFJ6,2024-11-08T05:08:15.623,1,0.21,0.48,10.0,0.37,,Foil,UC,OP05-081,[Activate:Main] <strong>You may trash this Character</strong>: Give up to 1 of your opponent's Characters -3 cost during this turn.,Black,Character,2,0,Dressrosa,2000,Strike,
586593,Gecko Moria (Alternate Art),Gecko Moria Alternate Art,https://tcgplayer-cdn.tcgplayer.com/product/586593_200w.jpg,68,23496,https://cpt.tcgcsv.com/TFJ6,2024-11-08T19:29:09.813,1,15.0,18.33,89.99,17.71,,Foil,SR,OP06-086,[On Play] Choose up to 1 Character card with a cost of 4 or less and up to 1 Character card with a cost of 2 or less from your trash. Play 1 card and play the other card rested.,Black,Character,8,9000,The Seven Warlords of the Sea;Thriller Bark Pirates,,Special,
586594,Charlotte Cracker (Alternate Art),Charlotte Cracker Alternate Art,https://tcgplayer-cdn.tcgplayer.com/product/586594_200w.jpg,68,23496,https://cpt.tcgcsv.com/VFJ6,2024-11-08T18:29:38.947,1,2.5,4.0,23.57,2.81,,Foil,SR,OP03-108,"[DON!! x1] If you have less Life cards than your opponent, this Character gains [Double Attack] and +1000 power. <em>(This card deals 2 damage.)</em>
<br>
<br>
<br>
[Trigger] <strong>You may trash 1 card from your hand</strong>: Play this card.",Yellow,Character,4,5000,Big Mom Pirates,1000,Slash,
586595,Charlotte Smoothie (Jolly Roger Foil),Charlotte Smoothie Jolly Roger Foil,https://tcgplayer-cdn.tcgplayer.com/product/586595_200w.jpg,68,23496,https://cpt.tcgcsv.com/WFJ6,2024-11-08T05:08:15.623,1,0.1,0.27,5.99,0.27,,Foil,R,OP03-110,[When Attacking] <strong>You may add 1 card from the top or bottom of your Life cards to your hand</strong>: This Character gains +2000 power during this battle.,Yellow,Character,4,5000,Big Mom Pirates,1000,Special,
586596,Charlotte Smoothie (Alternate Art),Charlotte Smoothie Alternate Art,https://tcgplayer-cdn.tcgplayer.com/product/586596_200w.jpg,68,23496,https://cpt.tcgcsv.com/XFJ6,2024-11-08T05:08:15.623,1,4.99,7.74,15.0,6.0,,Foil,R,OP03-110,[When Attacking] <strong>You may add 1 card from the top or bottom of your Life cards to your hand</strong>: This Character gains +2000 power during this battle.,Yellow,Character,4,5000,Big Mom Pirates,1000,Special,
586597,Charlotte Perospero (Alternate Art),Charlotte Perospero Alternate Art,https://tcgplayer-cdn.tcgplayer.com/product/586597_200w.jpg,68,23496,https://cpt.tcgcsv.com/ZFJ6,2024-11-08T18:31:52.293,1,3.0,4.96,49.99,3.84,,Foil,SR,OP03-113,"[On K.O.] Look at 3 cards from the top of your deck; reveal up to 1 [Big Mom Pirates] type card and add it to your hand. Then, place the rest at the bottom of your deck in any order.
<br>
<br>
<br>
[Trigger] <strong>You may trash 1 card from your hand</strong>: Play this card.",Yellow,Character,3,5000,Big Mom Pirates,,Special,
586598,Three Thousand Worlds (Alternate Art),Three Thousand Worlds Alternate Art,https://tcgplayer-cdn.tcgplayer.com/product/586598_200w.jpg,68,23496,https://cpt.tcgcsv.com/-FJ6,2024-11-08T05:08:15.623,1,20.0,34.95,99.99,31.09,,Foil,R,OP03-057,"[Main] Place up to 1 Character with a cost of 5 or less at the bottom of the owner's deck.
<br>
<br>
<br>
[Trigger] Place up to 1 Character with a cost of 3 or less at the bottom of the owner's deck.",Blue,Event,4,,Straw Hat Crew;East Blue,,,
586599,Three Thousand Worlds (Jolly Roger Foil),Three Thousand Worlds Jolly Roger Foil,https://tcgplayer-cdn.tcgplayer.com/product/586599_200w.jpg,68,23496,https://cpt.tcgcsv.com/_FJ6,2024-11-08T05:08:15.623,1,0.15,0.39,50.0,0.25,,Foil,R,OP03-057,"[Main] Place up to 1 Character with a cost of 5 or less at the bottom of the owner's deck.
<br>
<br>
<br>
[Trigger] Place up to 1 Character with a cost of 3 or less at the bottom of the owner's deck.",Blue,Event,4,,Straw Hat Crew;East Blue,,,
586600,Hound Blaze (Alternate Art),Hound Blaze Alternate Art,https://tcgplayer-cdn.tcgplayer.com/product/586600_200w.jpg,68,23496,https://cpt.tcgcsv.com/0GJ6,2024-11-08T05:08:15.623,1,41.0,49.98,75.0,51.48,,Foil,R,OP05-057,"[Main] Up to 1 of your Leader or Character cards gains +3000 power during this turn. Then, place up to 1 Character with a cost of 2 or less at the bottom of the owner's deck.
<br>
<br>
<br>
[Trigger] Return up to 1 Character with a cost of 3 or less to the owner's hand.",Blue,Event,2,,Navy,,,
586601,Hound Blaze (Jolly Roger Foil),Hound Blaze Jolly Roger Foil,https://tcgplayer-cdn.tcgplayer.com/product/586601_200w.jpg,68,23496,https://cpt.tcgcsv.com/2GJ6,2024-11-08T05:08:15.623,1,0.05,0.4,50.0,0.39,,Foil,R,OP05-057,"[Main] Up to 1 of your Leader or Character cards gains +3000 power during this turn. Then, place up to 1 Character with a cost of 2 or less at the bottom of the owner's deck.
<br>
<br>
<br>
[Trigger] Return up to 1 Character with a cost of 3 or less to the owner's hand.",Blue,Event,2,,Navy,,,
586602,Bartolomeo (OP04-089) (Alternate Art),Bartolomeo OP04 089 Alternate Art,https://tcgplayer-cdn.tcgplayer.com/product/586602_200w.jpg,68,23496,https://cpt.tcgcsv.com/3GJ6,2024-11-08T05:08:15.623,1,8.0,10.48,39.56,8.13,,Foil,R,OP04-089,"[Blocker] <em>(After your opponent declares an attack, you may rest this card to make it the new target of the attack.)</em>",Black,Character,3,3000,Dressrosa;Barto Club,2000,Special,
586603,Bartolomeo (OP04-089) (Jolly Roger Foil),Bartolomeo OP04 089 Jolly Roger Foil,https://tcgplayer-cdn.tcgplayer.com/product/586603_200w.jpg,68,23496,https://cpt.tcgcsv.com/5GJ6,2024-11-08T05:08:15.623,1,0.1,0.31,18.0,0.26,,Foil,R,OP04-089,"[Blocker] <em>(After your opponent declares an attack, you may rest this card to make it the new target of the attack.)</em>",Black,Character,3,3000,Dressrosa;Barto Club,2000,Special,
586604,Shirahoshi (OP05-082) (Full Art),Shirahoshi OP05 082 Full Art,https://tcgplayer-cdn.tcgplayer.com/product/586604_200w.jpg,68,23496,https://cpt.tcgcsv.com/6GJ6,2024-11-08T05:08:15.623,1,29.99,31.0,99.99,30.18,,Foil,R,OP05-082,"[Activate:Main] <strong>You may rest this Character and place 2 cards from your trash at the bottom of your deck in any order</strong>: If your opponent has 6 or more cards in their hand, your opponent trashes 1 card from their hand.",Black,Character,1,0,Merfolk,2000,Wisdom,
586606,Shirahoshi (OP05-082) (Jolly Roger Foil),Shirahoshi OP05 082 Jolly Roger Foil,https://tcgplayer-cdn.tcgplayer.com/product/586606_200w.jpg,68,23496,https://cpt.tcgcsv.com/8GJ6,2024-11-08T05:08:15.623,1,0.85,1.5,25.0,1.32,,Foil,R,OP05-082,"[Activate:Main] <strong>You may rest this Character and place 2 cards from your trash at the bottom of your deck in any order</strong>: If your opponent has 6 or more cards in their hand, your opponent trashes 1 card from their hand.",Black,Character,1,0,Merfolk,2000,Wisdom,
586607,Sanji (PRB01-001),Sanji PRB01 001,https://tcgplayer-cdn.tcgplayer.com/product/586607_200w.jpg,68,23496,https://cpt.tcgcsv.com/9GJ6,2024-11-08T05:08:15.623,1,0.15,0.65,10.0,0.65,,Normal,L,PRB01-001,"[Activate:Main] [Once Per Turn] Up to 1 of your Characters without an [On Play] effect and with a cost of 8 or less gains [Rush] during this turn. 
<br>
<br><em>(This card can attack on the turn in which it is played.)</em>",Red,Leader,,5000,Straw Hat Crew,,Strike,5
586608,Sanji (PRB01-001) (Alternate Art),Sanji PRB01 001 Alternate Art,https://tcgplayer-cdn.tcgplayer.com/product/586608_200w.jpg,68,23496,https://cpt.tcgcsv.com/bGJ6,2024-11-08T05:08:15.623,1,110.34,138.97,499.99,110.34,,Foil,L,PRB01-001,"[Activate:Main] [Once Per Turn] Up to 1 of your Characters without an [On Play] effect and with a cost of 8 or less gains [Rush] during this turn. 
<br>
<br><em>(This card can attack on the turn in which it is played.)</em>",Red,Leader,,5000,Straw Hat Crew,,Strike,5
586715,Sakazuki (Alternate Art),Sakazuki Alternate Art,https://tcgplayer-cdn.tcgplayer.com/product/586715_200w.jpg,68,23496,https://cpt.tcgcsv.com/kJJ6,2024-11-17T15:22:37.84,1,3.8,8.0,29.99,5.39,,Foil,SR,OP02-099,[On Play] <strong>You may trash 1 card from your hand</strong>: K.O. up to 1 of your opponent's Characters with a cost of 5 or less.,Black,Character,6,7000,Navy,,Special,
586716,Borsalino (Alternate Art),Borsalino Alternate Art,https://tcgplayer-cdn.tcgplayer.com/product/586716_200w.jpg,68,23496,https://cpt.tcgcsv.com/lJJ6,2024-11-08T21:28:13.113,1,3.0,6.0,29.95,5.23,,Foil,SR,OP02-114,"[Opponent's Turn] This Character gains +1000 power and cannot be K.O.'d by effects.
<br>
<br>
<br>
[Blocker] <em>(After your opponent declares an attack, you may rest this card to make it the new target of the attack.)</em>",Black,Character,4,5000,Navy,1000,Special,
586718,Brannew (Jolly Roger Foil),Brannew Jolly Roger Foil,https://tcgplayer-cdn.tcgplayer.com/product/586718_200w.jpg,68,23496,https://cpt.tcgcsv.com/nJJ6,2024-11-08T05:08:15.623,1,0.13,0.3,10.0,0.25,,Foil,R,OP03-089,"[On Play] Look at 3 cards from the top of your deck; reveal up to 1 [Navy] type card other than [Brannew] and add it to your hand. Then, trash the rest.",Black,Character,2,3000,Navy,1000,Wisdom,
586719,Brannew (Full Art),Brannew Full Art,https://tcgplayer-cdn.tcgplayer.com/product/586719_200w.jpg,68,23496,https://cpt.tcgcsv.com/pJJ6,2024-11-08T05:08:15.623,1,1.0,1.76,48.0,1.42,,Foil,R,OP03-089,"[On Play] Look at 3 cards from the top of your deck; reveal up to 1 [Navy] type card other than [Brannew] and add it to your hand. Then, trash the rest.",Black,Character,2,3000,Navy,1000,Wisdom,
586720,Kuzan (OP02-096) (Alternate Art),Kuzan OP02 096 Alternate Art,https://tcgplayer-cdn.tcgplayer.com/product/586720_200w.jpg,68,23496,https://cpt.tcgcsv.com/qJJ6,2024-11-08T05:08:15.623,1,5.0,9.39,79.99,6.31,,Foil,SR,OP02-096,"[On Play] Draw 1 card.
<br>
<br>
<br>
[When Attacking] Give up to 1 of your opponent's Characters -4 cost during this turn.",Black,Character,4,5000,Navy,,Special,
586721,Kuzan (OP02-096) (Reprint),Kuzan OP02 096 Reprint,https://tcgplayer-cdn.tcgplayer.com/product/586721_200w.jpg,68,23496,https://cpt.tcgcsv.com/rJJ6,2024-11-08T18:16:28.687,1,0.23,0.9,15.99,0.51,,Foil,SR,OP02-096,"[On Play] Draw 1 card.
<br>
<br>
<br>
[When Attacking] Give up to 1 of your opponent's Characters -4 cost during this turn.
<br><span style=""color:red"">Disclaimer: This card was reprinted from the original set with changes to the artist credit (note the lack of pen symbol next to the artist name).</span>",Black,Character,4,5000,Navy,,Special,
586723,DON!! Card (Trafalgar Law) (Gold),DON Card Trafalgar Law Gold,https://tcgplayer-cdn.tcgplayer.com/product/586723_200w.jpg,68,23496,https://cpt.tcgcsv.com/tJJ6,2024-11-12T20:57:19.263,1,598.99,599.95,5000.0,287.99,,Foil,DON!!,,Your Turn +1000,,DON!!,,,,,,
586804,Satori (Alternate Art),Satori Alternate Art,https://tcgplayer-cdn.tcgplayer.com/product/586804_200w.jpg,68,23496,https://cpt.tcgcsv.com/6LJ6,2024-11-08T05:08:15.623,1,10.25,15.96,60.0,18.26,,Foil,R,OP05-105,[Trigger] <strong>You may trash 1 card from your hand</strong>: Play this card.,Yellow,Character,5,5000,Sky Island;Vassals,2000,Strike,
586805,Satori (Jolly Roger Foil),Satori Jolly Roger Foil,https://tcgplayer-cdn.tcgplayer.com/product/586805_200w.jpg,68,23496,https://cpt.tcgcsv.com/7LJ6,2024-11-08T05:08:15.623,1,0.14,0.43,10.0,0.41,,Foil,R,OP05-105,[Trigger] <strong>You may trash 1 card from your hand</strong>: Play this card.,Yellow,Character,5,5000,Sky Island;Vassals,2000,Strike,
586806,Two-Hundred Million Volts Amaru (Alternate Art),Two Hundred Million Volts Amaru Alternate Art,https://tcgplayer-cdn.tcgplayer.com/product/586806_200w.jpg,68,23496,https://cpt.tcgcsv.com/8LJ6,2024-11-08T05:08:15.623,1,11.0,18.61,285.0,17.81,,Foil,R,OP05-115,"[Main] Up to 1 of your Leader or Character cards gains +3000 power during this turn. Then, if you have 1 or less Life cards, rest up to 1 of your opponent's Characters with a cost of 4 or less.
<br>
<br>
<br>
[Trigger] <strong>You may trash 2 cards from your hand</strong>: Add up to 1 card from the top of your deck to the top of your Life cards.",Yellow,Event,2,,Sky Island,,,
586807,Two-Hundred Million Volts Amaru (Jolly Roger Foil),Two Hundred Million Volts Amaru Jolly Roger Foil,https://tcgplayer-cdn.tcgplayer.com/product/586807_200w.jpg,68,23496,https://cpt.tcgcsv.com/9LJ6,2024-11-08T05:08:15.623,1,0.04,0.26,5.0,0.26,,Foil,R,OP05-115,"[Main] Up to 1 of your Leader or Character cards gains +3000 power during this turn. Then, if you have 1 or less Life cards, rest up to 1 of your opponent's Characters with a cost of 4 or less.
<br>
<br>
<br>
[Trigger] <strong>You may trash 2 cards from your hand</strong>: Add up to 1 card from the top of your deck to the top of your Life cards.",Yellow,Event,2,,Sky Island,,,
586808,Yamato (OP04-112) (Alternate Art),Yamato OP04 112 Alternate Art,https://tcgplayer-cdn.tcgplayer.com/product/586808_200w.jpg,68,23496,https://cpt.tcgcsv.com/bLJ6,2024-12-31T21:33:04.813,1,57.71,65.0,222.0,60.32,,Foil,SR,OP04-112,"[On Play] K.O. up to 1 of your opponent's Characters with a cost equal to or less than the total of your and your opponent's Life cards. Then, if you have 1 or less Life cards, add up to 1 card from the top of your deck to the top of your Life cards.",Yellow,Character,9,9000,Land of Wano,,Strike,
586809,Upper Yard (Jolly Roger Foil),Upper Yard Jolly Roger Foil,https://tcgplayer-cdn.tcgplayer.com/product/586809_200w.jpg,68,23496,https://cpt.tcgcsv.com/cLJ6,2024-11-08T05:08:15.623,1,0.1,0.43,10.0,0.41,,Foil,UC,OP05-117,"[On Play] Look at the top 5 cards of your deck; reveal up to 1 [Sky Island] type card and add it to your hand. Then, place the rest at the bottom of your deck in any order.",Yellow,Stage,1,,Sky Island,,,
586810,DON!! Card (Yamato) (Gold),DON Card Yamato Gold,https://tcgplayer-cdn.tcgplayer.com/product/586810_200w.jpg,68,23496,https://cpt.tcgcsv.com/dLJ6,2024-11-08T05:08:15.623,1,215.01,235.0,300.0,137.1,,Foil,DON!!,,Your Turn +1000,,DON!!,,,,,,
586884,DON!! Card (Sabo) (Gold),DON Card Sabo Gold,https://tcgplayer-cdn.tcgplayer.com/product/586884_200w.jpg,68,23496,https://cpt.tcgcsv.com/JMJ6,2024-11-12T20:56:44.27,1,134.99,189.57,200.0,98.62,,Foil,DON!!,,Your Turn +1000,,DON!!,,,,,,
586885,DON!! Card (Gecko Moria) (Gold),DON Card Gecko Moria Gold,https://tcgplayer-cdn.tcgplayer.com/product/586885_200w.jpg,68,23496,https://cpt.tcgcsv.com/KMJ6,2024-11-08T05:08:15.623,1,84.99,94.93,300.0,90.34,,Foil,DON!!,,Your Turn +1000,,DON!!,,,,,,
586886,DON!! Card (Perona) (Gold),DON Card Perona Gold,https://tcgplayer-cdn.tcgplayer.com/product/586886_200w.jpg,68,23496,https://cpt.tcgcsv.com/LMJ6,2024-11-12T20:56:15.57,1,350.0,350.99,350.99,202.02,,Foil,DON!!,,Your Turn +1000,,DON!!,,,,,,
586887,DON!! Card (Iceberg) (Gold),DON Card Iceberg Gold,https://tcgplayer-cdn.tcgplayer.com/product/586887_200w.jpg,68,23496,https://cpt.tcgcsv.com/MMJ6,2024-11-12T20:54:08.64,1,90.0,100.0,187500.0,51.89,,Foil,DON!!,,Your Turn +1000,,DON!!,,,,,,
586888,DON!! Card (Hody Jones) (Gold),DON Card Hody Jones Gold,https://tcgplayer-cdn.tcgplayer.com/product/586888_200w.jpg,68,23496,https://cpt.tcgcsv.com/NMJ6,2024-11-08T05:08:15.623,1,44.0,48.53,200.0,42.41,,Foil,DON!!,,Your Turn +1000,,DON!!,,,,,,
586889,Arlong (Jolly Roger Foil),Arlong Jolly Roger Foil,https://tcgplayer-cdn.tcgplayer.com/product/586889_200w.jpg,68,23496,https://cpt.tcgcsv.com/PMJ6,2024-11-08T05:08:15.623,1,0.06,0.3,5.0,0.28,,Foil,R,OP06-023,"[On Play] <strong>You may trash 1 card from your hand:</strong> Up to 1 of your opponent's rested Leader cannot attack until the end of your opponent's next turn.
<br>[Trigger] Rest up to 1 of your opponent's Characters with a cost of 4 or less.",Green,Character,4,6000,Fish-Man;Arlong Pirates;East Blue,,Slash,
586891,Yamato (OP01-121) (Alternate Art),Yamato OP01 121 Alternate Art,https://tcgplayer-cdn.tcgplayer.com/product/586891_200w.jpg,68,23496,https://cpt.tcgcsv.com/RMJ6,2024-11-08T18:15:35.977,1,41.0,45.0,99.99,41.59,,Foil,SEC,OP01-121,"Also treat this card's name as [Kouzuki Oden] according to the rules.
<br>
[Double Attack] <em>(This card deals 2 damage.)</em>
<br>
[Banish] <em>(When this card deals damage, the target card is trashed without activating its Trigger.)</em>",Green,Character,5,5000,Land of Wano,1000,Strike,
586892,"Eustass""Captain""Kid (OP01-051) (Alternate Art)",EustassCaptainKid OP01 051 Alternate Art,https://tcgplayer-cdn.tcgplayer.com/product/586892_200w.jpg,68,23496,https://cpt.tcgcsv.com/SMJ6,2024-11-17T15:21:47.287,1,6.0,8.0,37.99,6.52,,Foil,SR,OP01-051,"[DON!! x1] [Opponent's Turn] If this Character is rested, your opponent cannot attack any card other than the Character [Eustass""Captain""Kid].
<br>
[Activate:Main] [Once Per Turn] <strong>You may rest this Character:</strong> Play up to 1 Character card with a cost of 3 or less from your hand.
<br><br>
<a href=""https://en.onepiece-cardgame.com/rules/errata_card/#group_20221111-35"">This card has been officially errata'd.</a>",Green,Character,8,8000,Kid Pirates;Supernovas,,Special,
586893,Trafalgar Law (OP01-047) (Alternate Art),Trafalgar Law OP01 047 Alternate Art,https://tcgplayer-cdn.tcgplayer.com/product/586893_200w.jpg,68,23496,https://cpt.tcgcsv.com/TMJ6,2024-11-17T15:23:06.213,1,22.0,24.97,59.99,18.9,,Foil,SR,OP01-047,"[Blocker] <em>(After your opponent declares an attack, you may rest this card to make it the new target of the attack.)</em>
<br>
[On Play] <strong>You may return 1 of your Characters to the owner's hand:</strong> Play up to 1 Character card with a cost of 3 or less from your hand.",Green,Character,5,6000,Heart Pirates;Supernovas,,Slash,
586894,"Capone""Gang""Bege (ST02-004) (Jolly Roger Foil)",CaponeGangBege ST02 004 Jolly Roger Foil,https://tcgplayer-cdn.tcgplayer.com/product/586894_200w.jpg,68,23496,https://cpt.tcgcsv.com/VMJ6,2024-11-08T05:08:15.623,1,0.04,0.25,25.0,0.19,,Foil,C,ST02-004,"[Blocker] <em>(After your opponent declares an attack, you may rest this card to make it the new target of the attack.)</em>",Green,Character,1,1000,Firetank Pirates;Supernovas,,Special,
586895,Charlotte Katakuri (Alternate Art),Charlotte Katakuri Alternate Art,https://tcgplayer-cdn.tcgplayer.com/product/586895_200w.jpg,68,23496,https://cpt.tcgcsv.com/WMJ6,2024-11-08T18:42:48.773,1,52.99,60.77,149.99,54.42,,Foil,SEC,OP03-123,[On Play] Add up to 1 Character with a cost of 8 or less to the top or bottom of the owner's Life cards face-up.,Yellow,Character,8,8000,Big Mom Pirates,,Strike,
586896,Boa Hancock (ST03-013) (Jolly Roger Foil),Boa Hancock ST03 013 Jolly Roger Foil,https://tcgplayer-cdn.tcgplayer.com/product/586896_200w.jpg,68,23496,https://cpt.tcgcsv.com/XMJ6,2024-11-08T05:08:15.623,1,2.35,4.99,100.0,4.82,,Foil,C,ST03-013,"[Blocker] <em>(After your opponent declares an attack, you may rest this card to make it the new target of the attack.)</em>
<br>
[Trigger] Play this card.",Blue,Character,3,1000,Kuja Pirates;The Seven Warlords of the Sea,1000,Special,
586897,Donquixote Doflamingo (Alternate Art),Donquixote Doflamingo Alternate Art,https://tcgplayer-cdn.tcgplayer.com/product/586897_200w.jpg,68,23496,https://cpt.tcgcsv.com/ZMJ6,2024-11-08T18:44:11.917,1,15.0,24.99,60.99,17.48,,Foil,SR,OP04-031,[On Play] Up to a total of 3 of your opponent's rested Leader and Character cards will not become active in your opponent's next Refresh Phase.,Green,Character,10,10000,Donquixote Pirates;The Seven Warlords of the Sea,,Special,
586898,Baby 5 (OP05-034) (Full Art),Baby 5 OP05 034 Full Art,https://tcgplayer-cdn.tcgplayer.com/product/586898_200w.jpg,68,23496,https://cpt.tcgcsv.com/-MJ6,2024-11-08T05:08:15.623,1,3.0,4.99,18.99,4.21,,Foil,R,OP05-034,"[Activate:Main] (1) <em>(You may rest the specified number of DON!! cards in your cost area.)</em> <strong>You may rest this Character</strong>: Look at 5 cards from the top of your deck; reveal up to 1 [Donquixote Pirates] type card and add it to your hand. Then, place the rest at the bottom of your deck in any order.",Green,Character,1,1000,Donquixote Pirates,1000,Special,
586899,Baby 5 (OP05-034) (Jolly Roger Foil),Baby 5 OP05 034 Jolly Roger Foil,https://tcgplayer-cdn.tcgplayer.com/product/586899_200w.jpg,68,23496,https://cpt.tcgcsv.com/_MJ6,2024-11-08T05:08:15.623,1,0.1,0.31,5.0,0.29,,Foil,R,OP05-034,"[Activate:Main] (1) <em>(You may rest the specified number of DON!! cards in your cost area.)</em> <strong>You may rest this Character</strong>: Look at 5 cards from the top of your deck; reveal up to 1 [Donquixote Pirates] type card and add it to your hand. Then, place the rest at the bottom of your deck in any order.",Green,Character,1,1000,Donquixote Pirates,1000,Special,
586959,"Eustass""Captain""Kid (OP05-074) (Alternate Art)",EustassCaptainKid OP05 074 Alternate Art,https://tcgplayer-cdn.tcgplayer.com/product/586959_200w.jpg,68,23496,https://cpt.tcgcsv.com/cPJ6,2024-11-08T18:57:49.63,1,16.26,22.74,60.0,15.9,,Foil,SR,OP05-074,"[Blocker]
<br>
[Your Turn][Once Per Turn] When a DON!! card on your field is returned to your DON!! deck, add up to 1 DON!! card from your DON!! deck and set it as active.",Purple,Character,5,6000,Kid Pirates,1000,Special,
586960,Monkey.D.Luffy (OP05-119) (Alternate Art),MonkeyDLuffy OP05 119 Alternate Art,https://tcgplayer-cdn.tcgplayer.com/product/586960_200w.jpg,68,23496,https://cpt.tcgcsv.com/dPJ6,2024-11-08T19:14:35.213,1,225.0,282.5,1500.0,209.87,,Foil,SEC,OP05-119,"[On Play] DON!! -10: Place all of your Characters except this Character at the bottom of your deck in any order. Then, take an extra turn after this one.
<br>
[Activate:Main][Once Per Turn] (1): Add up to 1 DON!! card from your DON!! deck and set it as active.",Purple,Character,10,12000,Straw Hat Crew;The Four Emperors,,Strike,
586961,Kaido (ST04-003) (Alternate Art),Kaido ST04 003 Alternate Art,https://tcgplayer-cdn.tcgplayer.com/product/586961_200w.jpg,68,23496,https://cpt.tcgcsv.com/fPJ6,2024-11-08T19:57:54.257,1,8.0,15.0,50.0,8.82,,Foil,SR,ST04-003,"[On Play] DON!! -5 <em>(You may return the specified number of DON!! cards from your field to your DON!! deck.)</em>: K.O. up to 1 of your opponent's Characters with a cost of 6 or less. 
<br>This Character gains [Rush] during this turn. 
<br>(This card can attack on the turn in which it is played.)",Purple,Character,9,10000,Animal Kingdom Pirates;The Four Emperors,,Strike,
587189,Judgment of Hell (Alternate Art),Judgment of Hell Alternate Art,https://tcgplayer-cdn.tcgplayer.com/product/587189_200w.jpg,68,23496,https://cpt.tcgcsv.com/PTJ6,2024-11-08T05:08:15.623,1,3.82,7.0,39.99,5.53,,Foil,R,OP02-089,"[Counter] DON!! -1 <em>(You may return the specified number of DON!! cards from your field to your DON!! deck.)</em>: Give up to a total of 2 of your opponent's Leader or Character cards -3000 power during this turn.
<br>
[Trigger] If your opponent has 6 or more DON!! cards on their field, your opponent returns 1 DON!! card from their field to their DON!! deck.",Purple,Event,2,,Impel Down,,,
587190,Judgment of Hell (Jolly Roger Foil),Judgment of Hell Jolly Roger Foil,https://tcgplayer-cdn.tcgplayer.com/product/587190_200w.jpg,68,23496,https://cpt.tcgcsv.com/QTJ6,2024-11-08T05:08:15.623,1,0.24,0.75,50.0,0.58,,Foil,R,OP02-089,"[Counter] DON!! -1 <em>(You may return the specified number of DON!! cards from your field to your DON!! deck.)</em>: Give up to a total of 2 of your opponent's Leader or Character cards -3000 power during this turn.
<br>
[Trigger] If your opponent has 6 or more DON!! cards on their field, your opponent returns 1 DON!! card from their field to their DON!! deck.",Purple,Event,2,,Impel Down,,,
587191,DON!! Card (Rosinante) (Gold),DON Card Rosinante Gold,https://tcgplayer-cdn.tcgplayer.com/product/587191_200w.jpg,68,23496,https://cpt.tcgcsv.com/RTJ6,2024-11-08T05:08:15.623,1,295.0,304.88,309.91,122.0,,Foil,DON!!,,Your Turn +1000,,DON!!,,,,,,
587192,DON!! Card (Zoro) (Gold),DON Card Zoro Gold,https://tcgplayer-cdn.tcgplayer.com/product/587192_200w.jpg,68,23496,https://cpt.tcgcsv.com/STJ6,2024-11-08T05:08:15.623,1,809.99,999.99,1800.0,729.46,,Foil,DON!!,,Your Turn +1000,,DON!!,,,,,,
587233,Vinsmoke Niji (OP06-065) (Jolly Roger Foil),Vinsmoke Niji OP06 065 Jolly Roger Foil,https://tcgplayer-cdn.tcgplayer.com/product/587233_200w.jpg,68,23496,https://cpt.tcgcsv.com/HVJ6,2024-11-08T05:08:15.623,1,0.1,0.25,10.0,0.22,,Foil,R,OP06-065,"[On Play] If the number of DON!! cards on your field is equal to or less than the number on your opponent's field, choose one: 
<br>• K.O. up to 1 of your opponent's Characters with a cost of 2 or less.
<br>• Return up to 1 of your opponent's Characters with a cost of 4 or less to the owner's hand.",Purple,Character,5,6000,The Vinsmoke Family;GERMA 66,1000,Special,
587234,Vinsmoke Niji (OP06-065) (Full Art),Vinsmoke Niji OP06 065 Full Art,https://tcgplayer-cdn.tcgplayer.com/product/587234_200w.jpg,68,23496,https://cpt.tcgcsv.com/JVJ6,2024-11-08T05:08:15.623,1,3.69,4.67,2679.41,4.25,,Foil,R,OP06-065,"[On Play] If the number of DON!! cards on your field is equal to or less than the number on your opponent's field, choose one: 
<br>• K.O. up to 1 of your opponent's Characters with a cost of 2 or less.
<br>• Return up to 1 of your opponent's Characters with a cost of 4 or less to the owner's hand.",Purple,Character,5,6000,The Vinsmoke Family;GERMA 66,1000,Special,
587235,Vinsmoke Yonji (OP06-067) (Jolly Roger Foil),Vinsmoke Yonji OP06 067 Jolly Roger Foil,https://tcgplayer-cdn.tcgplayer.com/product/587235_200w.jpg,68,23496,https://cpt.tcgcsv.com/KVJ6,2024-11-08T05:08:15.623,1,0.1,0.25,10.0,0.23,,Foil,R,OP06-067,"If the number of DON!! cards on your field is equal to or less than the number on your opponent's field, this Character gains +1000 power.
<br>[Blocker] <em>(After your opponent declares an attack, you may rest this card to make it the new target of the attack.)</em>",Purple,Character,4,5000,The Vinsmoke Family;GERMA 66,1000,Strike,
587236,Vinsmoke Yonji (OP06-067) (Alternate Art),Vinsmoke Yonji OP06 067 Alternate Art,https://tcgplayer-cdn.tcgplayer.com/product/587236_200w.jpg,68,23496,https://cpt.tcgcsv.com/LVJ6,2024-11-08T05:08:15.623,1,4.51,5.62,27.99,5.59,,Foil,R,OP06-067,"If the number of DON!! cards on your field is equal to or less than the number on your opponent's field, this Character gains +1000 power.
<br>[Blocker] <em>(After your opponent declares an attack, you may rest this card to make it the new target of the attack.)</em>",Purple,Character,4,5000,The Vinsmoke Family;GERMA 66,1000,Strike,
587237,DON!! Card (Donquixote Doflamingo) (Gold),DON Card Donquixote Doflamingo Gold,https://tcgplayer-cdn.tcgplayer.com/product/587237_200w.jpg,68,23496,https://cpt.tcgcsv.com/MVJ6,2024-11-08T05:08:15.623,1,289.97,324.99,499.0,149.45,,Foil,DON!!,,Your Turn +1000,,DON!!,,,,,,
587398,Trafalgar Law (ST10-010) (Alternate Art),Trafalgar Law ST10 010 Alternate Art,https://tcgplayer-cdn.tcgplayer.com/product/587398_200w.jpg,68,23496,https://cpt.tcgcsv.com/-ZJ6,2025-01-03T19:06:26.353,1,118.0,150.0,224.99,123.18,,Foil,SR,ST10-010,"[Blocker] <em>(After your opponent declares an attack, you may rest this card to make it the new target of the attack.)</em>
<br>
[On Play] DON!! -1 </em>(You may return the specified number of DON!! cards from your field to your DON!! deck.)</em>: If your opponent has 7 or more cards in their hand, trash 2 cards from your opponent's hand.",Purple,Character,4,5000,Heart Pirates,1000,Slash,
587399,DON!! Card (Queen) (Gold),DON Card Queen Gold,https://tcgplayer-cdn.tcgplayer.com/product/587399_200w.jpg,68,23496,https://cpt.tcgcsv.com/_ZJ6,2024-11-12T20:56:26.6,1,39.1,49.99,150.98,45.08,,Foil,DON!!,,Your Turn +1000,,DON!!,,,,,,
587573,DON!! Card (Reiju) (Gold),DON Card Reiju Gold,https://tcgplayer-cdn.tcgplayer.com/product/587573_200w.jpg,68,23496,https://cpt.tcgcsv.com/t2K6,2024-11-08T05:08:15.623,1,74.92,82.7,150.0,74.92,,Foil,DON!!,,Your Turn +1000,,DON!!,,,,,,
587574,Vinsmoke Reiju (OP06-069) (Alternate Art),Vinsmoke Reiju OP06 069 Alternate Art,https://tcgplayer-cdn.tcgplayer.com/product/587574_200w.jpg,68,23496,https://cpt.tcgcsv.com/v2K6,2026-02-06T14:23:33.453,1,41.99,46.65,166.69,43.83,,Foil,SR,OP06-069,"[On Play] If the number of DON!! cards on your field is equal to or less than the number on your opponent's field and you have 5 or less cards in your hand, draw 2 cards.",Purple,Character,4,5000,The Vinsmoke Family;GERMA 66,1000,Special,
587575,Kingdom of GERMA (Jolly Roger Foil),Kingdom of GERMA Jolly Roger Foil,https://tcgplayer-cdn.tcgplayer.com/product/587575_200w.jpg,68,23496,https://cpt.tcgcsv.com/w2K6,2024-11-08T05:08:15.623,1,0.1,0.32,10.0,0.3,,Foil,C,OP06-079,"[Activate:Main] <strong>You may trash 1 card from your hand and rest this Stage</strong>: Look at 3 cards from the top of your deck; reveal up to 1 card with a type including ""GERMA"" and add it to your hand. Then, place the rest at the bottom of your deck in any order.",Purple,Stage,1,,Kingdom of GERMA,,,
587705,DON!! Card (Enel) (Gold),DON Card Enel Gold,https://tcgplayer-cdn.tcgplayer.com/product/587705_200w.jpg,68,23496,https://cpt.tcgcsv.com/76K6,2024-11-08T05:08:15.623,1,200.0,250.0,1000.0,156.07,,Foil,DON!!,,Your Turn +1000,,DON!!,,,,,,
587706,DON!! Card (Luffy) (Gold),DON Card Luffy Gold,https://tcgplayer-cdn.tcgplayer.com/product/587706_200w.jpg,68,23496,https://cpt.tcgcsv.com/86K6,2024-11-12T20:55:28.253,1,294.99,300.0,400.0,238.66,,Foil,DON!!,,Your Turn +1000,,DON!!,,,,,,
587708,Shanks (Manga),Shanks Manga,https://tcgplayer-cdn.tcgplayer.com/product/587708_200w.jpg,68,23496,https://cpt.tcgcsv.com/b6K6,2024-11-08T22:15:02.47,1,100000.0,100000.0,100000.0,1250.0,,Foil,SEC,OP01-120,"[Rush] <em>(This card can attack on the turn in which it is played.)</em>
<br>
[When Attacking] Your opponent cannot activate a [Blocker] Character that has 2000 or less power during this battle.
<br><span style=""color:red"">Disclaimer: This card was reprinted from the original set without the original textured foil.</span>",Red,Character,9,10000,The Four Emperors;Red-Haired Pirates,,Slash,
587709,Portgas.D.Ace (Manga),PortgasDAce Manga,https://tcgplayer-cdn.tcgplayer.com/product/587709_200w.jpg,68,23496,https://cpt.tcgcsv.com/c6K6,2024-11-08T22:15:24.433,1,3069.0,3069.0,3069.0,1000.0,,Foil,SR,OP02-013,"[On Play] Give up to 2 of your opponent's Characters -3000 power during this turn. Then, if your Leader's type includes ""Whitebeard Pirates"", this Character gains [Rush] during this turn. <em>(This card can attack on the turn in which it is played.)</em>
<br><span style=""color:red"">Disclaimer: This card was reprinted from the original set without the original textured foil.</span>",Red,Character,7,7000,Whitebeard Pirates,,Special,
587710,Sogeking (Manga),Sogeking Manga,https://tcgplayer-cdn.tcgplayer.com/product/587710_200w.jpg,68,23496,https://cpt.tcgcsv.com/d6K6,2024-11-08T22:15:32.86,1,700.0,799.99,1669.0,584.41,,Foil,SEC,OP03-122,"Also treat this card's name as [Usopp] according to the rules.
<br>
[On Play] Return up to 1 Character with a cost of 6 or less to the owner's hand. Then, draw 2 cards and trash 2 cards from your hand.
<br><span style=""color:red"">Disclaimer: This card was reprinted from the original set without the original textured foil.</span>",Blue,Character,7,6000,Sniper Island,1000,Ranged,
587954,DON!! Card (Big Mom) (Gold),DON Card Big Mom Gold,https://tcgplayer-cdn.tcgplayer.com/product/587954_200w.jpg,68,23496,https://cpt.tcgcsv.com/6cK6,2024-11-14T19:46:29.303,1,71.0,85.0,200.0,55.72,,Foil,DON!!,,Your Turn +1000,,DON!!,,,,,,
587955,DON!! Card (Whitebeard) (Gold),DON Card Whitebeard Gold,https://tcgplayer-cdn.tcgplayer.com/product/587955_200w.jpg,68,23496,https://cpt.tcgcsv.com/7cK6,2024-11-08T05:08:15.623,1,94.0,100.0,200.0,71.98,,Foil,DON!!,,Your Turn +1000,,DON!!,,,,,,
587957,DON!! Card (Ace) (Gold),DON Card Ace Gold,https://tcgplayer-cdn.tcgplayer.com/product/587957_200w.jpg,68,23496,https://cpt.tcgcsv.com/9cK6,2024-11-13T14:20:09.86,1,259.99,301.58,450.0,212.48,,Foil,DON!!,,Your Turn +1000,,DON!!,,,,,,
587958,Sabo (OP04-083) (Manga),Sabo OP04 083 Manga,https://tcgplayer-cdn.tcgplayer.com/product/587958_200w.jpg,68,23496,https://cpt.tcgcsv.com/bcK6,2024-11-08T22:15:49.527,1,818.76,819.99,895.0,650.99,,Foil,SR,OP04-083,"[Blocker] <em>(After your opponent declares an attack, you may rest this card to make it the new target of the attack.)</em>
<br>
[On Play] None of your Characters can be K.O.'d by effects until the start of your next turn. Then, draw 2 cards and trash 2 cards from your hand.
<br><span style=""color:red"">Disclaimer: This card was reprinted from the original set without the original textured foil.</span>",Black,Character,5,6000,Revolutionary Army;Dressrosa,1000,Special,
587959,Trafalgar Law (OP05-069) (Manga),Trafalgar Law OP05 069 Manga,https://tcgplayer-cdn.tcgplayer.com/product/587959_200w.jpg,68,23496,https://cpt.tcgcsv.com/ccK6,2024-11-08T22:16:02.903,1,,,,,,,SR,OP05-069,"[When Attacking] If your opponent has more DON!! cards on their field than you, look at 5 cards from the top of your deck; reveal up to 1 [Heart Pirates] type card and add it to your hand. Then, place the rest at the bottom of your deck in any order.
<br><span style=""color:red"">Disclaimer: This card was reprinted from the original set without the original textured foil.</span>",Purple,Character,3,5000,Heart Pirates,,Slash,
587960,"Eustass""Captain""Kid (OP05-074) (Manga)",EustassCaptainKid OP05 074 Manga,https://tcgplayer-cdn.tcgplayer.com/product/587960_200w.jpg,68,23496,https://cpt.tcgcsv.com/dcK6,2024-11-08T22:16:19.35,1,790.0,793.78,799.99,748.02,,Foil,SR,OP05-074,"[Blocker]
<br>
[Your Turn][Once Per Turn] When a DON!! card on your field is returned to your DON!! deck, add up to 1 DON!! card from your DON!! deck and set it as active.
<br><span style=""color:red"">Disclaimer: This card was reprinted from the original set without the original textured foil.</span>",Purple,Character,5,6000,Kid Pirates,1000,Special,
587962,Tony Tony.Chopper (EB01-006) (Manga),Tony TonyChopper EB01 006 Manga,https://tcgplayer-cdn.tcgplayer.com/product/587962_200w.jpg,68,23496,https://cpt.tcgcsv.com/gcK6,2024-11-08T22:14:50.77,1,6500.0,28250.5,50000.99,2400.0,,Foil,SR,EB01-006,"[Blocker] <em>(After your opponent declares an attack, you may rest this card to make it the new target of the attack.)</em>
<br>
[DON!! x2][When Attacking] Give up to 1 of your opponent's Characters -3000 power during this turn.
<br><span style=""color:red"">Disclaimer: This card was reprinted from the original set without the original textured foil.</span>",Red,Character,3,4000,Animal;Straw Hat Crew,1000,Strike,
587963,Monkey.D.Luffy (OP05-119) (Manga),MonkeyDLuffy OP05 119 Manga,https://tcgplayer-cdn.tcgplayer.com/product/587963_200w.jpg,68,23496,https://cpt.tcgcsv.com/hcK6,2024-11-08T22:16:43.7,1,7499.98,7499.99,7499.99,4250.0,,Foil,SEC,OP05-119,"[On Play] DON!! -10: Place all of your Characters except this Character at the bottom of your deck in any order. Then, take an extra turn after this one.
<br>
[Activate:Main][Once Per Turn] (1): Add up to 1 DON!! card from your DON!! deck and set it as active.
<br><span style=""color:red"">Disclaimer: This card was reprinted from the original set without the original textured foil.</span>",Purple,Character,10,12000,Straw Hat Crew;The Four Emperors,,Strike,
587964,Roronoa Zoro (Manga),Roronoa Zoro Manga,https://tcgplayer-cdn.tcgplayer.com/product/587964_200w.jpg,68,23496,https://cpt.tcgcsv.com/jcK6,2024-11-08T22:16:49.987,1,2455.97,2458.0,3000.0,1983.33,,Foil,SEC,OP06-118,"[When Attacking][Once Per Turn](1)<em>(You may rest the specified number of DON!! cards in your cost area.)</em>: Set this Character as active.
<br>
[Activate:Main][Once Per Turn](2)<em>(You may rest the specified number of DON!! cards in your cost area.)</em>: Set this Character as active.
<br><span style=""color:red"">Disclaimer: This card was reprinted from the original set without the original textured foil.</span>",Green,Character,9,9000,Straw Hat Crew,,Slash,
587966,Nami (OP01-016) (Manga),Nami OP01 016 Manga,https://tcgplayer-cdn.tcgplayer.com/product/587966_200w.jpg,68,23496,https://cpt.tcgcsv.com/lcK6,2024-11-08T05:08:15.623,1,2199.99,2699.99,100000.0,2012.04,,Foil,R,OP01-016,"[On Play] Look at 5 cards from the top of your deck; reveal up to 1 ""Straw Hat Crew"" type Character card other than [Nami] and add it to your hand. Then, place the rest at the bottom of your deck in any order.",Red,Character,1,2000,Straw Hat Crew,2000,Special,
593270,Otama (Full Art),Otama Full Art,https://tcgplayer-cdn.tcgplayer.com/product/593270_200w.jpg,68,23496,https://cpt.tcgcsv.com/qkM6,2024-11-08T05:08:15.623,1,5.88,8.95,28.2,7.22,,Foil,UC,OP01-006,[On Play] Give up to 1 of your opponent's Characters -2000 power during this turn.,Red,Character,1,0,Land of Wano,2000,Special,
593272,Radical Beam!! (Jolly Roger Foil),Radical Beam Jolly Roger Foil,https://tcgplayer-cdn.tcgplayer.com/product/593272_200w.jpg,68,23496,https://cpt.tcgcsv.com/skM6,2024-11-08T05:08:15.623,1,0.2,0.8,50.0,0.44,,Foil,UC,OP01-029,"[Counter] Up to 1 of your Leader or Character cards gains +2000 power during this battle. Then, if you have 2 or less Life cards, that card gains an additional +2000 power.
<br><br>
<a href=""https://en.onepiece-cardgame.com/rules/errata_card/#group_20221111-17"">This card has been officially errata'd.</a>",Red,Event,1,,Straw Hat Crew,,,
593284,Izo (OP01-033) (Full Art),Izo OP01 033 Full Art,https://tcgplayer-cdn.tcgplayer.com/product/593284_200w.jpg,68,23496,https://cpt.tcgcsv.com/JkM6,2024-11-17T15:17:47.79,1,1.75,2.53,20.0,1.84,,Foil,UC,OP01-033,[On Play] Rest up to 1 of your opponent's Characters with a cost of 4 or less.,Green,Character,3,3000,Former Whitebeard Pirates;Land of Wano,2000,Ranged,
593285,Izo (OP01-033) (Alternate Art),Izo OP01 033 Alternate Art,https://tcgplayer-cdn.tcgplayer.com/product/593285_200w.jpg,68,23496,https://cpt.tcgcsv.com/KkM6,2024-11-08T05:08:15.623,1,4.71,6.38,40.0,5.7,,Foil,UC,OP01-033,[On Play] Rest up to 1 of your opponent's Characters with a cost of 4 or less.,Green,Character,3,3000,Former Whitebeard Pirates;Land of Wano,2000,Ranged,
593286,Kouzuki Momonosuke (Full Art),Kouzuki Momonosuke Full Art,https://tcgplayer-cdn.tcgplayer.com/product/593286_200w.jpg,68,23496,https://cpt.tcgcsv.com/LkM6,2024-11-17T15:17:32.92,1,0.75,1.5,9.99,1.08,,Foil,R,OP01-041,"[Activate:Main] (1) <em>(You may rest the specified number of DON!! cards in your cost area)</em> <strong>You may rest this Character:</strong> Look at 5 cards from the top of your deck; reveal up to 1 ""Land of Wano"" type card and add it to your hand. Then, place the rest at the bottom of your deck in any order.
<br>
<br><br>
<br>
<a href=""https://en.onepiece-cardgame.com/rules/errata_card/#group_20221111-26"">This card has been officially errata'd.</a>",Green,Character,1,0,Land of Wano;Kouzuki Clan,1000,Slash,
593291,Raizo (Jolly Roger Foil),Raizo Jolly Roger Foil,https://tcgplayer-cdn.tcgplayer.com/product/593291_200w.jpg,68,23496,https://cpt.tcgcsv.com/RkM6,2024-11-08T05:08:15.623,1,0.03,0.25,5.0,0.2,,Foil,UC,OP01-052,"[When Attacking] [Once Per Turn] If you have 2 or more rested Characters, draw 1 card.",Green,Character,3,4000,Land of Wano;The Akazaya Nine,1000,Slash,
593292,Raizo (Full Art),Raizo Full Art,https://tcgplayer-cdn.tcgplayer.com/product/593292_200w.jpg,68,23496,https://cpt.tcgcsv.com/SkM6,2024-11-08T18:13:58.727,1,1.24,2.0,19.99,1.39,,Foil,UC,OP01-052,"[When Attacking] [Once Per Turn] If you have 2 or more rested Characters, draw 1 card.",Green,Character,3,4000,Land of Wano;The Akazaya Nine,1000,Slash,
593295,Makino (Jolly Roger Foil),Makino Jolly Roger Foil,https://tcgplayer-cdn.tcgplayer.com/product/593295_200w.jpg,68,23496,https://cpt.tcgcsv.com/WkM6,2024-11-08T05:08:15.623,1,0.15,0.41,10.0,0.38,,Foil,UC,OP02-015,[Activate:Main] <strong>You may rest this Character</strong>: Up to 1 of your red Characters with a cost of 1 gains +3000 power during this turn.,Red,Character,1,0,Windmill Village,2000,Wisdom,
593296,Makino (Full Art),Makino Full Art,https://tcgplayer-cdn.tcgplayer.com/product/593296_200w.jpg,68,23496,https://cpt.tcgcsv.com/XkM6,2024-11-08T05:08:15.623,1,3.35,4.65,19.99,3.72,,Foil,UC,OP02-015,[Activate:Main] <strong>You may rest this Character</strong>: Up to 1 of your red Characters with a cost of 1 gains +3000 power during this turn.,Red,Character,1,0,Windmill Village,2000,Wisdom,
593297,Marco (Full Art),Marco Full Art,https://tcgplayer-cdn.tcgplayer.com/product/593297_200w.jpg,68,23496,https://cpt.tcgcsv.com/ZkM6,2024-11-08T05:08:15.623,1,5.31,9.5,19.99,8.12,,Foil,R,OP02-018,"[Blocker] <em>(After your opponent declares an attack, you may rest this card to make it the new target of the attack.)</em>
<br>
<br>
<br>
[On K.O.] <strong>You may trash 1 card with a type including ""Whitebeard Pirates"" from your hand</strong>: If you have 2 or less Life cards, play this Character card from your trash rested.",Red,Character,4,5000,Whitebeard Pirates,1000,Special,
593299,Tsuru (Jolly Roger Foil),Tsuru Jolly Roger Foil,https://tcgplayer-cdn.tcgplayer.com/product/593299_200w.jpg,68,23496,https://cpt.tcgcsv.com/_kM6,2024-11-08T05:08:15.623,1,0.1,0.32,10.0,0.25,,Foil,UC,OP02-106,[On Play] Give up to 1 of your opponent's Characters -2 cost during this turn.,Black,Character,1,0,Navy,2000,Wisdom,
593300,Tsuru (Full Art),Tsuru Full Art,https://tcgplayer-cdn.tcgplayer.com/product/593300_200w.jpg,68,23496,https://cpt.tcgcsv.com/0lM6,2024-11-08T05:08:15.623,1,1.43,3.0,40.0,1.89,,Foil,UC,OP02-106,[On Play] Give up to 1 of your opponent's Characters -2 cost during this turn.,Black,Character,1,0,Navy,2000,Wisdom,
593302,Ice Age (Jolly Roger Foil),Ice Age Jolly Roger Foil,https://tcgplayer-cdn.tcgplayer.com/product/593302_200w.jpg,68,23496,https://cpt.tcgcsv.com/3lM6,2024-11-08T05:08:15.623,1,0.05,0.33,10.0,0.31,,Foil,UC,OP02-117,"[Main] Give up to 1 of your opponent's Characters -5 cost during this turn.
<br>
[Trigger] K.O. up to 1 of your opponent's Characters with a cost of 3 or less.",Black,Event,1,,Navy,,,
593303,Kuzan (OP02-121) (Alternate Art),Kuzan OP02 121 Alternate Art,https://tcgplayer-cdn.tcgplayer.com/product/593303_200w.jpg,68,23496,https://cpt.tcgcsv.com/5lM6,2024-11-08T21:30:01.887,1,14.9,18.29,59.99,15.9,,Foil,SEC,OP02-121,"[Your Turn] Give all of your opponent's Characters -5 cost.
<br>
[On Play] K.O. up to 1 of your opponent's Characters with a cost of 0.",Black,Character,10,10000,Former Navy,,Special,
593304,Izo (OP03-003) (Full Art),Izo OP03 003 Full Art,https://tcgplayer-cdn.tcgplayer.com/product/593304_200w.jpg,68,23496,https://cpt.tcgcsv.com/6lM6,2024-11-08T05:08:15.623,1,2.0,3.5,14.99,3.32,,Foil,R,OP03-003,"[On Play] Look at 5 cards from the top of your deck; reveal up to 1 card with a type including ""Whitebeard Pirates"" other than [Izo] and add it to your hand. Then, place the rest at the bottom of your deck in any order.",Red,Character,1,2000,Land of Wano;Whitebeard Pirates,1000,Ranged,
593306,Gum-Gum Giant Gavel (Jolly Roger Foil),Gum Gum Giant Gavel Jolly Roger Foil,https://tcgplayer-cdn.tcgplayer.com/product/593306_200w.jpg,68,23496,https://cpt.tcgcsv.com/8lM6,2024-11-08T05:08:15.623,1,0.01,0.25,5.0,0.17,,Foil,C,OP03-055,"[Counter] <strong>You may trash 1 card from your hand</strong>: Up to 1 of your Leader gains +4000 power during this battle. Then, you may trash 2 cards from the top of your deck.
<br>
[Trigger] Return up to 1 Character with a cost of 4 or less to the owner's hand.",Blue,Event,1,,Straw Hat Crew;East Blue,,,
593307,Sanji's Pilaf (Alternate Art),Sanjis Pilaf Alternate Art,https://tcgplayer-cdn.tcgplayer.com/product/593307_200w.jpg,68,23496,https://cpt.tcgcsv.com/9lM6,2024-11-08T05:08:15.623,1,11.26,14.54,120.0,13.55,,Foil,UC,OP03-056,"[Main] Draw 2 cards.
<br>
<br>
<br>
[Trigger] Activate this card's [Main] effect.",Blue,Event,3,,East Blue,,,
593309,Kalifa (Jolly Roger Foil),Kalifa Jolly Roger Foil,https://tcgplayer-cdn.tcgplayer.com/product/593309_200w.jpg,68,23496,https://cpt.tcgcsv.com/clM6,2024-11-08T05:08:15.623,1,0.08,0.25,20.16,0.16,,Foil,UC,OP03-060,[When Attacking] DON!! -1 <em>(You may return the specified number of DON!! cards from your field to your DON!! deck.)</em>: Draw 2 cards and trash 1 card from your hand.,Purple,Character,4,4000,Galley-La Company;Water Seven,2000,Wisdom,
593310,Kalifa (Full Art),Kalifa Full Art,https://tcgplayer-cdn.tcgplayer.com/product/593310_200w.jpg,68,23496,https://cpt.tcgcsv.com/dlM6,2024-11-08T05:08:15.623,1,2.0,3.0,40.0,2.55,,Foil,UC,OP03-060,[When Attacking] DON!! -1 <em>(You may return the specified number of DON!! cards from your field to your DON!! deck.)</em>: Draw 2 cards and trash 1 card from your hand.,Purple,Character,4,4000,Galley-La Company;Water Seven,2000,Wisdom,
593311,Vergo (Jolly Roger Foil),Vergo Jolly Roger Foil,https://tcgplayer-cdn.tcgplayer.com/product/593311_200w.jpg,68,23496,https://cpt.tcgcsv.com/flM6,2024-11-08T05:08:15.623,1,0.01,0.25,5.99,0.19,,Foil,UC,OP03-079,[DON!! x1] This Character cannot be K.O.'d in battle.,Black,Character,5,5000,Donquixote Pirates;Navy,2000,Strike,
593313,Vergo (Full Art),Vergo Full Art,https://tcgplayer-cdn.tcgplayer.com/product/593313_200w.jpg,68,23496,https://cpt.tcgcsv.com/hlM6,2024-11-08T05:08:15.623,1,0.9,2.49,19.99,1.47,,Foil,UC,OP03-079,[DON!! x1] This Character cannot be K.O.'d in battle.,Black,Character,5,5000,Donquixote Pirates;Navy,2000,Strike,
593315,Brannew (Alternate Art),Brannew Alternate Art,https://tcgplayer-cdn.tcgplayer.com/product/593315_200w.jpg,68,23496,https://cpt.tcgcsv.com/klM6,2024-11-08T05:08:15.623,1,2.38,4.88,49.99,4.04,,Foil,R,OP03-089,"[On Play] Look at 3 cards from the top of your deck; reveal up to 1 [Navy] type card other than [Brannew] and add it to your hand. Then, trash the rest.",Black,Character,2,3000,Navy,1000,Wisdom,
593316,Air Door (Jolly Roger Foil),Air Door Jolly Roger Foil,https://tcgplayer-cdn.tcgplayer.com/product/593316_200w.jpg,68,23496,https://cpt.tcgcsv.com/llM6,2024-11-08T05:08:15.623,1,0.05,0.25,5.0,0.17,,Foil,UC,OP03-094,"[Main] If your Leader's type includes ""CP"", look at 5 cards from the top of your deck; play up to 1 Character card with a type including ""CP"" and a cost of 5 or less. Then, trash the rest.
<br>
[Trigger] Play up to 1 black Character card with a cost of 3 or less from your trash.",Black,Event,4,,CP9,,,
593318,Charlotte Smoothie (Full Art),Charlotte Smoothie Full Art,https://tcgplayer-cdn.tcgplayer.com/product/593318_200w.jpg,68,23496,https://cpt.tcgcsv.com/nlM6,2024-11-08T05:08:15.623,1,4.0,5.0,15.0,4.75,,Foil,R,OP03-110,[When Attacking] <strong>You may add 1 card from the top or bottom of your Life cards to your hand</strong>: This Character gains +2000 power during this battle.,Yellow,Character,4,5000,Big Mom Pirates,1000,Special,
593358,Thunder Bolt (Jolly Roger Foil),Thunder Bolt Jolly Roger Foil,https://tcgplayer-cdn.tcgplayer.com/product/593358_200w.jpg,68,23496,https://cpt.tcgcsv.com/bmM6,2024-11-08T05:08:15.623,1,0.01,0.2,5.0,0.15,,Foil,C,OP03-121,"[Main] <strong>You may trash 1 card from the top of your Life cards</strong>: K.O. up to 1 of your opponent's Characters with a cost of 5 or less.
<br>
[Trigger] K.O. up to 1 of your opponent's Characters with a cost of 5 or less.",Yellow,Event,2,,The Four Emperors;Big Mom Pirates,,,
593361,Dellinger (Jolly Roger Foil),Dellinger Jolly Roger Foil,https://tcgplayer-cdn.tcgplayer.com/product/593361_200w.jpg,68,23496,https://cpt.tcgcsv.com/fmM6,2024-11-08T05:08:15.623,1,0.01,0.21,5.0,0.12,,Foil,C,OP04-029,[End of Your Turn] Set up to 1 of your DON!! cards as active.,Green,Character,3,4000,Donquixote Pirates,1000,Strike,
593362,Dellinger (Full Art),Dellinger Full Art,https://tcgplayer-cdn.tcgplayer.com/product/593362_200w.jpg,68,23496,https://cpt.tcgcsv.com/gmM6,2024-11-08T05:08:15.623,1,1.6,3.5,20.98,1.62,,Foil,C,OP04-029,[End of Your Turn] Set up to 1 of your DON!! cards as active.,Green,Character,3,4000,Donquixote Pirates,1000,Strike,
593430,Donquixote Family (Jolly Roger Foil),Donquixote Family Jolly Roger Foil,https://tcgplayer-cdn.tcgplayer.com/product/593430_200w.jpg,68,23496,https://cpt.tcgcsv.com/DnM6,2024-11-08T05:08:15.623,1,0.01,0.21,5.0,0.18,,Foil,C,OP04-036,"[Counter] Look at 5 cards from the top of your deck; reveal up to 1 [Donquixote Pirates] type card and add it to your hand. Then, place the rest at the bottom of your deck in any order.
<br>
[Trigger] Activate this card's [Counter] effect.",Green,Event,1,,Donquixote Pirates,,,
593431,Bartolomeo (OP04-089) (Full Art),Bartolomeo OP04 089 Full Art,https://tcgplayer-cdn.tcgplayer.com/product/593431_200w.jpg,68,23496,https://cpt.tcgcsv.com/FnM6,2024-11-08T05:08:15.623,1,2.5,4.5,23.0,3.94,,Foil,R,OP04-089,"[Blocker] <em>(After your opponent declares an attack, you may rest this card to make it the new target of the attack.)</em>",Black,Character,3,3000,Dressrosa;Barto Club,2000,Special,
593432,Barrier!! (Jolly Roger Foil),Barrier Jolly Roger Foil,https://tcgplayer-cdn.tcgplayer.com/product/593432_200w.jpg,68,23496,https://cpt.tcgcsv.com/GnM6,2024-11-08T05:08:15.623,1,0.01,0.2,5.0,0.18,,Foil,C,OP04-095,"[Counter] Up to 1 of your Leader or Character cards gains +2000 power during this battle. Then, if you have 15 or more cards in your trash, that card gains an additional +2000 power during this battle.
<br>
[Trigger] Draw 2 cards and trash 1 card from your hand.",Black,Event,1,,Dressrosa;Barto Club,,,
593433,"Capone""Gang""Bege (OP04-100) (Full Art)",CaponeGangBege OP04 100 Full Art,https://tcgplayer-cdn.tcgplayer.com/product/593433_200w.jpg,68,23496,https://cpt.tcgcsv.com/HnM6,2024-11-08T05:08:15.623,1,1.84,2.69,19.0,2.13,,Foil,R,OP04-100,[Trigger] Up to 1 of your opponent's Leader or Character cards cannot attack during this turn.,Yellow,Character,3,3000,Firetank Pirates,2000,Ranged,
593434,Nico Robin (Jolly Roger Foil),Nico Robin Jolly Roger Foil,https://tcgplayer-cdn.tcgplayer.com/product/593434_200w.jpg,68,23496,https://cpt.tcgcsv.com/JnM6,2024-11-08T05:08:15.623,1,3.0,4.56,100.0,4.28,,Foil,UC,OP05-010,[On Play] K.O. up to 1 of your opponent's Characters with 1000 power or less.,Red,Character,1,2000,Straw Hat Crew,1000,Strike,
593435,Nico Robin (Full Art),Nico Robin Full Art,https://tcgplayer-cdn.tcgplayer.com/product/593435_200w.jpg,68,23496,https://cpt.tcgcsv.com/KnM6,2024-11-08T05:08:15.623,1,47.0,54.61,149.99,46.1,,Foil,UC,OP05-010,[On Play] K.O. up to 1 of your opponent's Characters with 1000 power or less.,Red,Character,1,2000,Straw Hat Crew,1000,Strike,
593436,Belo Betty (Full Art),Belo Betty Full Art,https://tcgplayer-cdn.tcgplayer.com/product/593436_200w.jpg,68,23496,https://cpt.tcgcsv.com/LnM6,2024-11-08T05:08:15.623,1,17.66,20.27,38.0,20.2,,Foil,R,OP05-015,"[On Play] Look at 5 cards from the top of your deck; reveal up to 1 [Revolutionary Army] type card other than [Belo Betty] and add it to your hand. Then, place the rest at the bottom of your deck in any order.",Red,Character,1,2000,Revolutionary Army,1000,Special,
593437,Baby 5 (OP05-034) (Alternate Art),Baby 5 OP05 034 Alternate Art,https://tcgplayer-cdn.tcgplayer.com/product/593437_200w.jpg,68,23496,https://cpt.tcgcsv.com/MnM6,2024-11-08T05:08:15.623,1,11.0,14.59,45.0,12.11,,Foil,R,OP05-034,"[Activate:Main] (1) <em>(You may rest the specified number of DON!! cards in your cost area.)</em> <strong>You may rest this Character</strong>: Look at 5 cards from the top of your deck; reveal up to 1 [Donquixote Pirates] type card and add it to your hand. Then, place the rest at the bottom of your deck in any order.",Green,Character,1,1000,Donquixote Pirates,1000,Special,
593438,Baby 5 (OP04-032) (Jolly Roger Foil),Baby 5 OP04 032 Jolly Roger Foil,https://tcgplayer-cdn.tcgplayer.com/product/593438_200w.jpg,68,23496,https://cpt.tcgcsv.com/NnM6,2024-11-08T05:08:15.623,1,0.1,0.25,5.0,0.24,,Foil,UC,OP04-032,[End of Your Turn] <strong>You may trash this Character</strong>: Set up to 2 of your DON!! cards as active.,Green,Character,1,1000,Donquixote Pirates,2000,Special,
593439,Baby 5 (OP04-032) (Full Art),Baby 5 OP04 032 Full Art,https://tcgplayer-cdn.tcgplayer.com/product/593439_200w.jpg,68,23496,https://cpt.tcgcsv.com/PnM6,2024-11-08T05:08:15.623,1,4.1,5.44,30.0,4.48,,Foil,UC,OP04-032,[End of Your Turn] <strong>You may trash this Character</strong>: Set up to 2 of your DON!! cards as active.,Green,Character,1,1000,Donquixote Pirates,2000,Special,
593464,Miss Doublefinger(Zala) (Jolly Roger Foil),Miss DoublefingerZala Jolly Roger Foil,https://tcgplayer-cdn.tcgplayer.com/product/593464_200w.jpg,68,23496,https://cpt.tcgcsv.com/jpM6,2024-11-08T05:08:15.623,1,0.15,0.38,10.0,0.36,,Foil,UC,OP05-073,"[On Play] <strong>You may trash 1 card from your hand</strong>: Add up to 1 DON!! card from your DON!! deck and rest it.
<br>
[Trigger] DON!! -1 <em>(You may return the specified number of DON!! cards from your field to your DON!! deck.)</em>: Play this card.",Purple,Character,4,4000,Baroque Works,2000,Slash,
593465,Miss Doublefinger(Zala) (Full Art),Miss DoublefingerZala Full Art,https://tcgplayer-cdn.tcgplayer.com/product/593465_200w.jpg,68,23496,https://cpt.tcgcsv.com/kpM6,2024-11-08T05:08:15.623,1,10.68,13.5,31.99,13.23,,Foil,UC,OP05-073,"[On Play] <strong>You may trash 1 card from your hand</strong>: Add up to 1 DON!! card from your DON!! deck and rest it.
<br>
[Trigger] DON!! -1 <em>(You may return the specified number of DON!! cards from your field to your DON!! deck.)</em>: Play this card.",Purple,Character,4,4000,Baroque Works,2000,Slash,
593469,One-Legged Toy Soldier (Full Art),One Legged Toy Soldier Full Art,https://tcgplayer-cdn.tcgplayer.com/product/593469_200w.jpg,68,23496,https://cpt.tcgcsv.com/ppM6,2024-11-08T05:08:15.623,1,8.0,10.77,45.0,8.79,,Foil,UC,OP05-081,[Activate:Main] <strong>You may trash this Character</strong>: Give up to 1 of your opponent's Characters -3 cost during this turn.,Black,Character,2,0,Dressrosa,2000,Strike,
593470,One-Legged Toy Soldier (Alternate Art),One Legged Toy Soldier Alternate Art,https://tcgplayer-cdn.tcgplayer.com/product/593470_200w.jpg,68,23496,https://cpt.tcgcsv.com/qpM6,2024-11-08T05:08:15.623,1,28.0,33.77,100.0,31.93,,Foil,UC,OP05-081,[Activate:Main] <strong>You may trash this Character</strong>: Give up to 1 of your opponent's Characters -3 cost during this turn.,Black,Character,2,0,Dressrosa,2000,Strike,
593472,Shirahoshi (OP05-082) (Alternate Art),Shirahoshi OP05 082 Alternate Art,https://tcgplayer-cdn.tcgplayer.com/product/593472_200w.jpg,68,23496,https://cpt.tcgcsv.com/spM6,2024-11-08T05:08:15.623,1,81.9,87.96,400.0,87.94,,Foil,R,OP05-082,"[Activate:Main] <strong>You may rest this Character and place 2 cards from your trash at the bottom of your deck in any order</strong>: If your opponent has 6 or more cards in their hand, your opponent trashes 1 card from their hand.",Black,Character,1,0,Merfolk,2000,Wisdom,
593473,Shirahoshi (OP03-116) (Jolly Roger Foil),Shirahoshi OP03 116 Jolly Roger Foil,https://tcgplayer-cdn.tcgplayer.com/product/593473_200w.jpg,68,23496,https://cpt.tcgcsv.com/tpM6,2024-11-08T05:08:15.623,1,0.1,0.31,10.0,0.28,,Foil,UC,OP03-116,"[On Play] Draw 3 cards and trash 2 cards from your hand.
<br>
[Trigger] Play this card.",Yellow,Character,5,0,Merfolk,1000,Wisdom,
593474,Shirahoshi (OP03-116) (Full Art),Shirahoshi OP03 116 Full Art,https://tcgplayer-cdn.tcgplayer.com/product/593474_200w.jpg,68,23496,https://cpt.tcgcsv.com/vpM6,2024-11-08T05:08:15.623,1,11.0,17.23,25.0,11.86,,Foil,UC,OP03-116,"[On Play] Draw 3 cards and trash 2 cards from your hand.
<br>
[Trigger] Play this card.",Yellow,Character,5,0,Merfolk,1000,Wisdom,
593476,Satori (Full Art),Satori Full Art,https://tcgplayer-cdn.tcgplayer.com/product/593476_200w.jpg,68,23496,https://cpt.tcgcsv.com/xpM6,2024-11-08T05:08:15.623,1,4.08,8.35,19.5,7.71,,Foil,R,OP05-105,[Trigger] <strong>You may trash 1 card from your hand</strong>: Play this card.,Yellow,Character,5,5000,Sky Island;Vassals,2000,Strike,
593477,El Thor (Jolly Roger Foil),El Thor Jolly Roger Foil,https://tcgplayer-cdn.tcgplayer.com/product/593477_200w.jpg,68,23496,https://cpt.tcgcsv.com/zpM6,2024-11-08T05:08:15.623,1,0.05,0.28,5.99,0.25,,Foil,UC,OP05-114,"[Counter] Up to 1 of your Leader or Character cards gains +2000 power during this battle. Then, if your opponent has 2 or less Life cards, that card gains an additional +2000 power during this battle.
<br>
[Trigger] K.O. up to 1 of your opponent's Characters with a cost equal to or less than the number of your opponent's Life Cards.",Yellow,Event,1,,Sky Island,,,
593479,Upper Yard (Alternate Art),Upper Yard Alternate Art,https://tcgplayer-cdn.tcgplayer.com/product/593479_200w.jpg,68,23496,https://cpt.tcgcsv.com/CpM6,2024-11-08T05:08:15.623,1,36.31,45.22,300.0,36.12,,Foil,UC,OP05-117,"[On Play] Look at the top 5 cards of your deck; reveal up to 1 [Sky Island] type card and add it to your hand. Then, place the rest at the bottom of your deck in any order.",Yellow,Stage,1,,Sky Island,,,
593480,Kaido (OP05-118) (Alternate Art),Kaido OP05 118 Alternate Art,https://tcgplayer-cdn.tcgplayer.com/product/593480_200w.jpg,68,23496,https://cpt.tcgcsv.com/DpM6,2024-11-08T05:08:15.623,1,36.0,44.5,350.0,40.64,,Foil,SEC,OP05-118,[On Play] Draw 4 cards if your opponent has 3 or less Life cards.,Blue,Character,10,12000,Animal Kingdom Pirates;The Four Emperors,,Special,
593482,Emporio.Ivankov (Jolly Roger Foil),EmporioIvankov Jolly Roger Foil,https://tcgplayer-cdn.tcgplayer.com/product/593482_200w.jpg,68,23496,https://cpt.tcgcsv.com/GpM6,2024-11-08T05:08:15.623,1,0.05,0.36,10.0,0.32,,Foil,UC,OP06-003,"[On Play] Look at 3 cards from the top of your deck and play up to 1 [Revolutionary Army] type Character card with 5000 power or less. Then, place the rest at the bottom of your deck in any order.",Red,Character,5,6000,Revolutionary Army,,Special,
593483,Emporio.Ivankov (Full Art),EmporioIvankov Full Art,https://tcgplayer-cdn.tcgplayer.com/product/593483_200w.jpg,68,23496,https://cpt.tcgcsv.com/HpM6,2024-11-08T05:08:15.623,1,16.79,26.15,69.69,17.95,,Foil,UC,OP06-003,"[On Play] Look at 3 cards from the top of your deck and play up to 1 [Revolutionary Army] type Character card with 5000 power or less. Then, place the rest at the bottom of your deck in any order.",Red,Character,5,6000,Revolutionary Army,,Special,
593485,Arlong (Full Art),Arlong Full Art,https://tcgplayer-cdn.tcgplayer.com/product/593485_200w.jpg,68,23496,https://cpt.tcgcsv.com/KpM6,2024-11-08T05:08:15.623,1,1.59,3.13,19.99,2.68,,Foil,R,OP06-023,"[On Play] <strong>You may trash 1 card from your hand:</strong> Up to 1 of your opponent's rested Leader cannot attack until the end of your opponent's next turn.
<br>[Trigger] Rest up to 1 of your opponent's Characters with a cost of 4 or less.",Green,Character,4,6000,Fish-Man;Arlong Pirates;East Blue,,Slash,
593486,Arlong (Alternate Art),Arlong Alternate Art,https://tcgplayer-cdn.tcgplayer.com/product/593486_200w.jpg,68,23496,https://cpt.tcgcsv.com/LpM6,2024-11-08T05:08:15.623,1,7.4,10.09,33.0,8.98,,Foil,R,OP06-023,"[On Play] <strong>You may trash 1 card from your hand:</strong> Up to 1 of your opponent's rested Leader cannot attack until the end of your opponent's next turn.
<br>[Trigger] Rest up to 1 of your opponent's Characters with a cost of 4 or less.",Green,Character,4,6000,Fish-Man;Arlong Pirates;East Blue,,Slash,
593488,Hody Jones (Alternate Art),Hody Jones Alternate Art,https://tcgplayer-cdn.tcgplayer.com/product/593488_200w.jpg,68,23496,https://cpt.tcgcsv.com/NpM6,2024-11-08T05:08:15.623,1,26.99,31.31,120.0,27.81,,Foil,SR,OP06-035,"[Rush] <em>(This card can attack on the turn in which it is played.)</em>
<br>[On Play] Rest up to a total of 2 of your opponent's Characters or DON!! cards. Then, add 1 card from the top of your Life cards to your hand.",Green,Character,7,8000,Fish-Man;New Fish-Man Pirates,,Strike,
593489,Ryuma (Full Art),Ryuma Full Art,https://tcgplayer-cdn.tcgplayer.com/product/593489_200w.jpg,68,23496,https://cpt.tcgcsv.com/PpM6,2024-11-08T05:08:15.623,1,6.8,9.12,22.99,8.65,,Foil,R,OP06-036,[On Play] / [On K.O.] K.O. up to 1 of your opponent's rested Characters with a cost of 4 or less.,Green,Character,4,6000,Land of Wano;Thriller Bark Pirates,,Slash,
593490,Ryuma (Alternate Art),Ryuma Alternate Art,https://tcgplayer-cdn.tcgplayer.com/product/593490_200w.jpg,68,23496,https://cpt.tcgcsv.com/QpM6,2024-11-08T05:08:15.623,1,20.0,25.8,199.99,24.0,,Foil,R,OP06-036,[On Play] / [On K.O.] K.O. up to 1 of your opponent's rested Characters with a cost of 4 or less.,Green,Character,4,6000,Land of Wano;Thriller Bark Pirates,,Slash,
593491,The Billion-fold World Trichiliocosm (Jolly Roger Foil),The Billion fold World Trichiliocosm Jolly Roger Foil,https://tcgplayer-cdn.tcgplayer.com/product/593491_200w.jpg,68,23496,https://cpt.tcgcsv.com/RpM6,2024-11-08T05:08:15.623,1,0.02,0.36,5.0,0.36,,Foil,UC,OP06-038,"[Counter] Up to 1 of your Leader or Character cards gains +2000 power during this battle. Then, if you have 8 or more rested cards, that card gains an additional +2000 power during this battle.
<br>
[Trigger] K.O. up to 1 of your opponent's rested Characters with a cost of 3 or less.",Green,Event,1,,Straw Hat Crew;Dressrosa,,,
593493,Ama no Murakumo Sword (Jolly Roger Foil),Ama no Murakumo Sword Jolly Roger Foil,https://tcgplayer-cdn.tcgplayer.com/product/593493_200w.jpg,68,23496,https://cpt.tcgcsv.com/TpM6,2024-11-08T05:08:15.623,1,0.01,0.25,5.0,0.2,,Foil,UC,OP06-056,[Main] Place up to 1 of your opponent's Characters with a cost of 2 or less and up to 1 of your opponent's Characters with a cost of 1 or less at the bottom of the owner's deck in any order.,Blue,Event,2,,Navy,,,
593500,Vinsmoke Ichiji (OP06-060) (Jolly Roger Foil),Vinsmoke Ichiji OP06 060 Jolly Roger Foil,https://tcgplayer-cdn.tcgplayer.com/product/593500_200w.jpg,68,23496,https://cpt.tcgcsv.com/0qM6,2024-11-08T05:08:15.623,1,0.01,0.25,5.0,0.17,,Foil,C,OP06-060,"[Activate:Main] DON!! -1 <em>(You may return the specified number of DON!! cards from your field to your DON!! deck.)</em><strong>You may trash this Character</strong>: If your Leader has the [GERMA 66] type, play up to 1 [Vinsmoke Ichiji] with a cost of 7 from your hand or trash.",Purple,Character,4,4000,The Vinsmoke Family;GERMA 66,1000,Strike,
593501,Vinsmoke Ichiji (OP06-060) (Full Art),Vinsmoke Ichiji OP06 060 Full Art,https://tcgplayer-cdn.tcgplayer.com/product/593501_200w.jpg,68,23496,https://cpt.tcgcsv.com/2qM6,2024-11-08T05:08:15.623,1,10.49,17.56,62.95,12.45,,Foil,C,OP06-060,"[Activate:Main] DON!! -1 <em>(You may return the specified number of DON!! cards from your field to your DON!! deck.)</em><strong>You may trash this Character</strong>: If your Leader has the [GERMA 66] type, play up to 1 [Vinsmoke Ichiji] with a cost of 7 from your hand or trash.",Purple,Character,4,4000,The Vinsmoke Family;GERMA 66,1000,Strike,
593506,Vinsmoke Niji (OP06-064) (Jolly Roger Foil),Vinsmoke Niji OP06 064 Jolly Roger Foil,https://tcgplayer-cdn.tcgplayer.com/product/593506_200w.jpg,68,23496,https://cpt.tcgcsv.com/8qM6,2024-11-08T05:08:15.623,1,0.02,0.25,5.0,0.15,,Foil,C,OP06-064,"[Activate:Main] DON!! -1 <em>(You may return the specified number of DON!! cards from your field to your DON!! deck.)</em><strong>You may trash this Character</strong>: If your Leader has the [GERMA 66] type, play up to 1 [Vinsmoke Niji] with a cost of 5 from your hand or trash.",Purple,Character,3,3000,The Vinsmoke Family;GERMA 66,1000,Special,
593507,Vinsmoke Niji (OP06-064) (Full Art),Vinsmoke Niji OP06 064 Full Art,https://tcgplayer-cdn.tcgplayer.com/product/593507_200w.jpg,68,23496,https://cpt.tcgcsv.com/9qM6,2024-11-27T14:44:20.903,1,4.0,5.03,19.99,4.32,,Foil,C,OP06-064,"[Activate:Main] DON!! -1 <em>(You may return the specified number of DON!! cards from your field to your DON!! deck.)</em><strong>You may trash this Character</strong>: If your Leader has the [GERMA 66] type, play up to 1 [Vinsmoke Niji] with a cost of 5 from your hand or trash.",Purple,Character,3,3000,The Vinsmoke Family;GERMA 66,1000,Special,
593508,Vinsmoke Niji (OP06-065) (Alternate Art),Vinsmoke Niji OP06 065 Alternate Art,https://tcgplayer-cdn.tcgplayer.com/product/593508_200w.jpg,68,23496,https://cpt.tcgcsv.com/bqM6,2024-11-08T05:08:15.623,1,7.25,9.56,59.99,9.27,,Foil,R,OP06-065,"[On Play] If the number of DON!! cards on your field is equal to or less than the number on your opponent's field, choose one: 
<br>• K.O. up to 1 of your opponent's Characters with a cost of 2 or less.
<br>• Return up to 1 of your opponent's Characters with a cost of 4 or less to the owner's hand.",Purple,Character,5,6000,The Vinsmoke Family;GERMA 66,1000,Special,
593553,Vinsmoke Yonji (OP06-066) (Jolly Roger Foil),Vinsmoke Yonji OP06 066 Jolly Roger Foil,https://tcgplayer-cdn.tcgplayer.com/product/593553_200w.jpg,68,23496,https://cpt.tcgcsv.com/5rM6,2024-11-08T05:08:15.623,1,0.05,0.23,5.0,0.15,,Foil,C,OP06-066,"[Activate:Main] DON!! -1 <em>(You may return the specified number of DON!! cards from your field to your DON!! deck.)</em><strong>You may trash this Character</strong>: If your Leader has the [GERMA 66] type, play up to 1 [Vinsmoke Yonji] with a cost of 4 from your hand or trash.",Purple,Character,2,2000,The Vinsmoke Family;GERMA 66,1000,Strike,
593554,Vinsmoke Yonji (OP06-066) (Full Art),Vinsmoke Yonji OP06 066 Full Art,https://tcgplayer-cdn.tcgplayer.com/product/593554_200w.jpg,68,23496,https://cpt.tcgcsv.com/6rM6,2024-11-08T05:08:15.623,1,3.5,4.99,45.0,4.71,,Foil,C,OP06-066,"[Activate:Main] DON!! -1 <em>(You may return the specified number of DON!! cards from your field to your DON!! deck.)</em><strong>You may trash this Character</strong>: If your Leader has the [GERMA 66] type, play up to 1 [Vinsmoke Yonji] with a cost of 4 from your hand or trash.",Purple,Character,2,2000,The Vinsmoke Family;GERMA 66,1000,Strike,
593555,Vinsmoke Yonji (OP06-067) (Full Art),Vinsmoke Yonji OP06 067 Full Art,https://tcgplayer-cdn.tcgplayer.com/product/593555_200w.jpg,68,23496,https://cpt.tcgcsv.com/7rM6,2024-11-08T05:08:15.623,1,2.49,4.4,15.0,3.15,,Foil,R,OP06-067,"If the number of DON!! cards on your field is equal to or less than the number on your opponent's field, this Character gains +1000 power.
<br>[Blocker] <em>(After your opponent declares an attack, you may rest this card to make it the new target of the attack.)</em>",Purple,Character,4,5000,The Vinsmoke Family;GERMA 66,1000,Strike,
593558,Vinsmoke Reiju (OP06-068) (Jolly Roger Foil),Vinsmoke Reiju OP06 068 Jolly Roger Foil,https://tcgplayer-cdn.tcgplayer.com/product/593558_200w.jpg,68,23496,https://cpt.tcgcsv.com/brM6,2024-11-08T05:08:15.623,1,0.2,0.61,50.0,0.71,,Foil,C,OP06-068,"[Activate:Main] DON!! -1 <em>(You may return the specified number of DON!! cards from your field to your DON!! deck.)</em><strong>You may trash this Character</strong>: If your Leader has the [GERMA 66] type, play up to 1 [Vinsmoke Reiju] with a cost of 4 from your hand or trash.",Purple,Character,2,2000,The Vinsmoke Family;GERMA 66,1000,Special,
593559,Vinsmoke Reiju (OP06-068) (Full Art),Vinsmoke Reiju OP06 068 Full Art,https://tcgplayer-cdn.tcgplayer.com/product/593559_200w.jpg,68,23496,https://cpt.tcgcsv.com/crM6,2024-11-08T05:08:15.623,1,39.0,45.0,69.0,43.0,,Foil,C,OP06-068,"[Activate:Main] DON!! -1 <em>(You may return the specified number of DON!! cards from your field to your DON!! deck.)</em><strong>You may trash this Character</strong>: If your Leader has the [GERMA 66] type, play up to 1 [Vinsmoke Reiju] with a cost of 4 from your hand or trash.",Purple,Character,2,2000,The Vinsmoke Family;GERMA 66,1000,Special,
593561,Kingdom of GERMA (Alternate Art),Kingdom of GERMA Alternate Art,https://tcgplayer-cdn.tcgplayer.com/product/593561_200w.jpg,68,23496,https://cpt.tcgcsv.com/frM6,2024-11-08T05:08:15.623,1,25.0,31.66,86.99,26.59,,Foil,C,OP06-079,"[Activate:Main] <strong>You may trash 1 card from your hand and rest this Stage</strong>: Look at 3 cards from the top of your deck; reveal up to 1 card with a type including ""GERMA"" and add it to your hand. Then, place the rest at the bottom of your deck in any order.",Purple,Stage,1,,Kingdom of GERMA,,,
593562,Victoria Cindry (Jolly Roger Foil),Victoria Cindry Jolly Roger Foil,https://tcgplayer-cdn.tcgplayer.com/product/593562_200w.jpg,68,23496,https://cpt.tcgcsv.com/grM6,2024-11-08T05:08:15.623,1,0.27,1.03,21.05,0.93,,Foil,UC,OP06-091,"[On Play] If your Leader has the [Thriller Bark Pirates] type, trash 5 cards from the top of your deck.",Black,Character,1,2000,Thriller Bark Pirates,2000,Slash,
593563,Victoria Cindry (Full Art),Victoria Cindry Full Art,https://tcgplayer-cdn.tcgplayer.com/product/593563_200w.jpg,68,23496,https://cpt.tcgcsv.com/hrM6,2024-11-08T05:08:15.623,1,28.0,35.97,89.99,35.33,,Foil,UC,OP06-091,"[On Play] If your Leader has the [Thriller Bark Pirates] type, trash 5 cards from the top of your deck.",Black,Character,1,2000,Thriller Bark Pirates,2000,Slash,
593564,Inuarashi (Jolly Roger Foil),Inuarashi Jolly Roger Foil,https://tcgplayer-cdn.tcgplayer.com/product/593564_200w.jpg,68,23496,https://cpt.tcgcsv.com/jrM6,2024-11-08T05:08:15.623,1,0.07,0.25,5.0,0.15,,Foil,UC,OP06-100,"[DON!! x2][When Attacking] <strong>You may trash 1 card from your hand</strong>: K.O. up to 1 of your opponent's Characters with a cost equal to or less than the number of your opponent's Life cards.
<br>
[Trigger] If your opponent has 3 or less Life cards, play this card.",Yellow,Character,4,5000,Land of Wano;Minks;The Akazaya Nine,1000,Slash,
593565,Inuarashi (Full Art),Inuarashi Full Art,https://tcgplayer-cdn.tcgplayer.com/product/593565_200w.jpg,68,23496,https://cpt.tcgcsv.com/krM6,2024-11-08T05:08:15.623,1,2.5,3.84,24.99,2.93,,Foil,UC,OP06-100,"[DON!! x2][When Attacking] <strong>You may trash 1 card from your hand</strong>: K.O. up to 1 of your opponent's Characters with a cost equal to or less than the number of your opponent's Life cards.
<br>
[Trigger] If your opponent has 3 or less Life cards, play this card.",Yellow,Character,4,5000,Land of Wano;Minks;The Akazaya Nine,1000,Slash,
593567,Nekomamushi (Jolly Roger Foil),Nekomamushi Jolly Roger Foil,https://tcgplayer-cdn.tcgplayer.com/product/593567_200w.jpg,68,23496,https://cpt.tcgcsv.com/mrM6,2024-11-08T05:08:15.623,1,0.05,0.29,5.99,0.26,,Foil,UC,OP06-110,"[DON!! x2] This Character can also attack your opponent's active Characters.
<br>
[Trigger] If your opponent has 3 or less Life cards, play this card.",Yellow,Character,4,5000,Land of Wano;Minks;The Akazaya Nine,1000,Slash,
593568,Nekomamushi (Full Art),Nekomamushi Full Art,https://tcgplayer-cdn.tcgplayer.com/product/593568_200w.jpg,68,23496,https://cpt.tcgcsv.com/nrM6,2024-11-08T05:08:15.623,1,4.19,6.5,25.0,5.07,,Foil,UC,OP06-110,"[DON!! x2] This Character can also attack your opponent's active Characters.
<br>
[Trigger] If your opponent has 3 or less Life cards, play this card.",Yellow,Character,4,5000,Land of Wano;Minks;The Akazaya Nine,1000,Slash,
593569,Wyper (Jolly Roger Foil),Wyper Jolly Roger Foil,https://tcgplayer-cdn.tcgplayer.com/product/593569_200w.jpg,68,23496,https://cpt.tcgcsv.com/prM6,2024-11-08T05:08:15.623,1,0.1,0.25,10.0,0.24,,Foil,UC,OP06-114,"[On Play] <strong>You may place 1 Stage with a cost of 1 at the bottom of the owner's deck</strong>: Look at 5 cards from the top of your deck; reveal up to 1 [Upper Yard] or [Shandian Warrior] type card and add it to your hand. Then, place the rest at the bottom of your deck in any order.",Yellow,Character,5,7000,Sky Island;Shandian Warrior,,Ranged,
593570,Wyper (Full Art),Wyper Full Art,https://tcgplayer-cdn.tcgplayer.com/product/593570_200w.jpg,68,23496,https://cpt.tcgcsv.com/qrM6,2024-11-08T05:08:15.623,1,8.0,10.84,302.54,10.76,,Foil,UC,OP06-114,"[On Play] <strong>You may place 1 Stage with a cost of 1 at the bottom of the owner's deck</strong>: Look at 5 cards from the top of your deck; reveal up to 1 [Upper Yard] or [Shandian Warrior] type card and add it to your hand. Then, place the rest at the bottom of your deck in any order.",Yellow,Character,5,7000,Sky Island;Shandian Warrior,,Ranged,
593571,Koby (Full Art),Koby Full Art,https://tcgplayer-cdn.tcgplayer.com/product/593571_200w.jpg,68,23496,https://cpt.tcgcsv.com/rrM6,2024-11-08T05:08:15.623,1,17.57,18.99,59.97,18.42,,Foil,PR,P-014,"[Blocker] <em>(After your opponent declares an attack, you may rest this card to make it the new target of the attack.)</em>
<br>
<br>
<br>
[Trigger] Play this card.",Red,Character,3,3000,Navy,,Strike,
593572,Nami (P-053) (Full Art),Nami P 053 Full Art,https://tcgplayer-cdn.tcgplayer.com/product/593572_200w.jpg,68,23496,https://cpt.tcgcsv.com/srM6,2024-11-08T05:08:15.623,1,44.98,66.99,149.99,43.58,,Foil,PR,P-053,"[On Play] If you have 3 or less cards in your hand, return up to 1 of your opponent's Characters with a cost of 3 or less to the owner's hand.",Blue,Character,1,1000,Straw Hat Crew,2000,Wisdom,
593573,Monkey.D.Luffy (P-055) (Full Art),MonkeyDLuffy P 055 Full Art,https://tcgplayer-cdn.tcgplayer.com/product/593573_200w.jpg,68,23496,https://cpt.tcgcsv.com/trM6,2024-11-08T05:08:15.623,1,65.0,78.41,369.99,76.82,,Foil,PR,P-055,[On Play] <strong>You may trash 2 cards from your hand</strong>: Your opponent places 1 of their Characters at the bottom of the owner's deck.,Blue,Character,4,5000,Straw Hat Crew,1000,Strike,
593574,Tony Tony.Chopper (ST01-006) (Full Art),Tony TonyChopper ST01 006 Full Art,https://tcgplayer-cdn.tcgplayer.com/product/593574_200w.jpg,68,23496,https://cpt.tcgcsv.com/vrM6,2024-11-08T05:08:15.623,1,93.25,95.99,333.33,63.63,,Foil,C,ST01-006,"[Blocker] <em>(After your opponent declares an attack, you may rest this card to make it the new target of the attack.)</em>",Red,Character,1,1000,Animal;Straw Hat Crew,,Strike,
593575,Tony Tony.Chopper (ST01-006) (Alternate Art),Tony TonyChopper ST01 006 Alternate Art,https://tcgplayer-cdn.tcgplayer.com/product/593575_200w.jpg,68,23496,https://cpt.tcgcsv.com/wrM6,2024-11-08T05:08:15.623,1,53.0,62.0,150.0,65.87,,Foil,C,ST01-006,"[Blocker] <em>(After your opponent declares an attack, you may rest this card to make it the new target of the attack.)</em>",Red,Character,1,1000,Animal;Straw Hat Crew,,Strike,
593576,Guard Point (Jolly Roger Foil),Guard Point Jolly Roger Foil,https://tcgplayer-cdn.tcgplayer.com/product/593576_200w.jpg,68,23496,https://cpt.tcgcsv.com/xrM6,2024-11-08T05:08:15.623,1,0.1,0.36,10.0,0.33,,Foil,C,ST01-014,"[Counter] Up to 1 of your Leader or Character cards gains +3000 power during this battle. 
<br>[Trigger] Up to 1 of your Leader or Character cards gains +1000 power during this turn.",Red,Event,1,,Animal;Straw Hat Crew,,,
593578,"Capone""Gang""Bege (ST02-004) (Full Art)",CaponeGangBege ST02 004 Full Art,https://tcgplayer-cdn.tcgplayer.com/product/593578_200w.jpg,68,23496,https://cpt.tcgcsv.com/BrM6,2024-11-17T15:15:50.65,1,0.61,1.0,8.21,0.96,,Foil,C,ST02-004,"[Blocker] <em>(After your opponent declares an attack, you may rest this card to make it the new target of the attack.)</em>",Green,Character,1,1000,Firetank Pirates;Supernovas,,Special,
593579,"Capone""Gang""Bege (ST02-004) (Alternate Art)",CaponeGangBege ST02 004 Alternate Art,https://tcgplayer-cdn.tcgplayer.com/product/593579_200w.jpg,68,23496,https://cpt.tcgcsv.com/CrM6,2024-11-08T05:08:15.623,1,1.0,2.25,25.0,1.9,,Foil,C,ST02-004,"[Blocker] <em>(After your opponent declares an attack, you may rest this card to make it the new target of the attack.)</em>",Green,Character,1,1000,Firetank Pirates;Supernovas,,Special,
593580,Dracule Mihawk (ST03-005) (Jolly Roger Foil),Dracule Mihawk ST03 005 Jolly Roger Foil,https://tcgplayer-cdn.tcgplayer.com/product/593580_200w.jpg,68,23496,https://cpt.tcgcsv.com/DrM6,2024-11-08T05:08:15.623,1,0.05,0.34,10.0,0.34,,Foil,C,ST03-005,[DON!! x1] [When Attacking] Draw 2 cards and trash 2 cards from your hand.,Blue,Character,4,5000,The Seven Warlords of the Sea,2000,Slash,
593581,Dracule Mihawk (ST03-005) (Full Art),Dracule Mihawk ST03 005 Full Art,https://tcgplayer-cdn.tcgplayer.com/product/593581_200w.jpg,68,23496,https://cpt.tcgcsv.com/FrM6,2024-11-08T05:08:15.623,1,9.99,12.3,31.0,11.21,,Foil,C,ST03-005,[DON!! x1] [When Attacking] Draw 2 cards and trash 2 cards from your hand.,Blue,Character,4,5000,The Seven Warlords of the Sea,2000,Slash,
593583,Trafalgar Law (ST03-008) (Jolly Roger Foil),Trafalgar Law ST03 008 Jolly Roger Foil,https://tcgplayer-cdn.tcgplayer.com/product/593583_200w.jpg,68,23496,https://cpt.tcgcsv.com/HrM6,2024-11-08T05:08:15.623,1,0.24,0.49,100.0,0.42,,Foil,C,ST03-008,"[Blocker] <em>(After your opponent declares an attack, you may rest this card to make it the new target of the attack.)</em>",Blue,Character,1,1000,Heart Pirates;The Seven Warlords of the Sea,,Slash,
593584,Trafalgar Law (ST03-008) (Full Art),Trafalgar Law ST03 008 Full Art,https://tcgplayer-cdn.tcgplayer.com/product/593584_200w.jpg,68,23496,https://cpt.tcgcsv.com/JrM6,2024-11-08T05:08:15.623,1,8.0,9.0,50.0,8.62,,Foil,C,ST03-008,"[Blocker] <em>(After your opponent declares an attack, you may rest this card to make it the new target of the attack.)</em>",Blue,Character,1,1000,Heart Pirates;The Seven Warlords of the Sea,,Slash,
593585,Boa Hancock (ST03-013) (Full Art),Boa Hancock ST03 013 Full Art,https://tcgplayer-cdn.tcgplayer.com/product/593585_200w.jpg,68,23496,https://cpt.tcgcsv.com/KrM6,2024-11-08T05:08:15.623,1,64.0,88.23,153.98,54.61,,Foil,C,ST03-013,"[Blocker] <em>(After your opponent declares an attack, you may rest this card to make it the new target of the attack.)</em>
<br>
[Trigger] Play this card.",Blue,Character,3,1000,Kuja Pirates;The Seven Warlords of the Sea,1000,Special,
593586,Boa Hancock (ST03-013) (Alternate Art),Boa Hancock ST03 013 Alternate Art,https://tcgplayer-cdn.tcgplayer.com/product/593586_200w.jpg,68,23496,https://cpt.tcgcsv.com/LrM6,2024-11-08T05:08:15.623,1,120.0,156.98,526.56,125.32,,Foil,C,ST03-013,"[Blocker] <em>(After your opponent declares an attack, you may rest this card to make it the new target of the attack.)</em>
<br>
[Trigger] Play this card.",Blue,Character,3,1000,Kuja Pirates;The Seven Warlords of the Sea,1000,Special,
593587,Queen (Jolly Roger Foil),Queen Jolly Roger Foil,https://tcgplayer-cdn.tcgplayer.com/product/593587_200w.jpg,68,23496,https://cpt.tcgcsv.com/MrM6,2024-11-08T05:08:15.623,1,0.03,0.4,10.0,0.3,,Foil,C,ST04-005,"[Blocker] <em>(After your opponent declares an attack, you may rest this card to make it the new target of the attack.)</em> 
<br>[On Play] DON!! -1 <em>(You may return the specified number of DON!! cards from your field to your DON!! deck.)</em>: Draw 2 cards and trash 1 card from your hand.",Purple,Character,5,6000,Animal Kingdom Pirates,1000,Strike,
593588,Queen (Full Art),Queen Full Art,https://tcgplayer-cdn.tcgplayer.com/product/593588_200w.jpg,68,23496,https://cpt.tcgcsv.com/NrM6,2024-11-08T05:08:15.623,1,5.24,7.19,50.0,5.96,,Foil,C,ST04-005,"[Blocker] <em>(After your opponent declares an attack, you may rest this card to make it the new target of the attack.)</em> 
<br>[On Play] DON!! -1 <em>(You may return the specified number of DON!! cards from your field to your DON!! deck.)</em>: Draw 2 cards and trash 1 card from your hand.",Purple,Character,5,6000,Animal Kingdom Pirates,1000,Strike,
593589,Blast Breath (Jolly Roger Foil),Blast Breath Jolly Roger Foil,https://tcgplayer-cdn.tcgplayer.com/product/593589_200w.jpg,68,23496,https://cpt.tcgcsv.com/PrM6,2024-11-08T05:08:15.623,1,0.1,0.32,10.0,0.28,,Foil,C,ST04-016,[Counter] DON!! -1 <em>(You may return the specified number of DON!! cards from your field to your DON!! deck.)</em>: Up to 1 of your Leader or Character cards gains +4000 power during this battle.,Purple,Event,1,,Animal Kingdom Pirates;The Four Emperors,,,
593673,Helmeppo (Jolly Roger Foil),Helmeppo Jolly Roger Foil,https://tcgplayer-cdn.tcgplayer.com/product/593673_200w.jpg,68,23496,https://cpt.tcgcsv.com/ttM6,2024-11-08T05:08:15.623,1,0.04,0.25,6.99,0.17,,Foil,C,ST06-010,[On Play] Give up to 1 of your opponent's Characters -3 cost during this turn.,Black,Character,2,3000,Navy,1000,Slash,
593674,Helmeppo (Full Art),Helmeppo Full Art,https://tcgplayer-cdn.tcgplayer.com/product/593674_200w.jpg,68,23496,https://cpt.tcgcsv.com/vtM6,2024-11-08T05:08:15.623,1,2.0,2.95,46.99,2.46,,Foil,C,ST06-010,[On Play] Give up to 1 of your opponent's Characters -3 cost during this turn.,Black,Character,2,3000,Navy,1000,Slash,
593675,Shockwave (Jolly Roger Foil),Shockwave Jolly Roger Foil,https://tcgplayer-cdn.tcgplayer.com/product/593675_200w.jpg,68,23496,https://cpt.tcgcsv.com/wtM6,2024-11-08T05:08:15.623,1,0.01,0.25,10.0,0.21,,Foil,C,ST06-014,"[Counter] Up to 1 of your Leader or Character cards gains +4000 power during this battle. Then, K.O. up to 1 of your opponent's active Characters with a cost of 3 or less.
<br>
[Trigger] K.O. up to 1 of your opponent's Characters with a cost of 4 or less.",Black,Event,2,,Navy,,,
593676,Charlotte Brulee (Jolly Roger Foil),Charlotte Brulee Jolly Roger Foil,https://tcgplayer-cdn.tcgplayer.com/product/593676_200w.jpg,68,23496,https://cpt.tcgcsv.com/xtM6,2024-11-08T05:08:15.623,1,0.05,0.4,25.0,0.37,,Foil,C,ST07-007,"[Blocker] <em>(After your opponent declares an attack, you may rest this card to make it the new target of the attack.)</em>
<br>
[Trigger] Play this card.",Yellow,Character,3,1000,Big Mom Pirates,1000,Special,
593677,Charlotte Brulee (Full Art),Charlotte Brulee Full Art,https://tcgplayer-cdn.tcgplayer.com/product/593677_200w.jpg,68,23496,https://cpt.tcgcsv.com/ztM6,2024-11-08T05:08:15.623,1,3.98,6.26,22.99,5.95,,Foil,C,ST07-007,"[Blocker] <em>(After your opponent declares an attack, you may rest this card to make it the new target of the attack.)</em>
<br>
[Trigger] Play this card.",Yellow,Character,3,1000,Big Mom Pirates,1000,Special,
593678,Narikabura Arrow (Jolly Roger Foil),Narikabura Arrow Jolly Roger Foil,https://tcgplayer-cdn.tcgplayer.com/product/593678_200w.jpg,68,23496,https://cpt.tcgcsv.com/BtM6,2024-11-08T05:08:15.623,1,0.01,0.25,10.0,0.19,,Foil,C,ST09-014,"[Counter] If you have 2 or less Life cards, give up to 1 of your opponent's Leader or Character cards -3000 power during this turn.
<br>
[Trigger] <strong>You may trash 2 cards from your hand</strong>: Add up to 1 card from the top of your deck to the top of your Life cards.",Yellow,Event,1,,Land of Wano,,,
593680,Duval (Jolly Roger Foil),Duval Jolly Roger Foil,https://tcgplayer-cdn.tcgplayer.com/product/593680_200w.jpg,68,23496,https://cpt.tcgcsv.com/DtM6,2024-11-08T05:08:15.623,1,0.1,0.33,10.0,0.31,,Foil,C,ST12-014,"[Blocker] <em>(After your opponent declares an attack, you may rest this card to make it the new target of the attack.)</em>
<br>
[On Play] Look at 3 cards from the top of your deck and place them at the top or bottom of the deck in any order.",Blue,Character,2,1000,The Flying Fish Riders,1000,Strike,
593681,Duval (Full Art),Duval Full Art,https://tcgplayer-cdn.tcgplayer.com/product/593681_200w.jpg,68,23496,https://cpt.tcgcsv.com/FtM6,2024-11-08T05:08:15.623,1,5.49,8.26,44.99,6.89,,Foil,C,ST12-014,"[Blocker] <em>(After your opponent declares an attack, you may rest this card to make it the new target of the attack.)</em>
<br>
[On Play] Look at 3 cards from the top of your deck and place them at the top or bottom of the deck in any order.",Blue,Character,2,1000,The Flying Fish Riders,1000,Strike,
593801,DON!! Card (Ace),DON Card Ace,https://tcgplayer-cdn.tcgplayer.com/product/593801_200w.jpg,68,23496,https://cpt.tcgcsv.com/2xM6,2024-11-12T20:07:22.017,1,2.95,4.53,50.0,3.37,,Normal,DON!!,,Your Turn +1000,,DON!!,,,,,,
593801,DON!! Card (Ace),DON Card Ace,https://tcgplayer-cdn.tcgplayer.com/product/593801_200w.jpg,68,23496,https://cpt.tcgcsv.com/2xM6,2024-11-12T20:07:22.017,1,13.72,18.34,30.0,16.24,,Foil,DON!!,,Your Turn +1000,,DON!!,,,,,,
593802,DON!! Card (Big Mom),DON Card Big Mom,https://tcgplayer-cdn.tcgplayer.com/product/593802_200w.jpg,68,23496,https://cpt.tcgcsv.com/3xM6,2024-11-14T21:12:56.733,1,0.3,0.99,25.0,0.82,,Normal,DON!!,,Your Turn +1000,,DON!!,,,,,,
593802,DON!! Card (Big Mom),DON Card Big Mom,https://tcgplayer-cdn.tcgplayer.com/product/593802_200w.jpg,68,23496,https://cpt.tcgcsv.com/3xM6,2024-11-14T21:12:56.733,1,2.45,6.83,24.99,3.99,,Foil,DON!!,,Your Turn +1000,,DON!!,,,,,,
593803,DON!! Card (Crocodile),DON Card Crocodile,https://tcgplayer-cdn.tcgplayer.com/product/593803_200w.jpg,68,23496,https://cpt.tcgcsv.com/5xM6,2024-11-12T19:59:16.583,1,2.17,3.0,25.0,2.83,,Normal,DON!!,,Your Turn +1000,,DON!!,,,,,,
593803,DON!! Card (Crocodile),DON Card Crocodile,https://tcgplayer-cdn.tcgplayer.com/product/593803_200w.jpg,68,23496,https://cpt.tcgcsv.com/5xM6,2024-11-12T19:59:16.583,1,11.5,13.3,29.99,7.9,,Foil,DON!!,,Your Turn +1000,,DON!!,,,,,,
593804,DON!! Card (Donquixote Doflamingo),DON Card Donquixote Doflamingo,https://tcgplayer-cdn.tcgplayer.com/product/593804_200w.jpg,68,23496,https://cpt.tcgcsv.com/6xM6,2024-11-12T20:07:32.677,1,1.29,2.27,25.0,1.87,,Normal,DON!!,,Your Turn +1000,,DON!!,,,,,,
593804,DON!! Card (Donquixote Doflamingo),DON Card Donquixote Doflamingo,https://tcgplayer-cdn.tcgplayer.com/product/593804_200w.jpg,68,23496,https://cpt.tcgcsv.com/6xM6,2024-11-12T20:07:32.677,1,7.0,9.99,29.99,8.2,,Foil,DON!!,,Your Turn +1000,,DON!!,,,,,,
593805,DON!! Card (Enel),DON Card Enel,https://tcgplayer-cdn.tcgplayer.com/product/593805_200w.jpg,68,23496,https://cpt.tcgcsv.com/7xM6,2024-11-12T19:39:22.713,1,8.1,11.0,60.0,8.75,,Foil,DON!!,,Your Turn +1000,,DON!!,,,,,,
593805,DON!! Card (Enel),DON Card Enel,https://tcgplayer-cdn.tcgplayer.com/product/593805_200w.jpg,68,23496,https://cpt.tcgcsv.com/7xM6,2024-11-12T19:39:22.713,1,3.54,4.46,50.0,3.58,,Normal,DON!!,,Your Turn +1000,,DON!!,,,,,,
593806,"DON!! Card (Eustass ""Captain"" Kid)",DON Card Eustass Captain Kid,https://tcgplayer-cdn.tcgplayer.com/product/593806_200w.jpg,68,23496,https://cpt.tcgcsv.com/8xM6,2024-11-12T20:27:46.43,1,2.99,4.21,29.99,3.82,,Foil,DON!!,,Your Turn +1000,,DON!!,,,,,,
593806,"DON!! Card (Eustass ""Captain"" Kid)",DON Card Eustass Captain Kid,https://tcgplayer-cdn.tcgplayer.com/product/593806_200w.jpg,68,23496,https://cpt.tcgcsv.com/8xM6,2024-11-12T20:27:46.43,1,0.4,1.27,25.0,1.21,,Normal,DON!!,,Your Turn +1000,,DON!!,,,,,,
593807,DON!! Card (Gecko Moria),DON Card Gecko Moria,https://tcgplayer-cdn.tcgplayer.com/product/593807_200w.jpg,68,23496,https://cpt.tcgcsv.com/9xM6,2024-11-12T19:54:26.153,1,6.99,9.5,29.99,5.16,,Foil,DON!!,,Your Turn +1000,,DON!!,,,,,,
593807,DON!! Card (Gecko Moria),DON Card Gecko Moria,https://tcgplayer-cdn.tcgplayer.com/product/593807_200w.jpg,68,23496,https://cpt.tcgcsv.com/9xM6,2024-11-12T19:54:26.153,1,0.4,2.07,25.0,1.67,,Normal,DON!!,,Your Turn +1000,,DON!!,,,,,,
593808,DON!! Card (Hody Jones),DON Card Hody Jones,https://tcgplayer-cdn.tcgplayer.com/product/593808_200w.jpg,68,23496,https://cpt.tcgcsv.com/bxM6,2024-11-12T20:40:28.657,1,1.47,2.99,19.99,1.94,,Foil,DON!!,,Your Turn +1000,,DON!!,,,,,,
593808,DON!! Card (Hody Jones),DON Card Hody Jones,https://tcgplayer-cdn.tcgplayer.com/product/593808_200w.jpg,68,23496,https://cpt.tcgcsv.com/bxM6,2024-11-12T20:40:28.657,1,0.25,0.62,25.0,0.57,,Normal,DON!!,,Your Turn +1000,,DON!!,,,,,,
593809,DON!! Card (Iceberg),DON Card Iceberg,https://tcgplayer-cdn.tcgplayer.com/product/593809_200w.jpg,68,23496,https://cpt.tcgcsv.com/cxM6,2024-11-12T19:59:39.177,1,1.95,3.0,29.99,2.39,,Foil,DON!!,,Your Turn +1000,,DON!!,,,,,,
593809,DON!! Card (Iceberg),DON Card Iceberg,https://tcgplayer-cdn.tcgplayer.com/product/593809_200w.jpg,68,23496,https://cpt.tcgcsv.com/cxM6,2024-11-12T19:59:39.177,1,0.24,0.57,25.0,0.51,,Normal,DON!!,,Your Turn +1000,,DON!!,,,,,,
593810,DON!! Card (Ivankov),DON Card Ivankov,https://tcgplayer-cdn.tcgplayer.com/product/593810_200w.jpg,68,23496,https://cpt.tcgcsv.com/dxM6,2024-11-12T20:27:56.537,1,0.2,0.66,25.0,0.61,,Normal,DON!!,,Your Turn +1000,,DON!!,,,,,,
593810,DON!! Card (Ivankov),DON Card Ivankov,https://tcgplayer-cdn.tcgplayer.com/product/593810_200w.jpg,68,23496,https://cpt.tcgcsv.com/dxM6,2024-11-12T20:27:56.537,1,2.0,3.59,29.13,2.36,,Foil,DON!!,,Your Turn +1000,,DON!!,,,,,,
593811,DON!! Card (Kaido),DON Card Kaido,https://tcgplayer-cdn.tcgplayer.com/product/593811_200w.jpg,68,23496,https://cpt.tcgcsv.com/fxM6,2024-11-12T20:16:55.267,1,1.38,2.0,25.0,1.68,,Normal,DON!!,,Your Turn +1000,,DON!!,,,,,,
593811,DON!! Card (Kaido),DON Card Kaido,https://tcgplayer-cdn.tcgplayer.com/product/593811_200w.jpg,68,23496,https://cpt.tcgcsv.com/fxM6,2024-11-12T20:16:55.267,1,8.66,19.99,59.99,7.25,,Foil,DON!!,,Your Turn +1000,,DON!!,,,,,,
593812,DON!! Card (Katakuri),DON Card Katakuri,https://tcgplayer-cdn.tcgplayer.com/product/593812_200w.jpg,68,23496,https://cpt.tcgcsv.com/gxM6,2024-11-12T20:28:07.853,1,0.4,1.41,50.0,1.41,,Normal,DON!!,,Your Turn +1000,,DON!!,,,,,,
593812,DON!! Card (Katakuri),DON Card Katakuri,https://tcgplayer-cdn.tcgplayer.com/product/593812_200w.jpg,68,23496,https://cpt.tcgcsv.com/gxM6,2024-11-12T20:28:07.853,1,5.43,6.0,24.99,4.43,,Foil,DON!!,,Your Turn +1000,,DON!!,,,,,,
593813,DON!! Card (King),DON Card King,https://tcgplayer-cdn.tcgplayer.com/product/593813_200w.jpg,68,23496,https://cpt.tcgcsv.com/hxM6,2024-11-12T20:16:42.08,1,0.25,0.58,25.0,0.55,,Normal,DON!!,,Your Turn +1000,,DON!!,,,,,,
593813,DON!! Card (King),DON Card King,https://tcgplayer-cdn.tcgplayer.com/product/593813_200w.jpg,68,23496,https://cpt.tcgcsv.com/hxM6,2024-11-12T20:16:42.08,1,1.99,2.99,24.99,2.35,,Foil,DON!!,,Your Turn +1000,,DON!!,,,,,,
593814,DON!! Card (Luffy),DON Card Luffy,https://tcgplayer-cdn.tcgplayer.com/product/593814_200w.jpg,68,23496,https://cpt.tcgcsv.com/jxM6,2024-11-12T19:43:56.323,1,7.79,14.35,39.99,10.38,,Foil,DON!!,,Your Turn +1000,,DON!!,,,,,,
593814,DON!! Card (Luffy),DON Card Luffy,https://tcgplayer-cdn.tcgplayer.com/product/593814_200w.jpg,68,23496,https://cpt.tcgcsv.com/jxM6,2024-11-12T19:43:56.323,1,1.99,2.87,25.0,2.39,,Normal,DON!!,,Your Turn +1000,,DON!!,,,,,,
593815,DON!! Card (Magellan),DON Card Magellan,https://tcgplayer-cdn.tcgplayer.com/product/593815_200w.jpg,68,23496,https://cpt.tcgcsv.com/kxM6,2024-11-08T05:08:15.623,1,0.4,4.0,10.0,2.74,,Foil,DON!!,,Your Turn +1000,,DON!!,,,,,,
593815,DON!! Card (Magellan),DON Card Magellan,https://tcgplayer-cdn.tcgplayer.com/product/593815_200w.jpg,68,23496,https://cpt.tcgcsv.com/kxM6,2024-11-08T05:08:15.623,1,0.2,0.6,25.0,0.53,,Normal,DON!!,,Your Turn +1000,,DON!!,,,,,,
593816,DON!! Card (Oden),DON Card Oden,https://tcgplayer-cdn.tcgplayer.com/product/593816_200w.jpg,68,23496,https://cpt.tcgcsv.com/lxM6,2024-11-12T20:17:26.283,1,2.79,4.16,29.99,2.79,,Foil,DON!!,,Your Turn +1000,,DON!!,,,,,,
593816,DON!! Card (Oden),DON Card Oden,https://tcgplayer-cdn.tcgplayer.com/product/593816_200w.jpg,68,23496,https://cpt.tcgcsv.com/lxM6,2024-11-12T20:17:26.283,1,0.3,0.7,40.0,0.62,,Normal,DON!!,,Your Turn +1000,,DON!!,,,,,,
593817,DON!! Card (Perona),DON Card Perona,https://tcgplayer-cdn.tcgplayer.com/product/593817_200w.jpg,68,23496,https://cpt.tcgcsv.com/mxM6,2024-11-12T20:17:39.06,1,3.0,3.77,50.0,3.34,,Normal,DON!!,,Your Turn +1000,,DON!!,,,,,,
593817,DON!! Card (Perona),DON Card Perona,https://tcgplayer-cdn.tcgplayer.com/product/593817_200w.jpg,68,23496,https://cpt.tcgcsv.com/mxM6,2024-11-12T20:17:39.06,1,10.44,12.0,29.99,10.66,,Foil,DON!!,,Your Turn +1000,,DON!!,,,,,,
593818,DON!! Card (Queen),DON Card Queen,https://tcgplayer-cdn.tcgplayer.com/product/593818_200w.jpg,68,23496,https://cpt.tcgcsv.com/nxM6,2024-11-12T19:46:47.13,1,0.15,0.49,25.0,0.47,,Normal,DON!!,,Your Turn +1000,,DON!!,,,,,,
593818,DON!! Card (Queen),DON Card Queen,https://tcgplayer-cdn.tcgplayer.com/product/593818_200w.jpg,68,23496,https://cpt.tcgcsv.com/nxM6,2024-11-12T19:46:47.13,1,0.91,2.25,24.99,1.38,,Foil,DON!!,,Your Turn +1000,,DON!!,,,,,,
593819,DON!! Card (Rebecca),DON Card Rebecca,https://tcgplayer-cdn.tcgplayer.com/product/593819_200w.jpg,68,23496,https://cpt.tcgcsv.com/pxM6,2024-11-12T20:28:39.37,1,0.23,2.17,25.0,2.02,,Normal,DON!!,,Your Turn +1000,,DON!!,,,,,,
593819,DON!! Card (Rebecca),DON Card Rebecca,https://tcgplayer-cdn.tcgplayer.com/product/593819_200w.jpg,68,23496,https://cpt.tcgcsv.com/pxM6,2024-11-12T20:28:39.37,1,6.39,12.97,50.0,8.53,,Foil,DON!!,,Your Turn +1000,,DON!!,,,,,,
593820,DON!! Card (Reiju),DON Card Reiju,https://tcgplayer-cdn.tcgplayer.com/product/593820_200w.jpg,68,23496,https://cpt.tcgcsv.com/qxM6,2024-11-12T20:40:44.307,1,0.6,1.68,25.0,1.32,,Normal,DON!!,,Your Turn +1000,,DON!!,,,,,,
593820,DON!! Card (Reiju),DON Card Reiju,https://tcgplayer-cdn.tcgplayer.com/product/593820_200w.jpg,68,23496,https://cpt.tcgcsv.com/qxM6,2024-11-12T20:40:44.307,1,4.99,6.65,15.27,6.36,,Foil,DON!!,,Your Turn +1000,,DON!!,,,,,,
593821,DON!! Card (Rob Lucci),DON Card Rob Lucci,https://tcgplayer-cdn.tcgplayer.com/product/593821_200w.jpg,68,23496,https://cpt.tcgcsv.com/rxM6,2024-11-12T19:53:54.9,1,0.99,3.5,24.99,2.31,,Foil,DON!!,,Your Turn +1000,,DON!!,,,,,,
593821,DON!! Card (Rob Lucci),DON Card Rob Lucci,https://tcgplayer-cdn.tcgplayer.com/product/593821_200w.jpg,68,23496,https://cpt.tcgcsv.com/rxM6,2024-11-12T19:53:54.9,1,0.25,0.69,25.0,0.56,,Normal,DON!!,,Your Turn +1000,,DON!!,,,,,,
593822,DON!! Card (Rosinante),DON Card Rosinante,https://tcgplayer-cdn.tcgplayer.com/product/593822_200w.jpg,68,23496,https://cpt.tcgcsv.com/sxM6,2024-11-12T20:17:54.007,1,7.04,9.19,19.99,7.31,,Foil,DON!!,,Your Turn +1000,,DON!!,,,,,,
593822,DON!! Card (Rosinante),DON Card Rosinante,https://tcgplayer-cdn.tcgplayer.com/product/593822_200w.jpg,68,23496,https://cpt.tcgcsv.com/sxM6,2024-11-12T20:17:54.007,1,1.2,2.35,25.0,2.21,,Normal,DON!!,,Your Turn +1000,,DON!!,,,,,,
593823,DON!! Card (Sabo),DON Card Sabo,https://tcgplayer-cdn.tcgplayer.com/product/593823_200w.jpg,68,23496,https://cpt.tcgcsv.com/txM6,2024-11-12T18:52:29.153,1,5.75,8.22,40.0,6.75,,Foil,DON!!,,Your Turn +1000,,DON!!,,,,,,
593823,DON!! Card (Sabo),DON Card Sabo,https://tcgplayer-cdn.tcgplayer.com/product/593823_200w.jpg,68,23496,https://cpt.tcgcsv.com/txM6,2024-11-12T18:52:29.153,1,2.5,3.25,25.0,2.94,,Normal,DON!!,,Your Turn +1000,,DON!!,,,,,,
593824,DON!! Card (Sakazuki),DON Card Sakazuki,https://tcgplayer-cdn.tcgplayer.com/product/593824_200w.jpg,68,23496,https://cpt.tcgcsv.com/vxM6,2024-11-12T19:46:04.157,1,4.67,7.5,24.99,4.87,,Foil,DON!!,,Your Turn +1000,,DON!!,,,,,,
593824,DON!! Card (Sakazuki),DON Card Sakazuki,https://tcgplayer-cdn.tcgplayer.com/product/593824_200w.jpg,68,23496,https://cpt.tcgcsv.com/vxM6,2024-11-12T19:46:04.157,1,0.68,1.79,45.4,1.79,,Normal,DON!!,,Your Turn +1000,,DON!!,,,,,,
593825,DON!! Card (Trafalgar Law),DON Card Trafalgar Law,https://tcgplayer-cdn.tcgplayer.com/product/593825_200w.jpg,68,23496,https://cpt.tcgcsv.com/wxM6,2024-11-12T20:40:58.843,1,15.0,17.57,27.99,11.97,,Foil,DON!!,,Your Turn +1000,,DON!!,,,,,,
593825,DON!! Card (Trafalgar Law),DON Card Trafalgar Law,https://tcgplayer-cdn.tcgplayer.com/product/593825_200w.jpg,68,23496,https://cpt.tcgcsv.com/wxM6,2024-11-12T20:40:58.843,1,3.31,4.99,50.0,4.55,,Normal,DON!!,,Your Turn +1000,,DON!!,,,,,,
593826,DON!! Card (Uta),DON Card Uta,https://tcgplayer-cdn.tcgplayer.com/product/593826_200w.jpg,68,23496,https://cpt.tcgcsv.com/xxM6,2024-11-12T19:46:17.813,1,1.75,2.5,25.0,2.24,,Normal,DON!!,,Your Turn +1000,,DON!!,,,,,,
593826,DON!! Card (Uta),DON Card Uta,https://tcgplayer-cdn.tcgplayer.com/product/593826_200w.jpg,68,23496,https://cpt.tcgcsv.com/xxM6,2024-11-12T19:46:17.813,1,8.43,12.0,29.99,8.95,,Foil,DON!!,,Your Turn +1000,,DON!!,,,,,,
593827,DON!! Card (Vivi),DON Card Vivi,https://tcgplayer-cdn.tcgplayer.com/product/593827_200w.jpg,68,23496,https://cpt.tcgcsv.com/zxM6,2024-11-12T20:41:19.363,1,2.0,3.25,25.0,2.9,,Normal,DON!!,,Your Turn +1000,,DON!!,,,,,,
593827,DON!! Card (Vivi),DON Card Vivi,https://tcgplayer-cdn.tcgplayer.com/product/593827_200w.jpg,68,23496,https://cpt.tcgcsv.com/zxM6,2024-11-12T20:41:19.363,1,8.07,9.97,29.99,9.22,,Foil,DON!!,,Your Turn +1000,,DON!!,,,,,,
593828,DON!! Card (Whitebeard),DON Card Whitebeard,https://tcgplayer-cdn.tcgplayer.com/product/593828_200w.jpg,68,23496,https://cpt.tcgcsv.com/BxM6,2024-11-12T20:28:53.313,1,0.4,0.99,50.0,0.76,,Normal,DON!!,,Your Turn +1000,,DON!!,,,,,,
593828,DON!! Card (Whitebeard),DON Card Whitebeard,https://tcgplayer-cdn.tcgplayer.com/product/593828_200w.jpg,68,23496,https://cpt.tcgcsv.com/BxM6,2024-11-12T20:28:53.313,1,3.0,4.55,29.99,4.02,,Foil,DON!!,,Your Turn +1000,,DON!!,,,,,,
593829,DON!! Card (Yamato),DON Card Yamato,https://tcgplayer-cdn.tcgplayer.com/product/593829_200w.jpg,68,23496,https://cpt.tcgcsv.com/CxM6,2024-11-12T20:00:06.703,1,4.65,5.58,50.0,4.94,,Normal,DON!!,,Your Turn +1000,,DON!!,,,,,,
593829,DON!! Card (Yamato),DON Card Yamato,https://tcgplayer-cdn.tcgplayer.com/product/593829_200w.jpg,68,23496,https://cpt.tcgcsv.com/CxM6,2024-11-12T20:00:06.703,1,19.99,21.5,30.0,15.69,,Foil,DON!!,,Your Turn +1000,,DON!!,,,,,,
593830,DON!! Card (Zoro),DON Card Zoro,https://tcgplayer-cdn.tcgplayer.com/product/593830_200w.jpg,68,23496,https://cpt.tcgcsv.com/DxM6,2024-11-12T20:07:45.983,1,3.99,5.99,50.0,5.29,,Normal,DON!!,,Your Turn +1000,,DON!!,,,,,,
593830,DON!! Card (Zoro),DON Card Zoro,https://tcgplayer-cdn.tcgplayer.com/product/593830_200w.jpg,68,23496,https://cpt.tcgcsv.com/DxM6,2024-11-12T20:07:45.983,1,25.0,29.93,39.99,26.3,,Foil,DON!!,,Your Turn +1000,,DON!!,,,,,,
593883,Radical Beam!! (Textured Foil),Radical Beam Textured Foil,https://tcgplayer-cdn.tcgplayer.com/product/593883_200w.jpg,68,23496,https://cpt.tcgcsv.com/HzM6,2024-11-08T05:08:15.623,1,2.0,3.0,100.0,2.6,,Foil,UC,OP01-029,"[Counter] Up to 1 of your Leader or Character cards gains +2000 power during this battle. Then, if you have 2 or less Life cards, that card gains an additional +2000 power.
<br>
<br><br>
<br>
<a href=""https://en.onepiece-cardgame.com/rules/errata_card/#group_20221111-17"">This card has been officially errata'd.</a>",Red,Event,1,,Straw Hat Crew,,,
593884,Judgment of Hell (Textured Foil),Judgment of Hell Textured Foil,https://tcgplayer-cdn.tcgplayer.com/product/593884_200w.jpg,68,23496,https://cpt.tcgcsv.com/JzM6,2024-11-08T05:08:15.623,1,3.55,5.11,14.99,4.5,,Foil,R,OP02-089,"[Counter] DON!! -1 <em>(You may return the specified number of DON!! cards from your field to your DON!! deck.)</em>: Give up to a total of 2 of your opponent's Leader or Character cards -3000 power during this turn.
<br>
<br>
<br>
[Trigger] If your opponent has 6 or more DON!! cards on their field, your opponent returns 1 DON!! card from their field to their DON!! deck.",Purple,Event,2,,Impel Down,,,
593885,Ice Age (Textured Foil),Ice Age Textured Foil,https://tcgplayer-cdn.tcgplayer.com/product/593885_200w.jpg,68,23496,https://cpt.tcgcsv.com/KzM6,2024-11-08T05:08:15.623,1,1.1,2.18,16.79,1.98,,Foil,UC,OP02-117,"[Main] Give up to 1 of your opponent's Characters -5 cost during this turn.
<br>
<br>
<br>
[Trigger] K.O. up to 1 of your opponent's Characters with a cost of 3 or less.",Black,Event,1,,Navy,,,
593886,Gum-Gum Giant Gavel (Textured Foil),Gum Gum Giant Gavel Textured Foil,https://tcgplayer-cdn.tcgplayer.com/product/593886_200w.jpg,68,23496,https://cpt.tcgcsv.com/LzM6,2024-11-08T05:08:15.623,1,1.0,2.0,15.0,1.37,,Foil,C,OP03-055,"[Counter] <strong>You may trash 1 card from your hand</strong>: Up to 1 of your Leader gains +4000 power during this battle. Then, you may trash 2 cards from the top of your deck.
<br>
<br>
<br>
[Trigger] Return up to 1 Character with a cost of 4 or less to the owner's hand.",Blue,Event,1,,Straw Hat Crew;East Blue,,,
593887,Sanji's Pilaf (Textured Foil),Sanjis Pilaf Textured Foil,https://tcgplayer-cdn.tcgplayer.com/product/593887_200w.jpg,68,23496,https://cpt.tcgcsv.com/MzM6,2024-11-08T05:08:15.623,1,2.65,4.0,12.0,3.04,,Foil,UC,OP03-056,"[Main] Draw 2 cards.
<br>
<br>
<br>
<br>
<br>
<br>
<br>
[Trigger] Activate this card's [Main] effect.",Blue,Event,3,,East Blue,,,
593888,Three Thousand Worlds (Textured Foil),Three Thousand Worlds Textured Foil,https://tcgplayer-cdn.tcgplayer.com/product/593888_200w.jpg,68,23496,https://cpt.tcgcsv.com/NzM6,2024-11-08T05:08:15.623,1,1.5,2.45,8.0,2.2,,Foil,R,OP03-057,"[Main] Place up to 1 Character with a cost of 5 or less at the bottom of the owner's deck.
<br>
<br>
<br>
<br>
<br>
<br>
<br>
[Trigger] Place up to 1 Character with a cost of 3 or less at the bottom of the owner's deck.",Blue,Event,4,,Straw Hat Crew;East Blue,,,
593889,Air Door (Textured Foil),Air Door Textured Foil,https://tcgplayer-cdn.tcgplayer.com/product/593889_200w.jpg,68,23496,https://cpt.tcgcsv.com/PzM6,2024-11-08T05:08:15.623,1,0.9,1.84,14.99,1.74,,Foil,UC,OP03-094,"[Main] If your Leader's type includes ""CP"", look at 5 cards from the top of your deck; play up to 1 Character card with a type including ""CP"" and a cost of 5 or less. Then, trash the rest.
<br>
<br>
<br>
[Trigger] Play up to 1 black Character card with a cost of 3 or less from your trash.",Black,Event,4,,CP9,,,
593890,Thunder Bolt (Textured Foil),Thunder Bolt Textured Foil,https://tcgplayer-cdn.tcgplayer.com/product/593890_200w.jpg,68,23496,https://cpt.tcgcsv.com/QzM6,2024-11-08T05:08:15.623,1,0.25,1.0,10.0,0.61,,Foil,C,OP03-121,"[Main] <strong>You may trash 1 card from the top of your Life cards</strong>: K.O. up to 1 of your opponent's Characters with a cost of 5 or less.
<br>
<br>
<br>
[Trigger] K.O. up to 1 of your opponent's Characters with a cost of 5 or less.",Yellow,Event,2,,The Four Emperors;Big Mom Pirates,,,
593891,Donquixote Family (Textured Foil),Donquixote Family Textured Foil,https://tcgplayer-cdn.tcgplayer.com/product/593891_200w.jpg,68,23496,https://cpt.tcgcsv.com/RzM6,2024-11-08T05:08:15.623,1,1.13,1.95,19.0,1.44,,Foil,C,OP04-036,"[Counter] Look at 5 cards from the top of your deck; reveal up to 1 [Donquixote Pirates] type card and add it to your hand. Then, place the rest at the bottom of your deck in any order.
<br>
<br>
<br>
[Trigger] Activate this card's [Counter] effect.",Green,Event,1,,Donquixote Pirates,,,
593892,Gum-Gum Red Roc (Textured Foil),Gum Gum Red Roc Textured Foil,https://tcgplayer-cdn.tcgplayer.com/product/593892_200w.jpg,68,23496,https://cpt.tcgcsv.com/SzM6,2024-11-08T05:08:15.623,1,2.98,4.94,15.0,3.91,,Foil,R,OP04-056,"[Main] Place up to 1 Character at the bottom of the owner's deck.
<br>
<br>
<br>
<br>
<br>
<br>
<br>
[Trigger] Place up to 1 Character with a cost of 4 or less at the bottom of the owner's deck.",Blue,Event,6,,Straw Hat Crew,,,
593893,Barrier!! (Textured Foil),Barrier Textured Foil,https://tcgplayer-cdn.tcgplayer.com/product/593893_200w.jpg,68,23496,https://cpt.tcgcsv.com/TzM6,2024-11-08T05:08:15.623,1,0.25,0.56,14.99,0.47,,Foil,C,OP04-095,"[Counter] Up to 1 of your Leader or Character cards gains +2000 power during this battle. Then, if you have 15 or more cards in your trash, that card gains an additional +2000 power during this battle.
<br>
<br>
<br>
[Trigger] Draw 2 cards and trash 1 card from your hand.",Black,Event,1,,Dressrosa;Barto Club,,,
593894,Hound Blaze (Textured Foil),Hound Blaze Textured Foil,https://tcgplayer-cdn.tcgplayer.com/product/593894_200w.jpg,68,23496,https://cpt.tcgcsv.com/VzM6,2024-11-08T05:08:15.623,1,5.99,6.99,14.99,6.11,,Foil,R,OP05-057,"[Main] Up to 1 of your Leader or Character cards gains +3000 power during this turn. Then, place up to 1 Character with a cost of 2 or less at the bottom of the owner's deck.
<br>
<br>
<br>
<br>
<br>
<br>
<br>
[Trigger] Return up to 1 Character with a cost of 3 or less to the owner's hand.",Blue,Event,2,,Navy,,,
593895,El Thor (Textured Foil),El Thor Textured Foil,https://tcgplayer-cdn.tcgplayer.com/product/593895_200w.jpg,68,23496,https://cpt.tcgcsv.com/WzM6,2024-11-08T05:08:15.623,1,1.3,2.22,15.0,1.57,,Foil,UC,OP05-114,"[Counter] Up to 1 of your Leader or Character cards gains +2000 power during this battle. Then, if your opponent has 2 or less Life cards, that card gains an additional +2000 power during this battle.
<br>
<br>
<br>
[Trigger] K.O. up to 1 of your opponent's Characters with a cost equal to or less than the number of your opponent's Life Cards.",Yellow,Event,1,,Sky Island,,,
593896,Two-Hundred Million Volts Amaru (Textured Foil),Two Hundred Million Volts Amaru Textured Foil,https://tcgplayer-cdn.tcgplayer.com/product/593896_200w.jpg,68,23496,https://cpt.tcgcsv.com/XzM6,2024-11-08T05:08:15.623,1,1.13,1.75,4.99,1.53,,Foil,R,OP05-115,"[Main] Up to 1 of your Leader or Character cards gains +3000 power during this turn. Then, if you have 1 or less Life cards, rest up to 1 of your opponent's Characters with a cost of 4 or less.
<br>
<br>
<br>
<br>
<br>
<br>
<br>
[Trigger] <strong>You may trash 2 cards from your hand</strong>: Add up to 1 card from the top of your deck to the top of your Life cards.",Yellow,Event,2,,Sky Island,,,
593897,Upper Yard (Textured Foil),Upper Yard Textured Foil,https://tcgplayer-cdn.tcgplayer.com/product/593897_200w.jpg,68,23496,https://cpt.tcgcsv.com/ZzM6,2024-11-08T05:08:15.623,1,5.99,8.0,17.0,9.54,,Foil,UC,OP05-117,"[On Play] Look at the top 5 cards of your deck; reveal up to 1 [Sky Island] type card and add it to your hand. Then, place the rest at the bottom of your deck in any order.",Yellow,Stage,1,,Sky Island,,,
593898,The Billion-fold World Trichiliocosm (Textured Foil),The Billion fold World Trichiliocosm Textured Foil,https://tcgplayer-cdn.tcgplayer.com/product/593898_200w.jpg,68,23496,https://cpt.tcgcsv.com/-zM6,2024-11-08T05:08:15.623,1,3.25,4.82,10.48,4.77,,Foil,UC,OP06-038,"[Counter] Up to 1 of your Leader or Character cards gains +2000 power during this battle. Then, if you have 8 or more rested cards, that card gains an additional +2000 power during this battle.
<br>
<br>
<br>
[Trigger] K.O. up to 1 of your opponent's rested Characters with a cost of 3 or less.",Green,Event,1,,Straw Hat Crew;Dressrosa,,,
593899,Ama no Murakumo Sword (Textured Foil),Ama no Murakumo Sword Textured Foil,https://tcgplayer-cdn.tcgplayer.com/product/593899_200w.jpg,68,23496,https://cpt.tcgcsv.com/_zM6,2024-11-08T05:08:15.623,1,3.75,4.49,10.0,4.13,,Foil,UC,OP06-056,[Main] Place up to 1 of your opponent's Characters with a cost of 2 or less and up to 1 of your opponent's Characters with a cost of 1 or less at the bottom of the owner's deck in any order.,Blue,Event,2,,Navy,,,
593900,Kingdom of GERMA (Textured Foil),Kingdom of GERMA Textured Foil,https://tcgplayer-cdn.tcgplayer.com/product/593900_200w.jpg,68,23496,https://cpt.tcgcsv.com/0BM6,2024-11-08T05:08:15.623,1,0.7,1.52,14.99,0.94,,Foil,C,OP06-079,"[Activate:Main] <strong>You may trash 1 card from your hand and rest this Stage</strong>: Look at 3 cards from the top of your deck; reveal up to 1 card with a type including ""GERMA"" and add it to your hand. Then, place the rest at the bottom of your deck in any order.",Purple,Stage,1,,Kingdom of GERMA,,,
593901,Guard Point (Textured Foil),Guard Point Textured Foil,https://tcgplayer-cdn.tcgplayer.com/product/593901_200w.jpg,68,23496,https://cpt.tcgcsv.com/2BM6,2024-11-08T05:08:15.623,1,4.23,6.44,13.99,4.63,,Foil,C,ST01-014,"[Counter] Up to 1 of your Leader or Character cards gains +3000 power during this battle. 
<br>
<br>[Trigger] Up to 1 of your Leader or Character cards gains +1000 power during this turn.",Red,Event,1,,Animal;Straw Hat Crew,,,
593902,Blast Breath (Textured Foil),Blast Breath Textured Foil,https://tcgplayer-cdn.tcgplayer.com/product/593902_200w.jpg,68,23496,https://cpt.tcgcsv.com/3BM6,2024-11-08T05:08:15.623,1,1.66,2.0,9.99,1.91,,Foil,C,ST04-016,[Counter] DON!! -1 <em>(You may return the specified number of DON!! cards from your field to your DON!! deck.)</em>: Up to 1 of your Leader or Character cards gains +4000 power during this battle.,Purple,Event,1,,Animal Kingdom Pirates;The Four Emperors,,,
593903,Shockwave (Textured Foil),Shockwave Textured Foil,https://tcgplayer-cdn.tcgplayer.com/product/593903_200w.jpg,68,23496,https://cpt.tcgcsv.com/5BM6,2024-11-08T05:08:15.623,1,0.95,2.44,10287.55,1.3,,Foil,C,ST06-014,"[Counter] Up to 1 of your Leader or Character cards gains +4000 power during this battle. Then, K.O. up to 1 of your opponent's active Characters with a cost of 3 or less.
<br>
<br>
<br>
[Trigger] K.O. up to 1 of your opponent's Characters with a cost of 4 or less.",Black,Event,2,,Navy,,,
593904,Narikabura Arrow (Textured Foil),Narikabura Arrow Textured Foil,https://tcgplayer-cdn.tcgplayer.com/product/593904_200w.jpg,68,23496,https://cpt.tcgcsv.com/6BM6,2024-11-08T05:08:15.623,1,2.91,3.25,10.48,3.18,,Foil,C,ST09-014,"[Counter] If you have 2 or less Life cards, give up to 1 of your opponent's Leader or Character cards -3000 power during this turn.
<br>
<br>
<br>
[Trigger] <strong>You may trash 2 cards from your hand</strong>: Add up to 1 card from the top of your deck to the top of your Life cards.",Yellow,Event,1,,Land of Wano,,,
594067,Otama (Jolly Roger Foil),Otama Jolly Roger Foil,https://tcgplayer-cdn.tcgplayer.com/product/594067_200w.jpg,68,23496,https://cpt.tcgcsv.com/mFM6,2024-11-08T16:00:21.567,1,0.23,0.87,25.0,0.67,,Foil,UC,OP01-006,[On Play] Give up to 1 of your opponent's Characters -2000 power during this turn.,Red,Character,1,0,Land of Wano,2000,Special,
594236,Koby (Reprint),Koby Reprint,https://tcgplayer-cdn.tcgplayer.com/product/594236_200w.jpg,68,23496,https://cpt.tcgcsv.com/LJM6,2024-11-08T19:35:28.177,1,0.01,0.2,5.0,0.17,,Normal,PR,P-014,"[Blocker] <em>(After your opponent declares an attack, you may rest this card to make it the new target of the attack.)</em>
<br>
<br>
<br>
[Trigger] Play this card.
<br><span style=""color:red"">Disclaimer: This card was reprinted from the original set with changes to the artist credit (note the lack of pen symbol next to the artist name).</span>",Red,Character,3,3000,Navy,,Strike,
594238,Bartolomeo (P-029) (Reprint),Bartolomeo P 029 Reprint,https://tcgplayer-cdn.tcgplayer.com/product/594238_200w.jpg,68,23496,https://cpt.tcgcsv.com/NJM6,2024-11-08T19:38:29.617,1,0.01,0.2,5.0,0.11,,Normal,PR,P-029,"[End of your Turn] <strong>You may rest this Character:</strong> Set up to 1 of your ""FILM"" type Characters other than [Bartolomeo] as active.
<br><span style=""color:red"">Disclaimer: This card was reprinted from the original set with changes to the artist credit (note the lack of pen symbol next to the artist name).</span>",Green,Character,2,3000,Barto Club Pirates;Supernovas,1000,Special,
594239,Bartolomeo (P-029) (Full Art),Bartolomeo P 029 Full Art,https://tcgplayer-cdn.tcgplayer.com/product/594239_200w.jpg,68,23496,https://cpt.tcgcsv.com/PJM6,2024-11-08T19:38:55.807,1,1.25,2.1,9.99,1.79,,Foil,PR,P-029,"[End of your Turn] <strong>You may rest this Character:</strong> Set up to 1 of your ""FILM"" type Characters other than [Bartolomeo] as active.
<br><span style=""color:red"">Disclaimer: This card was reprinted from the original set with changes to the artist credit (note the lack of pen symbol next to the artist name).</span>",Green,Character,2,3000,Barto Club Pirates;Supernovas,1000,Special,
594291,Otama (Reprint),Otama Reprint,https://tcgplayer-cdn.tcgplayer.com/product/594291_200w.jpg,68,23496,https://cpt.tcgcsv.com/RKM6,2024-11-08T22:01:14.437,1,0.1,0.42,5.0,0.29,,Normal,UC,OP01-006,"[On Play] Give up to 1 of your opponent's Characters -2000 power during this turn.
<br><span style=""color:red"">Disclaimer: This card was reprinted from the original set with changes to the artist credit (note the lack of pen symbol next to the artist name).</span>",Red,Character,1,0,Land of Wano,2000,Special,
594313,Raizo (Reprint),Raizo Reprint,https://tcgplayer-cdn.tcgplayer.com/product/594313_200w.jpg,68,23496,https://cpt.tcgcsv.com/hLM6,2024-11-08T22:01:24.687,1,0.01,0.15,3.0,0.07,,Normal,UC,OP01-052,"[When Attacking] [Once Per Turn] If you have 2 or more rested Characters, draw 1 card.
<br><span style=""color:red"">Disclaimer: This card was reprinted from the original set with changes to the artist credit (note the lack of pen symbol next to the artist name).</span>",Green,Character,3,4000,Land of Wano;The Akazaya Nine,1000,Slash,
594314,Dracule Mihawk (OP01-070) (Reprint),Dracule Mihawk OP01 070 Reprint,https://tcgplayer-cdn.tcgplayer.com/product/594314_200w.jpg,68,23496,https://cpt.tcgcsv.com/jLM6,2024-11-08T22:01:36.727,1,0.04,0.75,11.5,0.46,,Foil,SR,OP01-070,"[On Play] Place up to 1 Character with a cost of 7 or less at the bottom of the owner's deck.
<br><span style=""color:red"">Disclaimer: This card was reprinted from the original set with changes to the artist credit (note the lack of pen symbol next to the artist name).</span>",Blue,Character,9,9000,The Seven Warlords of the Sea,,Slash,
594315,Boa Hancock (OP01-078) (Reprint),Boa Hancock OP01 078 Reprint,https://tcgplayer-cdn.tcgplayer.com/product/594315_200w.jpg,68,23496,https://cpt.tcgcsv.com/kLM6,2024-11-08T22:01:46.94,1,0.25,1.01,99.99,0.91,,Foil,SR,OP01-078,"[Blocker] <em>(After your opponent declares an attack, you may rest this card to make it the new target of the attack.)</em>
<br>
<br>
<br>
[DON!! x1] [When Attacking]/[On Block] Draw 1 card if you have 5 or less cards in your hand.
<br><span style=""color:red"">Disclaimer: This card was reprinted from the original set with changes to the artist credit (note the lack of pen symbol next to the artist name).</span>",Blue,Character,4,5000,Kuja Pirates;The Seven Warlords of the Sea,1000,Special,
594316,Shanks (OP01-120) (Reprint),Shanks OP01 120 Reprint,https://tcgplayer-cdn.tcgplayer.com/product/594316_200w.jpg,68,23496,https://cpt.tcgcsv.com/lLM6,2024-11-08T22:01:56.707,1,1.4,2.99,25.0,2.12,,Foil,SEC,OP01-120,"[Rush] <em>(This card can attack on the turn in which it is played.)</em>
<br>
<br>
<br>
[When Attacking] Your opponent cannot activate a [Blocker] Character that has 2000 or less power during this battle.
<br><span style=""color:red"">Disclaimer: This card was reprinted from the original set with changes to the artist credit (note the lack of pen symbol next to the artist name).</span>",Red,Character,9,10000,The Four Emperors;Red-Haired Pirates,,Slash,
594317,Edward.Newgate (Reprint),EdwardNewgate Reprint,https://tcgplayer-cdn.tcgplayer.com/product/594317_200w.jpg,68,23496,https://cpt.tcgcsv.com/mLM6,2024-11-08T22:02:06.263,1,0.24,0.99,25.0,0.51,,Foil,SR,OP02-004,"[On Play] Up to 1 of your Leader gains +2000 power until the start of your next turn. Then, you cannot add Life cards to your hand using your own effects during this turn.
<br>
[DON!! x2] [When Attacking] K.O. up to 1 of your opponent's Characters with 3000 power or less.
<br><span style=""color:red"">Disclaimer: This card was reprinted from the original set with changes to the artist credit (note the lack of pen symbol next to the artist name).</span>",Red,Character,9,10000,The Four Emperors;Whitebeard Pirates,,Special,
594319,Marco (Reprint),Marco Reprint,https://tcgplayer-cdn.tcgplayer.com/product/594319_200w.jpg,68,23496,https://cpt.tcgcsv.com/pLM6,2024-11-08T22:02:20.797,1,0.01,0.21,5.0,0.16,,Foil,R,OP02-018,"[Blocker] <em>(After your opponent declares an attack, you may rest this card to make it the new target of the attack.)</em>
<br>
<br>
<br>
[On K.O.] <strong>You may trash 1 card with a type including ""Whitebeard Pirates"" from your hand</strong>: If you have 2 or less Life cards, play this Character card from your trash rested.
<br><span style=""color:red"">Disclaimer: This card was reprinted from the original set with changes to the artist credit (note the lack of pen symbol next to the artist name).</span>",Red,Character,4,5000,Whitebeard Pirates,1000,Special,
594320,Trafalgar Law (ST10-010) (Reprint),Trafalgar Law ST10 010 Reprint,https://tcgplayer-cdn.tcgplayer.com/product/594320_200w.jpg,68,23496,https://cpt.tcgcsv.com/qLM6,2024-11-08T22:00:06.42,1,3.44,5.73,25.0,4.04,,Foil,SR,ST10-010,"[Blocker] <em>(After your opponent declares an attack, you may rest this card to make it the new target of the attack.)</em>
<br>
[On Play] DON!! -1 </em>(You may return the specified number of DON!! cards from your field to your DON!! deck.)</em>: If your opponent has 7 or more cards in their hand, trash 2 cards from your opponent's hand.
<br><span style=""color:red"">Disclaimer: This card was reprinted from the original set with changes to the artist credit (note the lack of pen symbol next to the artist name).</span>",Purple,Character,4,5000,Heart Pirates,1000,Slash,
594321,Sakazuki (Reprint),Sakazuki Reprint,https://tcgplayer-cdn.tcgplayer.com/product/594321_200w.jpg,68,23496,https://cpt.tcgcsv.com/rLM6,2024-11-08T22:02:50.92,1,0.1,0.49,10.0,0.32,,Foil,SR,OP02-099,"[On Play] <strong>You may trash 1 card from your hand</strong>: K.O. up to 1 of your opponent's Characters with a cost of 5 or less.
<br><span style=""color:red"">Disclaimer: This card was reprinted from the original set with changes to the artist credit (note the lack of pen symbol next to the artist name).</span>",Black,Character,6,7000,Navy,,Special,
594322,Helmeppo (Reprint),Helmeppo Reprint,https://tcgplayer-cdn.tcgplayer.com/product/594322_200w.jpg,68,23496,https://cpt.tcgcsv.com/sLM6,2024-11-08T21:59:55.48,1,0.02,0.15,3.0,0.11,,Normal,C,ST06-010,"[On Play] Give up to 1 of your opponent's Characters -3 cost during this turn.

<br><span style=""color:red"">Disclaimer: This card was reprinted from the original set with changes to the artist credit (note the lack of pen symbol next to the artist name).</span>",Black,Character,2,3000,Navy,1000,Slash,
594323,Tsuru (Reprint),Tsuru Reprint,https://tcgplayer-cdn.tcgplayer.com/product/594323_200w.jpg,68,23496,https://cpt.tcgcsv.com/tLM6,2024-11-08T22:03:02.667,1,0.04,0.15,25.0,0.1,,Normal,UC,OP02-106,"[On Play] Give up to 1 of your opponent's Characters -2 cost during this turn.
<br><span style=""color:red"">Disclaimer: This card was reprinted from the original set with changes to the artist credit (note the lack of pen symbol next to the artist name).</span>",Black,Character,1,0,Navy,2000,Wisdom,
594324,Borsalino (Reprint),Borsalino Reprint,https://tcgplayer-cdn.tcgplayer.com/product/594324_200w.jpg,68,23496,https://cpt.tcgcsv.com/vLM6,2024-11-08T22:03:16.297,1,0.2,0.5,10.0,0.42,,Foil,SR,OP02-114,"[Opponent's Turn] This Character gains +1000 power and cannot be K.O.'d by effects.
<br>
<br>
<br>
[Blocker] <em>(After your opponent declares an attack, you may rest this card to make it the new target of the attack.)</em>
<br><span style=""color:red"">Disclaimer: This card was reprinted from the original set with changes to the artist credit (note the lack of pen symbol next to the artist name).</span>",Black,Character,4,5000,Navy,1000,Special,
594325,Monkey.D.Luffy (OP05-119) (Reprint),MonkeyDLuffy OP05 119 Reprint,https://tcgplayer-cdn.tcgplayer.com/product/594325_200w.jpg,68,23496,https://cpt.tcgcsv.com/wLM6,2024-11-08T22:10:34.797,1,9.21,12.5,48.99,10.33,,Foil,SEC,OP05-119,"[On Play] DON!! -10: Place all of your Characters except this Character at the bottom of your deck in any order. Then, take an extra turn after this one.
<br>
[Activate:Main][Once Per Turn] (1): Add up to 1 DON!! card from your DON!! deck and set it as active.

<br><span style=""color:red"">Disclaimer: This card was reprinted from the original set with changes to the artist credit (note the lack of pen symbol next to the artist name).</span>",Purple,Character,10,12000,Straw Hat Crew;The Four Emperors,,Strike,
594326,Kuzan (OP02-121) (Reprint),Kuzan OP02 121 Reprint,https://tcgplayer-cdn.tcgplayer.com/product/594326_200w.jpg,68,23496,https://cpt.tcgcsv.com/xLM6,2024-11-08T22:03:29.647,1,1.5,2.72,25.0,1.74,,Foil,SEC,OP02-121,"[Your Turn] Give all of your opponent's Characters -5 cost.
<br>
[On Play] K.O. up to 1 of your opponent's Characters with a cost of 0.
<br><span style=""color:red"">Disclaimer: This card was reprinted from the original set with changes to the artist credit (note the lack of pen symbol next to the artist name).</span>",Black,Character,10,10000,Former Navy,,Special,
594327,Kaido (OP05-118) (Reprint),Kaido OP05 118 Reprint,https://tcgplayer-cdn.tcgplayer.com/product/594327_200w.jpg,68,23496,https://cpt.tcgcsv.com/zLM6,2024-11-08T22:10:11.653,1,0.99,2.49,28.0,1.38,,Foil,SEC,OP05-118,"[On Play] Draw 4 cards if your opponent has 3 or less Life cards.

<br><span style=""color:red"">Disclaimer: This card was reprinted from the original set with changes to the artist credit (note the lack of pen symbol next to the artist name).</span>",Blue,Character,10,12000,Animal Kingdom Pirates;The Four Emperors,,Special,
594328,Izo (OP03-003) (Reprint),Izo OP03 003 Reprint,https://tcgplayer-cdn.tcgplayer.com/product/594328_200w.jpg,68,23496,https://cpt.tcgcsv.com/BLM6,2024-11-08T22:03:40.81,1,0.03,0.21,5.0,0.12,,Foil,R,OP03-003,"[On Play] Look at 5 cards from the top of your deck; reveal up to 1 card with a type including ""Whitebeard Pirates"" other than [Izo] and add it to your hand. Then, place the rest at the bottom of your deck in any order.
<br><span style=""color:red"">Disclaimer: This card was reprinted from the original set with changes to the artist credit (note the lack of pen symbol next to the artist name).</span>",Red,Character,1,2000,Land of Wano;Whitebeard Pirates,1000,Ranged,
594329,Kalifa (Reprint),Kalifa Reprint,https://tcgplayer-cdn.tcgplayer.com/product/594329_200w.jpg,68,23496,https://cpt.tcgcsv.com/CLM6,2024-11-08T22:04:02.79,1,0.04,0.15,3.0,0.11,,Normal,UC,OP03-060,"[When Attacking] DON!! -1 <em>(You may return the specified number of DON!! cards from your field to your DON!! deck.)</em>: Draw 2 cards and trash 1 card from your hand.
<br><span style=""color:red"">Disclaimer: This card was reprinted from the original set with changes to the artist credit (note the lack of pen symbol next to the artist name).</span>",Purple,Character,4,4000,Galley-La Company;Water Seven,2000,Wisdom,
594330,Vergo (Reprint),Vergo Reprint,https://tcgplayer-cdn.tcgplayer.com/product/594330_200w.jpg,68,23496,https://cpt.tcgcsv.com/DLM6,2024-11-08T22:04:12.627,1,0.01,0.12,3.0,0.06,,Normal,UC,OP03-079,"[DON!! x1] This Character cannot be K.O.'d in battle.
<br><span style=""color:red"">Disclaimer: This card was reprinted from the original set with changes to the artist credit (note the lack of pen symbol next to the artist name).</span>",Black,Character,5,5000,Donquixote Pirates;Navy,2000,Strike,
594331,Brannew (Reprint),Brannew Reprint,https://tcgplayer-cdn.tcgplayer.com/product/594331_200w.jpg,68,23496,https://cpt.tcgcsv.com/FLM6,2025-11-26T16:50:27.16,1,0.05,0.25,5.0,0.22,,Foil,R,OP03-089,"[On Play] Look at 3 cards from the top of your deck; reveal up to 1 [Navy] type card other than [Brannew] and add it to your hand. Then, trash the rest.
<br><span style=""color:red"">Disclaimer: This card was reprinted from the original set with changes to the artist credit (note the lack of pen symbol next to the artist name).</span>",Black,Character,2,3000,Navy,1000,Wisdom,
594331,Brannew (Reprint),Brannew Reprint,https://tcgplayer-cdn.tcgplayer.com/product/594331_200w.jpg,68,23496,https://cpt.tcgcsv.com/FLM6,2025-11-26T16:50:27.16,1,0.09,0.24,1.4,0.12,,Normal,R,OP03-089,"[On Play] Look at 3 cards from the top of your deck; reveal up to 1 [Navy] type card other than [Brannew] and add it to your hand. Then, trash the rest.
<br><span style=""color:red"">Disclaimer: This card was reprinted from the original set with changes to the artist credit (note the lack of pen symbol next to the artist name).</span>",Black,Character,2,3000,Navy,1000,Wisdom,
594332,Satori (Reprint),Satori Reprint,https://tcgplayer-cdn.tcgplayer.com/product/594332_200w.jpg,68,23496,https://cpt.tcgcsv.com/GLM6,2024-11-08T22:09:57.687,1,0.1,0.27,5.0,0.25,,Foil,R,OP05-105,"[Trigger] <strong>You may trash 1 card from your hand</strong>: Play this card.

<br><span style=""color:red"">Disclaimer: This card was reprinted from the original set with changes to the artist credit (note the lack of pen symbol next to the artist name).</span>",Yellow,Character,5,5000,Sky Island;Vassals,2000,Strike,
594333,Charlotte Cracker (Reprint),Charlotte Cracker Reprint,https://tcgplayer-cdn.tcgplayer.com/product/594333_200w.jpg,68,23496,https://cpt.tcgcsv.com/HLM6,2024-11-08T22:04:32.723,1,0.1,0.5,10.0,0.29,,Foil,SR,OP03-108,"[DON!! x1] If you have less Life cards than your opponent, this Character gains [Double Attack] and +1000 power. <em>(This card deals 2 damage.)</em>
<br>
[Trigger] <strong>You may trash 1 card from your hand</strong>: Play this card.
<br><span style=""color:red"">Disclaimer: This card was reprinted from the original set with changes to the artist credit (note the lack of pen symbol next to the artist name).</span>",Yellow,Character,4,5000,Big Mom Pirates,1000,Slash,
594334,Shirahoshi (OP05-082) (Reprint),Shirahoshi OP05 082 Reprint,https://tcgplayer-cdn.tcgplayer.com/product/594334_200w.jpg,68,23496,https://cpt.tcgcsv.com/JLM6,2024-11-08T22:09:37.807,1,0.35,1.08,10.0,0.62,,Foil,R,OP05-082,"[Activate:Main] <strong>You may rest this Character and place 2 cards from your trash at the bottom of your deck in any order</strong>: If your opponent has 6 or more cards in their hand, your opponent trashes 1 card from their hand.

<br><span style=""color:red"">Disclaimer: This card was reprinted from the original set with changes to the artist credit (note the lack of pen symbol next to the artist name).</span>",Black,Character,1,0,Merfolk,2000,Wisdom,
594335,Charlotte Smoothie (Reprint),Charlotte Smoothie Reprint,https://tcgplayer-cdn.tcgplayer.com/product/594335_200w.jpg,68,23496,https://cpt.tcgcsv.com/KLM6,2024-11-08T22:04:44.68,1,0.01,0.23,5.0,0.18,,Foil,R,OP03-110,"[When Attacking] <strong>You may add 1 card from the top or bottom of your Life cards to your hand</strong>: This Character gains +2000 power during this battle.
<br><span style=""color:red"">Disclaimer: This card was reprinted from the original set with changes to the artist credit (note the lack of pen symbol next to the artist name).</span>",Yellow,Character,4,5000,Big Mom Pirates,1000,Special,
594336,One-Legged Toy Soldier (Reprint),One Legged Toy Soldier Reprint,https://tcgplayer-cdn.tcgplayer.com/product/594336_200w.jpg,68,23496,https://cpt.tcgcsv.com/LLM6,2024-11-08T22:09:25.83,1,0.04,0.2,3.0,0.14,,Normal,UC,OP05-081,"[Activate:Main] <strong>You may trash this Character</strong>: Give up to 1 of your opponent's Characters -3 cost during this turn.

<br><span style=""color:red"">Disclaimer: This card was reprinted from the original set with changes to the artist credit (note the lack of pen symbol next to the artist name).</span>",Black,Character,2,0,Dressrosa,2000,Strike,
594337,Charlotte Perospero (Reprint),Charlotte Perospero Reprint,https://tcgplayer-cdn.tcgplayer.com/product/594337_200w.jpg,68,23496,https://cpt.tcgcsv.com/MLM6,2024-11-08T22:04:54.903,1,0.1,0.4,10.0,0.29,,Foil,SR,OP03-113,"[On K.O.] Look at 3 cards from the top of your deck; reveal up to 1 [Big Mom Pirates] type card and add it to your hand. Then, place the rest at the bottom of your deck in any order.
<br>
[Trigger] <strong>You may trash 1 card from your hand</strong>: Play this card.
<br><span style=""color:red"">Disclaimer: This card was reprinted from the original set with changes to the artist credit (note the lack of pen symbol next to the artist name).</span>",Yellow,Character,3,5000,Big Mom Pirates,,Special,
594338,"Eustass""Captain""Kid (Reprint)",EustassCaptainKid Reprint,https://tcgplayer-cdn.tcgplayer.com/product/594338_200w.jpg,68,23496,https://cpt.tcgcsv.com/NLM6,2024-11-08T22:09:13.597,1,0.25,0.64,10.0,0.53,,Foil,SR,OP05-074,"[Blocker]
<br>
[Your Turn][Once Per Turn] When a DON!! card on your field is returned to your DON!! deck, add up to 1 DON!! card from your DON!! deck and set it as active.

<br><span style=""color:red"">Disclaimer: This card was reprinted from the original set with changes to the artist credit (note the lack of pen symbol next to the artist name).</span>",Purple,Character,5,6000,Kid Pirates,1000,Special,
594339,Shirahoshi (OP03-116) (Reprint),Shirahoshi OP03 116 Reprint,https://tcgplayer-cdn.tcgplayer.com/product/594339_200w.jpg,68,23496,https://cpt.tcgcsv.com/PLM6,2024-11-08T22:05:04.4,1,0.01,0.18,3.0,0.09,,Normal,UC,OP03-116,"[On Play] Draw 3 cards and trash 2 cards from your hand.
<br>
[Trigger] Play this card.
<br><span style=""color:red"">Disclaimer: This card was reprinted from the original set with changes to the artist credit (note the lack of pen symbol next to the artist name).</span>",Yellow,Character,5,0,Merfolk,1000,Wisdom,
594340,Miss Doublefinger(Zala) (Reprint),Miss DoublefingerZala Reprint,https://tcgplayer-cdn.tcgplayer.com/product/594340_200w.jpg,68,23496,https://cpt.tcgcsv.com/QLM6,2024-11-08T22:09:02.077,1,0.01,0.17,3.2,0.12,,Normal,UC,OP05-073,"[On Play] <strong>You may trash 1 card from your hand</strong>: Add up to 1 DON!! card from your DON!! deck and rest it.
<br>
[Trigger] DON!! -1 <em>(You may return the specified number of DON!! cards from your field to your DON!! deck.)</em>: Play this card.

<br><span style=""color:red"">Disclaimer: This card was reprinted from the original set with changes to the artist credit (note the lack of pen symbol next to the artist name).</span>",Purple,Character,4,4000,Baroque Works,2000,Slash,
594341,Charlotte Katakuri (Reprint),Charlotte Katakuri Reprint,https://tcgplayer-cdn.tcgplayer.com/product/594341_200w.jpg,68,23496,https://cpt.tcgcsv.com/RLM6,2024-11-08T22:05:17.91,1,2.0,4.0,25.0,2.69,,Foil,SEC,OP03-123,"[On Play] Add up to 1 Character with a cost of 8 or less to the top or bottom of the owner's Life cards face-up.
<br><span style=""color:red"">Disclaimer: This card was reprinted from the original set with changes to the artist credit (note the lack of pen symbol next to the artist name).</span>",Yellow,Character,8,8000,Big Mom Pirates,,Strike,
594342,Ulti (Reprint),Ulti Reprint,https://tcgplayer-cdn.tcgplayer.com/product/594342_200w.jpg,68,23496,https://cpt.tcgcsv.com/SLM6,2024-11-08T22:08:52.2,1,0.18,0.5,10.0,0.47,,Foil,SR,OP05-043,"[On Play] If your Leader is multicolored, look at 3 cards from the top of your deck and add up to 1 card to your hand. Then, place the rest at the top or bottom of the deck in any order.

<br><span style=""color:red"">Disclaimer: This card was reprinted from the original set with changes to the artist credit (note the lack of pen symbol next to the artist name).</span>",Blue,Character,4,5000,Animal Kingdom Pirates,1000,Strike,
594343,Baby 5 (OP05-034) (Reprint),Baby 5 OP05 034 Reprint,https://tcgplayer-cdn.tcgplayer.com/product/594343_200w.jpg,68,23496,https://cpt.tcgcsv.com/TLM6,2024-11-08T22:08:40.513,1,0.05,0.22,5.0,0.14,,Foil,R,OP05-034,"[Activate:Main] (1) <em>(You may rest the specified number of DON!! cards in your cost area.)</em> <strong>You may rest this Character</strong>: Look at 5 cards from the top of your deck; reveal up to 1 [Donquixote Pirates] type card and add it to your hand. Then, place the rest at the bottom of your deck in any order.

<br><span style=""color:red"">Disclaimer: This card was reprinted from the original set with changes to the artist credit (note the lack of pen symbol next to the artist name).</span>",Green,Character,1,1000,Donquixote Pirates,1000,Special,
594344,Dellinger (Reprint),Dellinger Reprint,https://tcgplayer-cdn.tcgplayer.com/product/594344_200w.jpg,68,23496,https://cpt.tcgcsv.com/VLM6,2024-11-08T22:05:28.287,1,0.01,0.12,3.0,0.03,,Normal,C,OP04-029,"[End of Your Turn] Set up to 1 of your DON!! cards as active.
<br><span style=""color:red"">Disclaimer: This card was reprinted from the original set with changes to the artist credit (note the lack of pen symbol next to the artist name).</span>",Green,Character,3,4000,Donquixote Pirates,1000,Strike,
594345,Donquixote Doflamingo (Reprint),Donquixote Doflamingo Reprint,https://tcgplayer-cdn.tcgplayer.com/product/594345_200w.jpg,68,23496,https://cpt.tcgcsv.com/WLM6,2024-11-08T22:05:39.81,1,0.19,0.99,20.67,0.54,,Foil,SR,OP04-031,"[On Play] Up to a total of 3 of your opponent's rested Leader and Character cards will not become active in your opponent's next Refresh Phase.
<br><span style=""color:red"">Disclaimer: This card was reprinted from the original set with changes to the artist credit (note the lack of pen symbol next to the artist name).</span>",Green,Character,10,10000,Donquixote Pirates;The Seven Warlords of the Sea,,Special,
594346,Belo Betty (OP05-015) (Reprint),Belo Betty OP05 015 Reprint,https://tcgplayer-cdn.tcgplayer.com/product/594346_200w.jpg,68,23496,https://cpt.tcgcsv.com/XLM6,2024-11-08T22:08:30.61,1,0.48,1.02,5.99,0.89,,Foil,R,OP05-015,"[On Play] Look at 5 cards from the top of your deck; reveal up to 1 [Revolutionary Army] type card other than [Belo Betty] and add it to your hand. Then, place the rest at the bottom of your deck in any order.

<br><span style=""color:red"">Disclaimer: This card was reprinted from the original set with changes to the artist credit (note the lack of pen symbol next to the artist name).</span>",Red,Character,1,2000,Revolutionary Army,1000,Special,
594347,Baby 5 (OP04-032) (Reprint),Baby 5 OP04 032 Reprint,https://tcgplayer-cdn.tcgplayer.com/product/594347_200w.jpg,68,23496,https://cpt.tcgcsv.com/ZLM6,2024-11-08T22:05:55.487,1,0.02,0.15,3.0,0.1,,Normal,UC,OP04-032,"[End of Your Turn] <strong>You may trash this Character</strong>: Set up to 2 of your DON!! cards as active.
<br><span style=""color:red"">Disclaimer: This card was reprinted from the original set with changes to the artist credit (note the lack of pen symbol next to the artist name).</span>",Green,Character,1,1000,Donquixote Pirates,2000,Special,
594348,Bartolomeo (OP04-089) (Reprint),Bartolomeo OP04 089 Reprint,https://tcgplayer-cdn.tcgplayer.com/product/594348_200w.jpg,68,23496,https://cpt.tcgcsv.com/-LM6,2024-11-08T22:07:13.213,1,0.09,0.25,5.0,0.15,,Foil,R,OP04-089,"[Blocker] <em>(After your opponent declares an attack, you may rest this card to make it the new target of the attack.)</em>
<br><span style=""color:red"">Disclaimer: This card was reprinted from the original set with changes to the artist credit (note the lack of pen symbol next to the artist name).</span>",Black,Character,3,3000,Dressrosa;Barto Club,2000,Special,
594349,Nico Robin (Reprint),Nico Robin Reprint,https://tcgplayer-cdn.tcgplayer.com/product/594349_200w.jpg,68,23496,https://cpt.tcgcsv.com/_LM6,2024-11-08T22:08:19.93,1,0.05,0.2,5.0,0.12,,Normal,UC,OP05-010,"[On Play] K.O. up to 1 of your opponent's Characters with 1000 power or less.

<br><span style=""color:red"">Disclaimer: This card was reprinted from the original set with changes to the artist credit (note the lack of pen symbol next to the artist name).</span>",Red,Character,1,2000,Straw Hat Crew,1000,Strike,
594350,"Capone""Gang""Bege (OP04-100) (Reprint)",CaponeGangBege OP04 100 Reprint,https://tcgplayer-cdn.tcgplayer.com/product/594350_200w.jpg,68,23496,https://cpt.tcgcsv.com/0MM6,2024-11-08T22:07:30.653,1,0.2,0.8,10.0,0.7,,Foil,R,OP04-100,"[Trigger] Up to 1 of your opponent's Leader or Character cards cannot attack during this turn.
<br><span style=""color:red"">Disclaimer: This card was reprinted from the original set with changes to the artist credit (note the lack of pen symbol next to the artist name).</span>",Yellow,Character,3,3000,Firetank Pirates,2000,Ranged,
594351,Sanji (Reprint),Sanji Reprint,https://tcgplayer-cdn.tcgplayer.com/product/594351_200w.jpg,68,23496,https://cpt.tcgcsv.com/2MM6,2024-11-08T22:07:42.45,1,0.16,0.49,10.0,0.32,,Foil,SR,OP04-104,"[Blocker] <em>(After your opponent declares an attack, you may rest this card to make it the new target of the attack.)</em>
<br>
[Trigger] You may trash 1 card from your hand: Play this card.
<br><span style=""color:red"">Disclaimer: This card was reprinted from the original set with changes to the artist credit (note the lack of pen symbol next to the artist name).</span>",Yellow,Character,3,5000,The Vinsmoke Family,1000,Ranged,
594352,Sabo (OP05-007) (Reprint),Sabo OP05 007 Reprint,https://tcgplayer-cdn.tcgplayer.com/product/594352_200w.jpg,68,23496,https://cpt.tcgcsv.com/3MM6,2024-11-08T22:08:11.417,1,0.08,0.49,5.0,0.29,,Foil,SR,OP05-007,"[On Play] K.O. up to 2 of your opponent's Characters with a total power of 4000 or less.

<br><span style=""color:red"">Disclaimer: This card was reprinted from the original set with changes to the artist credit (note the lack of pen symbol next to the artist name).</span>",Red,Character,6,7000,Revolutionary Army,,Special,
594353,Yamato (OP04-112) (Reprint),Yamato OP04 112 Reprint,https://tcgplayer-cdn.tcgplayer.com/product/594353_200w.jpg,68,23496,https://cpt.tcgcsv.com/5MM6,2024-11-08T22:07:50.823,1,0.24,0.89,10.0,0.54,,Foil,SR,OP04-112,"[On Play] K.O. up to 1 of your opponent's Characters with a cost equal to or less than the total of your and your opponent's Life cards. Then, if you have 1 or less Life cards, add up to 1 card from the top of your deck to the top of your Life cards.
<br><span style=""color:red"">Disclaimer: This card was reprinted from the original set with changes to the artist credit (note the lack of pen symbol next to the artist name).</span>",Yellow,Character,9,9000,Land of Wano,,Strike,
594354,Koala (Reprint),Koala Reprint,https://tcgplayer-cdn.tcgplayer.com/product/594354_200w.jpg,68,23496,https://cpt.tcgcsv.com/6MM6,2024-11-08T22:08:00.003,1,0.34,1.25,10.0,1.12,,Foil,SR,OP05-006,"[On Play] If your Leader has the [Revolutionary Army] type, give up to 1 of your opponent's Characters -3000 power during this turn.

<br><span style=""color:red"">Disclaimer: This card was reprinted from the original set with changes to the artist credit (note the lack of pen symbol next to the artist name).</span>",Red,Character,2,3000,Revolutionary Army,2000,Strike,
596374,Yamato (OP01-121) (Reprint),Yamato OP01 121 Reprint,https://tcgplayer-cdn.tcgplayer.com/product/596374_200w.jpg,68,23496,https://cpt.tcgcsv.com/vzN6,2024-11-27T14:44:44.853,1,2.28,4.95,50.0,3.27,,Foil,SEC,OP01-121,"Also treat this card's name as [Kouzuki Oden] according to the rules.
<br>
[Double Attack] <em>(This card deals 2 damage.)</em>
<br>
[Banish] <em>(When this card deals damage, the target card is trashed without activating its Trigger.)</em>
<br><span style=""color:red"">Disclaimer: This card was reprinted from the original set with an additional security stamp on the bottom-left corner (note that this difference is not visible in official sample images).</span>",Green,Character,5,5000,Land of Wano,1000,Strike,
596376,Monkey.D.Luffy (P-055) (Reprint),MonkeyDLuffy P 055 Reprint,https://tcgplayer-cdn.tcgplayer.com/product/596376_200w.jpg,68,23496,https://cpt.tcgcsv.com/xzN6,2024-11-27T14:45:08.867,1,0.1,0.29,10.0,0.27,,Normal,PR,P-055,"[On Play] <strong>You may trash 2 cards from your hand</strong>: Your opponent places 1 of their Characters at the bottom of the owner's deck.
<br><span style=""color:red"">Disclaimer: This card was reprinted from the original set by removing the NOT FOR SALE on the border from the original print.</span>",Blue,Character,4,5000,Straw Hat Crew,1000,Strike,
596377,Nami (P-053) (Reprint),Nami P 053 Reprint,https://tcgplayer-cdn.tcgplayer.com/product/596377_200w.jpg,68,23496,https://cpt.tcgcsv.com/zzN6,2024-11-27T14:45:58.41,1,0.1,0.3,10.0,0.3,,Normal,PR,P-053,"[On Play] If you have 3 or less cards in your hand, return up to 1 of your opponent's Characters with a cost of 3 or less to the owner's hand.
<br><span style=""color:red"">Disclaimer: This card was reprinted from the original set by removing the NOT FOR SALE on the border from the original print.</span>",Blue,Character,1,1000,Straw Hat Crew,2000,Wisdom,
622980,Premium Booster - Sleeved Booster Pack,Premium Booster Sleeved Booster Pack,https://tcgplayer-cdn.tcgplayer.com/product/622980_200w.jpg,68,23496,https://cpt.tcgcsv.com/Dc_6,2025-08-22T13:51:54.343,1,52.0,74.95,166.0,52.46,,Normal,,,,,,,,,,,
