productId,name,cleanName,imageUrl,categoryId,groupId,url,modifiedOn,imageCount,lowPrice,midPrice,highPrice,marketPrice,directLowPrice,subTypeName,extRarity,extNumber,extDescription,extColor,extCardType,extLife,extPower,extSubtypes,extAttribute,extCost,extCounterplus
665598,The Azure Sea's Seven Booster Box,The Azure Seas Seven Booster Box,https://tcgplayer-cdn.tcgplayer.com/product/665598_200w.jpg,68,24537,https://cpt.tcgcsv.com/-fl7,2026-01-22T12:45:43.337,1,264.95,299.99,599.99,267.14,,Normal,,,,,,,,,,,
665599,The Azure Sea's Seven Booster Box Case,The Azure Seas Seven Booster Box Case,https://tcgplayer-cdn.tcgplayer.com/product/665599_200w.jpg,68,24537,https://cpt.tcgcsv.com/_fl7,2026-01-22T12:45:55.637,1,3000.0,3149.99,3500.0,2793.09,,Normal,,,,,,,,,,,
666518,Trafalgar Law - OP14-001,Trafalgar Law OP14 001,https://tcgplayer-cdn.tcgplayer.com/product/666518_200w.jpg,68,24537,https://cpt.tcgcsv.com/nDl7,2026-01-16T05:10:17.13,1,0.01,0.15,5.0,0.11,,Normal,L,OP14-001,[Activate:Main] [Once Per Turn] Select 2 of your {Supernovas} or {Heart Pirates} type Characters. Swap the base power of the selected Characters with each other during this turn.,Red,Leader,5,5000,Heart Pirates;Supernovas;The Seven Warlords of the Sea,Slash,,
666519,Trafalgar Law - OP14-001 (Alternate Art),Trafalgar Law OP14 001 Alternate Art,https://tcgplayer-cdn.tcgplayer.com/product/666519_200w.jpg,68,24537,https://cpt.tcgcsv.com/pDl7,2026-01-16T05:10:17.13,1,17.5,22.99,149.0,19.27,,Foil,L,OP14-001,[Activate:Main] [Once Per Turn] Select 2 of your {Supernovas} or {Heart Pirates} type Characters. Swap the base power of the selected Characters with each other during this turn.,Red,Leader,5,5000,Heart Pirates;Supernovas;The Seven Warlords of the Sea,,,
666520,Monkey.D.Luffy - OP14-013,MonkeyDLuffy OP14 013,https://tcgplayer-cdn.tcgplayer.com/product/666520_200w.jpg,68,24537,https://cpt.tcgcsv.com/qDl7,2026-01-16T05:10:17.13,1,0.25,0.86,200.0,0.57,,Foil,SR,OP14-013,"[On Play] Look at 5 cards from the top of your deck; reveal up to 1 {Supernovas} type card other than [Monkey.D.Luffy] and add it to your hand. Then, place the rest at the bottom of your deck in any order.
<br>[When Attacking] Give up to 1 of your opponent's Characters -1000 power during this turn.",Red,Character,,0,Straw Hat Crew;Supernovas,Strike,1,1000
666521,Monkey.D.Luffy - OP14-013 (Alternate Art),MonkeyDLuffy OP14 013 Alternate Art,https://tcgplayer-cdn.tcgplayer.com/product/666521_200w.jpg,68,24537,https://cpt.tcgcsv.com/rDl7,2026-01-16T05:10:17.13,1,15.5,18.7,65.0,16.21,,Foil,SR,OP14-013,"[On Play] Look at 5 cards from the top of your deck; reveal up to 1 {Supernovas} type card other than [Monkey.D.Luffy] and add it to your hand. Then, place the rest at the bottom of your deck in any order.
<br>[When Attacking] Give up to 1 of your opponent's Characters -1000 power during this turn.",Red,Character,,0,Straw Hat Crew;Supernovas,,1,1000
666524,Dracule Mihawk - OP14-020,Dracule Mihawk OP14 020,https://tcgplayer-cdn.tcgplayer.com/product/666524_200w.jpg,68,24537,https://cpt.tcgcsv.com/vDl7,2026-01-16T05:10:17.13,1,0.01,0.21,5.0,0.2,,Normal,L,OP14-020,"If your opponent's Leader has the ""Slash"" attribute, this leader gains +1000 power.
<br> [Activate:Main] [Once Per Turn] <strong>You may rest 1 of your cards:</strong> If there is a Character with a cost of 5 or more, set up to 3 of your DON!! cards as active. Then, you cannot play character cards during this turn.",Green,Leader,5,5000,The Seven Warlords of the Sea,Slash,,
666525,Dracule Mihawk - OP14-020 (Alternate Art),Dracule Mihawk OP14 020 Alternate Art,https://tcgplayer-cdn.tcgplayer.com/product/666525_200w.jpg,68,24537,https://cpt.tcgcsv.com/wDl7,2026-01-16T05:10:17.13,1,65.0,75.0,115.79,70.43,,Foil,L,OP14-020,"If your opponent's Leader has the ""Slash"" attribute, this leader gains +1000 power.
<br> [Activate:Main] [Once Per Turn] <strong>You may rest 1 of your cards:</strong> If there is a Character with a cost of 5 or more, set up to 3 of your DON!! cards as active. Then, you cannot play character cards during this turn.",Green,Leader,5,5000,The Seven Warlords of the Sea,Slash,,
666526,Perona - OP14-033,Perona OP14 033,https://tcgplayer-cdn.tcgplayer.com/product/666526_200w.jpg,68,24537,https://cpt.tcgcsv.com/xDl7,2026-01-16T05:10:17.13,1,9.99,11.53,50.0,10.97,,Foil,SR,OP14-033,"[On Play] Up to 2 of your opponent's Characters with a cost of 5 or less cannot be rested until the end of your opponent's next End Phase.
<br>[On K.O.] <strong>You may rest 1 of your cards:</strong> Play up to 1 green Character card with a cost of 5 or less from your hand.",Green,Character,,6000,Thriller Bark Pirates;Muggy Kingdom,Special,5,1000
666527,Perona - OP14-033 (Alternate Art),Perona OP14 033 Alternate Art,https://tcgplayer-cdn.tcgplayer.com/product/666527_200w.jpg,68,24537,https://cpt.tcgcsv.com/zDl7,2026-01-16T05:10:17.13,1,46.99,59.0,150.0,53.19,,Foil,SR,OP14-033,"[On Play] Up to 2 of your opponent's Characters with a cost of 5 or less cannot be rested until the end of your opponent's next End Phase.
<br>[On K.O.] <strong>You may rest 1 of your cards:</strong> Play up to 1 green Character card with a cost of 5 or less from your hand.",Green,Character,,6000,Thriller Bark Pirates;Muggy Kingdom,Special,5,1000
666528,Donquixote Doflamingo - OP14-060,Donquixote Doflamingo OP14 060,https://tcgplayer-cdn.tcgplayer.com/product/666528_200w.jpg,68,24537,https://cpt.tcgcsv.com/BDl7,2026-01-16T05:10:17.13,1,0.03,0.2,9.95,0.14,,Normal,L,OP14-060,[On Your Opponent's Attack] [Once Per Turn] <strong>DON!! -1:</strong> Select your Leader or 1 of your {Donquixote Pirates} type Characters. Change the attack target to the selected card.,Purple,Leader,5,5000,Donquixote Pirates;The Seven Warlords of the Sea,Special,,
666529,Donquixote Doflamingo - OP14-060 (Alternate Art),Donquixote Doflamingo OP14 060 Alternate Art,https://tcgplayer-cdn.tcgplayer.com/product/666529_200w.jpg,68,24537,https://cpt.tcgcsv.com/CDl7,2026-01-16T05:10:17.13,1,24.0,29.35,150.0,25.29,,Foil,L,OP14-060,[On Your Opponent's Attack] [Once Per Turn] <strong> DON!! -1:</strong> Select your Leader or 1 of your {Donquixote Pirates} type Characters. Change the attack target to the selected card.,Purple,Leader,5,5000,Donquixote Pirates;The Seven Warlords of the Sea,Special,,
666530,Sugar,Sugar,https://tcgplayer-cdn.tcgplayer.com/product/666530_200w.jpg,68,24537,https://cpt.tcgcsv.com/DDl7,2026-01-22T16:16:45.983,1,0.01,0.25,16.0,0.15,,Foil,R,OP14-063,"[On Play] Add up to 1 DON!! card from your DON!! deck and set it as active.
<br>[On K.O.] If your opponent has 6 or more DON!! cards on their field, play up to 1 {Donquixote Pirates} type Character card with a cost of 5 or less from your hand.",Purple,Character,,1000,Donquixote Pirates,Special,4,1000
666532,Megalo (Alternate Art),Megalo Alternate Art,https://tcgplayer-cdn.tcgplayer.com/product/666532_200w.jpg,68,24537,https://cpt.tcgcsv.com/GDl7,2026-01-16T05:10:17.13,1,16.24,21.59,99.0,17.02,,Foil,R,EB04-018,[On Play] <strong>You may rest this Character:</strong> K.O. up to 1 of your opponent's rested Characters with 8000 power or less.,Green,Character,,4000,Animal;Fish-Man Island,Wisdom,4,2000
666534,Jinbe - EB04-015,Jinbe EB04 015,https://tcgplayer-cdn.tcgplayer.com/product/666534_200w.jpg,68,24537,https://cpt.tcgcsv.com/JDl7,2026-01-16T05:10:17.13,1,0.01,0.19,5.0,0.14,,Foil,R,EB04-015,"[Blocker]
<br>[On K.O.] <strong>You may rest 1 of your cards:</strong> If your Leader has the {Fish-Man} or {Merfolk} type, play up to 1 green Character card with a cost of 6 or less from your hand.",Green,Character,,8000,Fish-Man;The Sun Pirates;Fish-Man Island,Strike,7,
666535,Eleclaw,Eleclaw,https://tcgplayer-cdn.tcgplayer.com/product/666535_200w.jpg,68,24537,https://cpt.tcgcsv.com/KDl7,2026-01-16T05:10:17.13,1,0.01,0.2,10.0,0.16,,Foil,R,EB04-019,"[Main] <strong>You may rest 1 of your cards:</strong> If your Leader has the {Minks} type, give up to 1 of your opponent's Characters -3 cost during this turn. <br>[Counter] Up to 1 of your {Minks} type Leader or Character cards gains +3000 power during this battle.",Green,Event,,,Minks,,1,
666537,Issho - EB04-022 (Alternate Art),Issho EB04 022 Alternate Art,https://tcgplayer-cdn.tcgplayer.com/product/666537_200w.jpg,68,24537,https://cpt.tcgcsv.com/MDl7,2026-01-16T05:10:17.13,1,12.01,14.99,55.0,13.75,,Foil,R,EB04-022,"[On Play] <strong>You may trash 2 cards from your hand:</strong> If your opponent has 6 or more cards in their hand, your opponent places 2 cards from their hand at the bottom of their deck in any order. 
<br>[DON!!×1] [When Attacking] <strong>You may trash 1 card from your hand:</strong> Give up to 1 of your opponent's Characters-2000 power during this turn.",Blue,Character,,7000,Navy;Dressrosa,Slash,5,
666539,Kaido,Kaido,https://tcgplayer-cdn.tcgplayer.com/product/666539_200w.jpg,68,24537,https://cpt.tcgcsv.com/PDl7,2026-01-16T05:10:17.13,1,0.01,0.25,15.0,0.19,,Foil,R,EB04-030,"If this Character would be K.O.'d, you may return 1 DON!! card from your field to your DON!! deck instead. 
<br>[On Play] <strong>DON!! -2:</strong> If your Leader has the {Animal Kingdom Pirates} type, this Character gains Rush during this turn. Then, rest up to 1 of your opponent's Characters with a cost of 7 or less.",Purple,Character,,,Animal Kingdom Pirates;The Four Emperors,Strike,7,
666540,King (Alternate Art),King Alternate Art,https://tcgplayer-cdn.tcgplayer.com/product/666540_200w.jpg,68,24537,https://cpt.tcgcsv.com/QDl7,2026-01-16T05:10:17.13,1,29.7,38.0,60.0,32.92,,Foil,R,EB04-031,"If this Character would be K.O.'d, you may return 1 DON!! card from your field to your DON!! deck instead. 
<br>[Activate: Main] [Once Per Turn] If your Leader has the {Animal Kingdom Pirates} type and you have no other [King] Characters, add up to 1 DON!! card from your, DON!! deck and set it as active, and add up to 1 additional DON!! card and rest it.",Purple,Character,,7000,Animal Kingdom Pirates;Lunarian,Special,6,
666572,Gecko Moria - OP14-080,Gecko Moria OP14 080,https://tcgplayer-cdn.tcgplayer.com/product/666572_200w.jpg,68,24537,https://cpt.tcgcsv.com/sFl7,2026-01-16T05:10:17.13,1,0.01,0.15,5.0,0.11,,Normal,L,OP14-080,"[Activate: Main] [Once Per Turn] <strong>You may K.O. 1 of your {Thriller Bark Pirates} type Characters:</strong> Your Leader and all of your Characters gain +1000 power during this turn.
<br>[When Attacking] <strong>You may trash 3 cards from your hand:</strong> Add up to 1 card from the top of your deck to the top of your Life cards.",Black;Yellow,Leader,4,5000,The Seven Warlords of the Sea;Thriller Bark Pirates,Special,,
666573,Gecko Moria - OP14-080 (Alternate Art),Gecko Moria OP14 080 Alternate Art,https://tcgplayer-cdn.tcgplayer.com/product/666573_200w.jpg,68,24537,https://cpt.tcgcsv.com/tFl7,2026-01-16T05:10:17.13,1,12.0,16.87,99.0,14.02,,Foil,L,OP14-080,"[Activate: Main] [Once Per Turn] <strong>You may K.O. 1 of your {Thriller Bark Pirates} type Characters:</strong> Your Leader and all of your Characters gain +1000 power during this turn.
<br>[When Attacking] <strong>You may trash 3 cards from your hand:</strong> Add up to 1 card from the top of your deck to the top of your Life cards.",Black;Yellow,Leader,4,5000,The Seven Warlords of the Sea;Thriller Bark Pirates,Special,,
666574,Gecko Moria - OP14-104,Gecko Moria OP14 104,https://tcgplayer-cdn.tcgplayer.com/product/666574_200w.jpg,68,24537,https://cpt.tcgcsv.com/vFl7,2026-01-16T05:10:17.13,1,6.79,8.75,25.0,7.89,,Foil,SR,OP14-104,"[On Play] Select up to 1 {Thriller Bark Pirates} type Character with a cost of 4 or less from your trash and play it or add it to the top of your Life cards face-up.
<br>[Trigger] Play up to 1 Character card with a cost of 4 or less from your trash.",Yellow,Character,,10000,The Seven Warlords of the Sea;Thriller Bark Pirates,Special,8,
666575,Gecko Moria - OP14-104 (Alternate Art),Gecko Moria OP14 104 Alternate Art,https://tcgplayer-cdn.tcgplayer.com/product/666575_200w.jpg,68,24537,https://cpt.tcgcsv.com/wFl7,2026-01-16T05:10:17.13,1,35.0,43.84,120.0,40.84,,Foil,SR,OP14-104,"[On Play] Select up to 1 {Thriller Bark Pirates} type Character with a cost of 4 or less from your trash and play it or add it to the top of your Life cards face-up.
<br>[Trigger] Play up to 1 Character card with a cost of 4 or less from your trash.",Yellow,Character,,10000,The Seven Warlords of the Sea;Thriller Bark Pirates,Special,8,
666576,The Azure Sea's Seven Sleeved Booster Pack,The Azure Seas Seven Sleeved Booster Pack,https://tcgplayer-cdn.tcgplayer.com/product/666576_200w.jpg,68,24537,https://cpt.tcgcsv.com/xFl7,2026-01-16T05:10:17.13,1,8.88,11.62,49.99,11.62,,Normal,,,,,,,,,,,
666577,The Azure Sea's Seven Booster Pack,The Azure Seas Seven Booster Pack,https://tcgplayer-cdn.tcgplayer.com/product/666577_200w.jpg,68,24537,https://cpt.tcgcsv.com/zFl7,2026-01-22T12:46:22.023,1,6.4,7.23,18.99,7.02,,Normal,,,,,,,,,,,
666578,Double Pack Set Vol. 9,Double Pack Set Vol 9,https://tcgplayer-cdn.tcgplayer.com/product/666578_200w.jpg,68,24537,https://cpt.tcgcsv.com/BFl7,2026-01-16T05:10:17.13,1,29.99,35.5,45.0,35.15,,Normal,,,,,,,,,,,
666579,Double Pack Set Vol. 9 Display,Double Pack Set Vol 9 Display,https://tcgplayer-cdn.tcgplayer.com/product/666579_200w.jpg,68,24537,https://cpt.tcgcsv.com/CFl7,2026-01-16T05:10:17.13,1,257.99,287.95,348.95,259.58,,Normal,,,,,,,,,,,
666761,Crocodile - OP14-079,Crocodile OP14 079,https://tcgplayer-cdn.tcgplayer.com/product/666761_200w.jpg,68,24537,https://cpt.tcgcsv.com/fKl7,2026-01-16T05:10:17.13,1,0.02,0.2,12.0,0.17,,Normal,L,OP14-079,"All of your opponent's Characters cannot be removed from the field by your effects.
<br>[Activate: Main] [Once Per Turn] <strong>You may K.O. 1 of your Characters with a type including ""Baroque Works"":</strong> Give up to 1 of your opponent's Characters -10 cost during this turn. Then, you may trash 2 cards from the top of your deck.",Black,Leader,5,5000,Baroque Works;The Seven Warlords of the Sea,Special,,
666762,Crocodile - OP14-079 (Alternate Art),Crocodile OP14 079 Alternate Art,https://tcgplayer-cdn.tcgplayer.com/product/666762_200w.jpg,68,24537,https://cpt.tcgcsv.com/gKl7,2026-01-16T05:10:17.13,1,27.86,31.89,80.0,28.39,,Foil,L,OP14-079,"All of your opponent's Characters cannot be removed from the field by your effects.
<br>[Activate: Main] [Once Per Turn] <strong>You may K.O. 1 of your Characters with a type including ""Baroque Works"":</strong> Give up to 1 of your opponent's Characters -10 cost during this turn. Then, you may trash 2 cards from the top of your deck.",Black,Leader,5,5000,Baroque Works;The Seven Warlords of the Sea,Special,,
666912,Ms. All Sunday,Ms All Sunday,https://tcgplayer-cdn.tcgplayer.com/product/666912_200w.jpg,68,24537,https://cpt.tcgcsv.com/gNl7,2026-01-16T05:10:17.13,1,1.0,2.79,325.0,1.68,,Foil,SR,OP14-084,"[On Play] If your Leader's type includes ""Baroque Works"", play up to 1 Character card with a type including ""Baroque Works"" and a cost of 4 or less and up to 1 Character card with a type including ""Baroque Works"" and a cost of 1 from your trash.",Black,Character,,8000,Baroque Works,Strike,7,
666913,Ms. All Sunday (Alternate Art),Ms All Sunday Alternate Art,https://tcgplayer-cdn.tcgplayer.com/product/666913_200w.jpg,68,24537,https://cpt.tcgcsv.com/hNl7,2026-01-16T05:10:17.13,1,51.99,62.23,199.99,59.79,,Foil,SR,OP14-084,"[On Play] If your Leader's type includes ""Baroque Works"", play up to 1 Character card with a type including ""Baroque Works"" and a cost of 4 or less and up to 1 Character card with a type including ""Baroque Works"" and a cost of 1 from your trash.",Black,Character,,8000,Baroque Works,Strike,7,
668333,Boa Hancock - OP14-041,Boa Hancock OP14 041,https://tcgplayer-cdn.tcgplayer.com/product/668333_200w.jpg,68,24537,https://cpt.tcgcsv.com/Hlm7,2026-01-16T05:10:17.13,1,0.01,0.25,20.26,0.21,,Normal,L,OP14-041,"[Opponent's Turn] When you play a Character, draw 1 card.
<br>[DON!!x1] [Once Per Turn] When one of your {Amazon Lily} or {Kuja Pirates} type Characters with 5000 base power or more is K.O.'d add up to 1 card from the top of your opponent's Life cards to the owner's hand.",Blue;Yellow,Leader,4,5000,Kuja Pirates;The Seven Warlords of the Sea,Special,,
668335,Boa Hancock - OP14-041 (Alternate Art),Boa Hancock OP14 041 Alternate Art,https://tcgplayer-cdn.tcgplayer.com/product/668335_200w.jpg,68,24537,https://cpt.tcgcsv.com/Klm7,2026-01-16T05:10:17.13,1,100.0,110.0,275.0,101.05,,Foil,L,OP14-041,"[Opponent's Turn] When you play a Character, draw 1 card.
<br>[DON!!x1] [Once Per Turn] When one of your {Amazon Lily} or {Kuja Pirates} type Characters with 5000 base power or more is K.O.'d add up to 1 card from the top of your opponent's Life cards to the owner's hand.",Blue;Yellow,Leader,4,5000,Kuja Pirates;The Seven Warlords of the Sea,Special,,
668342,Boa Hancock - OP14-112,Boa Hancock OP14 112,https://tcgplayer-cdn.tcgplayer.com/product/668342_200w.jpg,68,24537,https://cpt.tcgcsv.com/Slm7,2026-01-16T05:10:17.13,1,5.0,7.5,50.0,5.86,,Foil,SR,OP14-112,"[On Play] If your Leader has the {The Seven Warlords of the Sea} type, add up to 1 card from the top of your deck to the top of your Life cards. Then, add up to 1 card from the top of your opponent's Life cards to the owner's hand.
<br>[Trigger] Play up to 1 Character card with 6000 power or less and a [Trigger] from your hand.",Yellow,Character,,10000,Kuja Pirates;The Seven Warlords of the Sea,Special,9,
668343,Boa Hancock - OP14-112 (Alternate Art),Boa Hancock OP14 112 Alternate Art,https://tcgplayer-cdn.tcgplayer.com/product/668343_200w.jpg,68,24537,https://cpt.tcgcsv.com/Tlm7,2026-01-16T05:10:17.13,1,96.0,109.99,200.0,100.79,,Foil,SR,OP14-112,"[On Play] If your Leader has the {The Seven Warlords of the Sea} type, add up to 1 card from the top of your deck to the top of your Life cards. Then, add up to 1 card from the top of your opponent's Life cards to the owner's hand.
<br>[Trigger] Play up to 1 Character card with 6000 power or less and a [Trigger] from your hand.",Yellow,Character,,10000,Kuja Pirates;The Seven Warlords of the Sea,Special,9,
668420,Stealth Black,Stealth Black,https://tcgplayer-cdn.tcgplayer.com/product/668420_200w.jpg,68,24537,https://cpt.tcgcsv.com/qnm7,2026-01-16T05:10:17.13,1,0.01,0.15,2.8,0.1,,Normal,C,EB04-041,"[Main] If your Leader is [Sanji] and you have 4 or more DON!! cards on your field, play up to 1 [Sanji] with 6000 power or less from your hand or trash.
<br>[Trigger] Draw 2 cards and trash 1 card from your hand.",Purple,Event,,,Straw Hat Crew,,3,
668528,Boa Hancock - EB04-027,Boa Hancock EB04 027,https://tcgplayer-cdn.tcgplayer.com/product/668528_200w.jpg,68,24537,https://cpt.tcgcsv.com/Bqm7,2026-01-16T05:10:17.13,1,0.01,0.3,20.0,0.23,,Foil,R,EB04-027,"[On Play] Draw 2 cards and trash 1 card from your hand.
<br>[Trigger] Play up to 1 Character card with 5000 power or less and a [Trigger] from your hand.",Blue,Character,,7000,Kuja Pirates;The Seven Warlords of the Sea,Special,5,
668529,Chaka & Pell - EB04-023,Chaka and Pell EB04 023,https://tcgplayer-cdn.tcgplayer.com/product/668529_200w.jpg,68,24537,https://cpt.tcgcsv.com/Cqm7,2026-01-16T05:10:17.13,1,0.01,0.21,33.0,0.15,,Foil,R,EB04-023,"[Double Attack] <em>(This card deals 2 damage.)</em>
<br>[On Play] <strong>You may give your active Leader -5000 power during this turn:</strong> Draw 2 cards.",Blue,Character,,9000,Alabasta,Slash,8,
668568,Jinbe - OP14-040,Jinbe OP14 040,https://tcgplayer-cdn.tcgplayer.com/product/668568_200w.jpg,68,24537,https://cpt.tcgcsv.com/nrm7,2026-01-16T05:10:17.13,1,0.01,0.18,5.0,0.14,,Normal,L,OP14-040,[Activate: Main] <strong>You may trash 1 card from your hand:</strong> Give up to 2 rested DON!! cards to 1 of your {Fish-Man} or {Merfolk} type Leader or Character cards.,Blue,Leader,5,5000,Fish-Man;The Seven Warlords of the Sea;The Sun Pirates,Strike,,
668569,Jinbe - OP14-040 (Alternate Art),Jinbe OP14 040 Alternate Art,https://tcgplayer-cdn.tcgplayer.com/product/668569_200w.jpg,68,24537,https://cpt.tcgcsv.com/prm7,2026-01-16T05:10:17.13,1,9.9,14.18,55.0,10.59,,Foil,L,OP14-040,[Activate: Main] <strong>You may trash 1 card from your hand:</strong> Give up to 2 rested DON!! cards to 1 of your {Fish-Man} or {Merfolk} type Leader or Character cards.,Blue,Leader,5,5000,Fish-Man;The Seven Warlords of the Sea;The Sun Pirates,Strike,,
668570,Jinbe - OP14-049,Jinbe OP14 049,https://tcgplayer-cdn.tcgplayer.com/product/668570_200w.jpg,68,24537,https://cpt.tcgcsv.com/qrm7,2026-01-16T05:10:17.13,1,0.65,1.16,99.9,0.84,,Foil,SR,OP14-049,"When a card is trashed from your hand by an effect, this Character gains [Rush] during this turn.
<br>[On Play] <strong>You may rest 2 of your DON!! cards:</strong> Draw 2 cards and return up to 1 Character with a cost of 7 or less to the owner's hand.",Blue,Character,,10000,Fish-Man;The Seven Warlords of the Sea;The Sun Pirates,Strike,8,
668571,Jinbe - OP14-049 (Alternate Art),Jinbe OP14 049 Alternate Art,https://tcgplayer-cdn.tcgplayer.com/product/668571_200w.jpg,68,24537,https://cpt.tcgcsv.com/rrm7,2026-01-16T05:10:17.13,1,7.0,9.52,50.0,7.99,,Foil,SR,OP14-049,"When a card is trashed from your hand by an effect, this Character gains [Rush] during this turn.
<br>[On Play] <strong>You may rest 2 of your DON!! cards:</strong> Draw 2 cards and return up to 1 Character with a cost of 7 or less to the owner's hand.",Blue,Character,,10000,Fish-Man;The Seven Warlords of the Sea;The Sun Pirates,Strike,8,
668636,Trafalgar Law - OP14-009,Trafalgar Law OP14 009,https://tcgplayer-cdn.tcgplayer.com/product/668636_200w.jpg,68,24537,https://cpt.tcgcsv.com/Lsm7,2026-01-16T05:10:17.13,1,0.05,0.67,99.9,0.4,,Foil,SR,OP14-009,"[Rush]
<br>[On Your Opponent's Attack] [Once Per Turn] <strong>You may trash 2 cards from your hand:</strong> Select your Leader and 1 Character. Swap the base power of the selected cards with each other during this battle.",Red,Character,,10000,Heart Pirates;Supernovas;The Seven Warlords of the Sea,Slash,9,
668637,Trafalgar Law - OP14-009 (Alternate Art),Trafalgar Law OP14 009 Alternate Art,https://tcgplayer-cdn.tcgplayer.com/product/668637_200w.jpg,68,24537,https://cpt.tcgcsv.com/Msm7,2026-01-16T05:10:17.13,1,13.75,17.77,86.0,14.75,,Foil,SR,OP14-009,"[Rush]
<br>[On Your Opponent's Attack] [Once Per Turn] <strong>You may trash 2 cards from your hand:</strong> Select your Leader and 1 Character. Swap the base power of the selected cards with each other during this battle.",Red,Character,,10000,Heart Pirates;Supernovas;The Seven Warlords of the Sea,Slash,9,
668638,Donquixote Doflamingo - OP14-069,Donquixote Doflamingo OP14 069,https://tcgplayer-cdn.tcgplayer.com/product/668638_200w.jpg,68,24537,https://cpt.tcgcsv.com/Nsm7,2026-01-16T05:10:17.13,1,0.4,1.15,99.9,0.69,,Foil,SR,OP14-069,"[On Play] <strong>DON!! -3:</strong> Choose one:
<br>•If your Leader has the {Donquixote Pirates} type, K.O. up to 1 of your opponent's Characters with a cost of 8 or less.
<br>•Up to 3 of your opponent's Characters with a cost of 7 or less cannot be rested until the end of your opponent's next End Phase.",Purple,Character,,10000,Donquixote Pirates;The Seven Warlords of the Sea,Special,10,
668639,Donquixote Doflamingo - OP14-069 (Alternate Art),Donquixote Doflamingo OP14 069 Alternate Art,https://tcgplayer-cdn.tcgplayer.com/product/668639_200w.jpg,68,24537,https://cpt.tcgcsv.com/Psm7,2026-01-16T05:10:17.13,1,8.75,12.1,60.0,9.71,,Foil,SR,OP14-069,"[On Play] <strong>DON!! -3:</strong> Choose one:
<br>•If your Leader has the {Donquixote Pirates} type, K.O. up to 1 of your opponent's Characters with a cost of 8 or less.
<br>•Up to 3 of your opponent's Characters with a cost of 7 or less cannot be rested until the end of your opponent's next End Phase.",Purple,Character,,10000,Donquixote Pirates;The Seven Warlords of the Sea,Special,10,
668640,Crocodile - OP14-120,Crocodile OP14 120,https://tcgplayer-cdn.tcgplayer.com/product/668640_200w.jpg,68,24537,https://cpt.tcgcsv.com/Qsm7,2026-01-16T05:10:17.13,1,2.9,5.05,99.9,3.46,,Foil,SEC,OP14-120,"[On Play] up to 1 of your opponent's Characters with a cost of 9 or less cannot attack until the end of your opponent's next End Phase. Then, if your opponent has a Character 1ith a cost of 0 or with a cost of 8 or more, draw 1 card.
<br>[On K.O.] <strong>You may trash 1 card from your hand:</strong> Play this Character card from your trash.",Black,Character,,10000,Baroque Works;The Seven Warlords of the Sea,Special,8,
668641,Dracule Mihawk - OP14-119,Dracule Mihawk OP14 119,https://tcgplayer-cdn.tcgplayer.com/product/668641_200w.jpg,68,24537,https://cpt.tcgcsv.com/Rsm7,2026-01-16T05:10:17.13,1,3.5,9.53,50.0,6.79,,Foil,SEC,OP14-119,"[Your Turn] When this Character becomes rested, up to 1 of your opponent's Characters with a cost or 9 or less cannot be rested until the end of your opponent's next End Phase.
<br>[On Your Opponent's Attack] [Once Per Turn] <strong>You may trash 1 card from your hand:</strong> Up to 1 of your Leader or Character cards gains +2000 power during this battle.",Green,Character,,10000,The Seven Warlords of the Sea,Slash,9,
668642,Crocodile - OP14-120 (Alternate Art),Crocodile OP14 120 Alternate Art,https://tcgplayer-cdn.tcgplayer.com/product/668642_200w.jpg,68,24537,https://cpt.tcgcsv.com/Ssm7,2026-01-16T05:10:17.13,1,34.0,38.26,108.0,35.01,,Foil,SEC,OP14-120,"[On Play] up to 1 of your opponent's Characters with a cost of 9 or less cannot attack until the end of your opponent's next End Phase. Then, if your opponent has a Character 1ith a cost of 0 or with a cost of 8 or more, draw 1 card.
<br>[On K.O.] <strong>You may trash 1 card from your hand:</strong> Play this Character card from your trash.",Black,Character,,10000,Baroque Works;The Seven Warlords of the Sea,Special,8,
668643,Dracule Mihawk - OP14-119 (Alternate Art),Dracule Mihawk OP14 119 Alternate Art,https://tcgplayer-cdn.tcgplayer.com/product/668643_200w.jpg,68,24537,https://cpt.tcgcsv.com/Tsm7,2026-01-16T05:10:17.13,1,48.75,55.0,150.0,49.64,,Foil,SEC,OP14-119,"[Your Turn] When this Character becomes rested, up to 1 of your opponent's Characters with a cost or 9 or less cannot be rested until the end of your opponent's next End Phase.
<br>[On Your Opponent's Attack] [Once Per Turn] <strong>You may trash 1 card from your hand:</strong> Up to 1 of your Leader or Character cards gains +2000 power during this battle.",Green,Character,,10000,The Seven Warlords of the Sea,Slash,9,
668644,Kikunojo - EB04-012,Kikunojo EB04 012,https://tcgplayer-cdn.tcgplayer.com/product/668644_200w.jpg,68,24537,https://cpt.tcgcsv.com/Vsm7,2026-01-16T05:10:17.13,1,0.01,0.5,50.0,0.39,,Foil,SR,EB04-012,"[Activate:Main] [Once Per Turn] If this Character has played on this turn, set your {Land of Wano} type Leader as active.",Green,Character,,8000,Land of Wano;The Akazaya Nine,Slash,7,
668645,Kikunojo - EB04-012 (Alternate Art),Kikunojo EB04 012 Alternate Art,https://tcgplayer-cdn.tcgplayer.com/product/668645_200w.jpg,68,24537,https://cpt.tcgcsv.com/Wsm7,2026-01-16T05:10:17.13,1,4.5,9.95,99.9,5.97,,Foil,SR,EB04-012,"[Activate:Main] [Once Per Turn] If this Character has played on this turn, set your {Land of Wano} type Leader as active.",Green,Character,,8000,Land of Wano;The Akazaya Nine,Slash,7,
668658,Carrot,Carrot,https://tcgplayer-cdn.tcgplayer.com/product/668658_200w.jpg,68,24537,https://cpt.tcgcsv.com/btm7,2026-01-16T05:10:17.13,1,0.14,0.5,75.0,0.39,,Foil,SR,EB04-013,"[On Play] If your Leader has the {Minks} type, set up to 2 of your {Minks} type Characters and your Leader as active.",Green,Character,,9000,Minks,Special,8,
668659,Carrot (Alternate Art),Carrot Alternate Art,https://tcgplayer-cdn.tcgplayer.com/product/668659_200w.jpg,68,24537,https://cpt.tcgcsv.com/ctm7,2026-01-16T05:10:17.13,1,8.0,10.0,53.98,8.63,,Foil,SR,EB04-013,"[On Play] If your Leader has the {Minks} type, set up to 2 of your {Minks} type Characters and your Leader as active.",Green,Character,,9000,Minks,Special,8,
668670,Nefeltari Vivi,Nefeltari Vivi,https://tcgplayer-cdn.tcgplayer.com/product/668670_200w.jpg,68,24537,https://cpt.tcgcsv.com/qtm7,2026-01-16T05:10:17.13,1,0.18,0.9,40.0,0.63,,Foil,SR,EB04-025,"[On Play] Play up to 1 {Alabasta} type Character card with a cost of 8 or less other than [Nefeltari Vivi] from your hand. Then, your opponent places 1 card from your hand at the bottom of their deck.",Blue,Character,,4000,Alabasta,Slash,7,
668671,Nefeltari Vivi (Alternate Art),Nefeltari Vivi Alternate Art,https://tcgplayer-cdn.tcgplayer.com/product/668671_200w.jpg,68,24537,https://cpt.tcgcsv.com/rtm7,2026-01-16T05:10:17.13,1,28.99,34.99,85.0,32.59,,Foil,SR,EB04-025,"[On Play] Play up to 1 {Alabasta} type Character card with a cost of 8 or less other than [Nefeltari Vivi] from your hand. Then, your opponent places 1 card from your hand at the bottom of their deck.",Blue,Character,,4000,Alabasta,Slash,7,
668752,Foxy (Alternate Art),Foxy Alternate Art,https://tcgplayer-cdn.tcgplayer.com/product/668752_200w.jpg,68,24537,https://cpt.tcgcsv.com/3wm7,2026-01-16T05:10:17.13,1,3.95,5.99,29.95,4.34,,Foil,SR,EB04-036,"[On Play] <strong>DON!! -1:</strong> If your Leader has the {Foxy Pirates} type, draw 2 cards and trash 1 card from your hand. Then, rest up to 1 of your opponent's Characters with a cost of 9 or less.
<br>[Activate: Main] [Once Per Turn] Add up to 1 DON!! card from your DON!! deck and rest it.",Purple,Character,,9000,Foxy Pirates,Special,8,
668753,Foxy,Foxy,https://tcgplayer-cdn.tcgplayer.com/product/668753_200w.jpg,68,24537,https://cpt.tcgcsv.com/5wm7,2026-01-16T05:10:17.13,1,0.1,0.35,25.0,0.3,,Foil,SR,EB04-036,"[On Play] <strong>DON!! -1:</strong> If your Leader has the {Foxy Pirates} type, draw 2 cards and trash 1 card from your hand. Then, rest up to 1 of your opponent's Characters with a cost of 9 or less.
<br>[Activate: Main] [Once Per Turn] Add up to 1 DON!! card from your DON!! deck and rest it.",Purple,Character,,9000,Foxy Pirates,Special,8,
669239,Rosinante & Law,Rosinante and Law,https://tcgplayer-cdn.tcgplayer.com/product/669239_200w.jpg,68,24537,https://cpt.tcgcsv.com/PJm7,2026-01-16T05:10:17.13,1,1.3,2.78,99.9,2.09,,Foil,SR,EB04-038,"Under the rules of this game, also treat this card's name as [Trafalgar Law] and [Donquixote Rosinante]. 
<br>[Blocker]
<br>[On Play] If the number of DON!! cards on your field is equal to or less than the number on your opponent's field, draw 1 card. Then, add up to 1 DON!! card from your DON!! deck and set it as active.",Purple,Character,,8000,Donquixote Pirates;Navy,Special;Wisdom,6,
669240,Rosinante & Law (Alternate Art),Rosinante and Law Alternate Art,https://tcgplayer-cdn.tcgplayer.com/product/669240_200w.jpg,68,24537,https://cpt.tcgcsv.com/QJm7,2026-01-16T05:10:17.13,1,45.0,58.1,100.0,55.95,,Foil,SR,EB04-038,"Under the rules of this game, also treat this card's name as [Trafalgar Law] and [Donquixote Rosinante]. 
<br>[Blocker]
<br>[On Play] If the number of DON!! cards on your field is equal to or less than the number on your opponent's field, draw 1 card. Then, add up to 1 DON!! card from your DON!! deck and set it as active.",Purple,Character,,8000,Donquixote Pirates;Navy,Special;Wisdom,6,
670250,Roronoa Zoro - OP14-015 (Alternate Art),Roronoa Zoro OP14 015 Alternate Art,https://tcgplayer-cdn.tcgplayer.com/product/670250_200w.jpg,68,24537,https://cpt.tcgcsv.com/07n7,2026-01-16T05:10:17.13,1,9.54,12.69,54.84,10.74,,Foil,R,OP14-015,"[Rush] <em>(This card can attack on the turn in which it is played.)</em>
<br>[When Attacking] Give up to 1 of your opponent's Characters -1000 power during this turn.",Red,Character,,8000,Straw Hat Crew;Supernovas,Slash,7,
670251,Vergo (Alternate Art),Vergo Alternate Art,https://tcgplayer-cdn.tcgplayer.com/product/670251_200w.jpg,68,24537,https://cpt.tcgcsv.com/27n7,2026-01-16T05:10:17.13,1,3.72,7.25,39.98,5.11,,Foil,R,OP14-061,"[Once Per Turn] If your {Donquixote Pirates} type Character would be removed from the field by your opponent's effect, you may return 1 DON!! card from your field to your DON!! deck instead.
<br>[When Attacking] <strong>DON!! -1</strong>: Give up to 1 of your opponent's Characters -2000 power during this turn.",Purple,Character,,7000,Donquixote Pirates;Navy;Punk Hazard,Strike,5,
670252,Nami,Nami,https://tcgplayer-cdn.tcgplayer.com/product/670252_200w.jpg,68,24537,https://cpt.tcgcsv.com/37n7,2026-01-16T05:10:17.13,1,6.0,9.99,99.9,9.34,,Foil,SR,OP14-031,"[Blocker]
<br>[On Play] Rest up to 2 of your opponent's Characters with a cost of 8 or less. Then, set up to 5 of your DON!! cards as active at the end of this turn.",Green,Character,,2000,FILM;Straw Hat Crew,Special,4,
670254,Nami (Alternate Art),Nami Alternate Art,https://tcgplayer-cdn.tcgplayer.com/product/670254_200w.jpg,68,24537,https://cpt.tcgcsv.com/67n7,2026-01-16T05:10:17.13,1,77.8,85.0,900.0,78.05,,Foil,SR,OP14-031,"[Blocker]
<br>[On Play] Rest up to 2 of your opponent's Characters with a cost of 8 or less. Then, set up to 5 of your DON!! cards as active at the end of this turn.",Green,Character,,2000,FILM;Straw Hat Crew,Special,4,
670255,Shanks (Alternate Art),Shanks Alternate Art,https://tcgplayer-cdn.tcgplayer.com/product/670255_200w.jpg,68,24537,https://cpt.tcgcsv.com/77n7,2026-01-16T05:10:17.13,1,26.0,30.98,50.0,29.47,,Foil,R,OP14-027,"[Your Turn] When this Character becomes rested, rest up to 1 of your opponent's Characters with 7000 base power or less.
<br>[Opponent's Turn] If this Character is rested, give all of your opponent's Characters -1000 power.",Green,Character,,9000,The Four Emperors;Red-Haired Pirates;East Blue,Slash,7,
670596,Perona - OP14-111 (Alternate Art),Perona OP14 111 Alternate Art,https://tcgplayer-cdn.tcgplayer.com/product/670596_200w.jpg,68,24537,https://cpt.tcgcsv.com/Xfn7,2026-01-16T05:10:17.13,1,30.0,39.94,99.9,35.68,,Foil,R,OP14-111,"[On Play]/[On K.O] Up to 1 of your opponent's Characters with a cost of 6 or less cannot attack until the end of your opponent's next End Phase.
<br>[Trigger] Play up to 1 {Thriller Bark Pirates} type Character card with a cost of 4 or less from your trash rested.",Yellow,Character,,5000,Thriller Bark Pirates,Special,4,1000
670597,Arlong (Alternate Art),Arlong Alternate Art,https://tcgplayer-cdn.tcgplayer.com/product/670597_200w.jpg,68,24537,https://cpt.tcgcsv.com/Zfn7,2026-01-20T18:23:36.28,1,3.0,5.49,50.0,4.35,,Foil,R,OP14-042,"[On Play] If your Leader has the {Fish Man} type, look at 4 cards from the top of your deck; reveal up to 1 card with a cost of 2 or more and add it to your hand. Then, place the rest at the bottom of your deck in any order.",Blue,Character,,3000,Fish-Man;The Sun Pirates,Slash,1,
670630,Mr.1 (Daz.Bonez) (Alternate Art),Mr1 DazBonez Alternate Art,https://tcgplayer-cdn.tcgplayer.com/product/670630_200w.jpg,68,24537,https://cpt.tcgcsv.com/Dgn7,2026-01-16T05:10:17.13,1,4.44,7.79,25.47,5.49,,Foil,R,OP14-090,"If there is a Character with a cost of 0 or with a cost of 8 or more, this Character can attack Characters on the turn in which it is played.
<br>[On Play] Rest up to 1 of your opponent's Characters with a cost of 0.",Black,Character,,6000,Baroque Works,Slash,5,1000
670639,Mr.2.Bon.Kurei (Bentham),Mr2BonKurei Bentham,https://tcgplayer-cdn.tcgplayer.com/product/670639_200w.jpg,68,24537,https://cpt.tcgcsv.com/Pgn7,2026-01-16T05:10:17.13,1,0.73,1.5,50.0,0.98,,Foil,SR,OP14-091,"[On K.O.] Play up to 1 Character card with a type including ""Baroque Works"" and a cost of 5 or less other than [Mr.2.Bon.Kurei.(Bentham)] from your hand or trash.",Black,Character,,5000,Baroque Works,Strike,4,1000
670640,Mr.2.Bon.Kurei (Bentham) (Alternate Art),Mr2BonKurei Bentham Alternate Art,https://tcgplayer-cdn.tcgplayer.com/product/670640_200w.jpg,68,24537,https://cpt.tcgcsv.com/Qgn7,2026-01-16T05:10:17.13,1,14.0,18.74,129.0,15.36,,Foil,SR,OP14-091,"[On K.O.] Play up to 1 Character card with a type including ""Baroque Works"" and a cost of 5 or less other than [Mr.2.Bon.Kurei.(Bentham)] from your hand or trash.",Black,Character,,5000,Baroque Works,Strike,4,1000
670642,Roronoa Zoro - PRB02-006 (SP),Roronoa Zoro PRB02 006 SP,https://tcgplayer-cdn.tcgplayer.com/product/670642_200w.jpg,68,24537,https://cpt.tcgcsv.com/Sgn7,2026-01-16T05:10:17.13,1,769.59,992.5,29999.0,878.97,,Foil,R,PRB02-006,"[Opponent's Turn] If this Character would be rested by your opponent's Character's effect, you may rest 1 of your other Characters instead.
<br>[Blocker]",Green,Character,,4000,Straw Hat Crew;Supernovas,Slash,4,2000
670645,Edward Weevil - EB01-023 (SP),Edward Weevil EB01 023 SP,https://tcgplayer-cdn.tcgplayer.com/product/670645_200w.jpg,68,24537,https://cpt.tcgcsv.com/Wgn7,2026-01-16T05:10:17.13,1,47.51,55.0,248.69,49.53,,Foil,R,EB01-023,[On Play] Draw 1 card.,Blue,Character,,6000,The Seven Warlords of the Sea,Slash,4,
670874,Ground Death (Alternate Art),Ground Death Alternate Art,https://tcgplayer-cdn.tcgplayer.com/product/670874_200w.jpg,68,24537,https://cpt.tcgcsv.com/vmn7,2026-01-16T05:10:17.13,1,133.68,143.99,400.0,136.1,,Foil,R,OP14-096,"[Main] <strong>You may rest 2 of your Don!! cards:</strong> Negate the effect of up to 1 of your opponent's Characters with a cost of 5 or less during this turn.
<br>[Counter] If you have 10 or more cards in your trash up to 1 of your Leader or Character cards gains +4000 power during this battle.",Black,Event,,,,,1,
670875,You'll Frighten Me... (Alternate Art),Youll Frighten Me Alternate Art,https://tcgplayer-cdn.tcgplayer.com/product/670875_200w.jpg,68,24537,https://cpt.tcgcsv.com/wmn7,2026-01-16T05:10:17.13,1,202.49,233.99,5000.0,230.19,,Foil,R,OP14-118,"[Counter] If you have 2 or less Life cards, up to 1 of your opponent's active Characters cannot attack during this turn.
<br>[Trigger] Play up to 1 Character card with 6000 power or less and a [Trigger] from your hand.",Yellow,Event,,,,,1,
670876,Donquixote Rosinante - OP12-108,Donquixote Rosinante OP12 108,https://tcgplayer-cdn.tcgplayer.com/product/670876_200w.jpg,68,24537,https://cpt.tcgcsv.com/xmn7,2026-01-16T05:10:17.13,1,39.6,44.17,150.0,41.34,,Foil,TR,OP12-108,"[On Play] Look at 5 cards from the top of your deck; reveal up to 1 [Trafalgar Law] and add it to your hand. Then, place the rest at the bottom of your deck in any order.",Yellow,Character,,2000,Donquixote Pirates;Navy,Special,1,1000
671329,Scaled Neptunian,Scaled Neptunian,https://tcgplayer-cdn.tcgplayer.com/product/671329_200w.jpg,68,24537,https://cpt.tcgcsv.com/Cxn7,2026-01-16T05:10:17.13,1,0.01,0.11,1.58,0.07,,Normal,C,EB04-011,"[Rush: Character] <em>(This card can attack Characters on the turn in which it is played.)</em><br>
[On Play] Draw a card for each of your {Neptunian} type Characters. Then, trash the same number of cards from your hand.",Green,Character,,8000,Neptunian,Strike,7,1000
671330,Kouzuki Sukiyaki,Kouzuki Sukiyaki,https://tcgplayer-cdn.tcgplayer.com/product/671330_200w.jpg,68,24537,https://cpt.tcgcsv.com/Dxn7,2026-01-16T05:10:17.13,1,0.01,0.11,3.5,0.06,,Normal,C,EB04-014,"[Blocker] (After your opponent declares an attack, you may rest this card to make it the new target of the attack.)<br>
[Activate: Main] [Once Per Turn] Give up to 1 rested DON!! card to your {Land of Wano} type Leader.",Green,Character,,,Land of Wano;Kouzuki Clan,Wisdom,3,
671331,Bird Neptunian,Bird Neptunian,https://tcgplayer-cdn.tcgplayer.com/product/671331_200w.jpg,68,24537,https://cpt.tcgcsv.com/Fxn7,2026-01-16T05:10:17.13,1,0.01,0.12,3.5,0.05,,Normal,C,EB04-016,"[Activate: Main] Set up to 1 of your DON!! cards as active. Then, you cannot set DON!! cards as active using Character effects during this turn.<br>
[When Attacking] If you have 3 or more {Neptunian} type Characters, rest up to 1 of your opponent's Characters with a cost of 8 or less.",Green,Character,,7000,Neptunian,Strike,5,
671332,Mystoms,Mystoms,https://tcgplayer-cdn.tcgplayer.com/product/671332_200w.jpg,68,24537,https://cpt.tcgcsv.com/Gxn7,2026-01-16T05:10:17.13,1,0.01,0.12,3.0,0.1,,Normal,C,EB04-017,"[Your Turn] If you have 3 or more {Minks} type Characters, give all of your opponent's Characters 1 cost.<br>
[On Play] If your Leader has the {Minks} type, play up to 1 {Minks} type Character card with a cost of 5 or less from your hand.",Green,Character,,5000,Minks;Big Mom Pirates,Strike,6,1000
671333,Megalo,Megalo,https://tcgplayer-cdn.tcgplayer.com/product/671333_200w.jpg,68,24537,https://cpt.tcgcsv.com/Hxn7,2026-01-16T05:10:17.13,1,0.25,1.02,99.0,1.05,,Foil,R,EB04-018,[On Play] You may rest this Character: K.O. up to 1 of your opponent's rested Characters with 8000 power or less.,Green,Character,,4000,Animal;Fish-Man Island,Wisdom,4,2000
671334,Shark Brick Fist,Shark Brick Fist,https://tcgplayer-cdn.tcgplayer.com/product/671334_200w.jpg,68,24537,https://cpt.tcgcsv.com/Jxn7,2026-01-16T05:10:17.13,1,0.01,0.13,3.0,0.09,,Normal,C,EB04-020,"[Counter] Up to 1 of your {Fish-Man} type Leader or Character cards gains +3000 power during this battle. Then, set up to 1 of your {Fish-Man} type Characters as active.<br>
[Trigger] Rest up to 1 of your opponent's Characters with a cost of 4 or less.",Green,Event,,,Fish-Man;The Sun Pirates;Fish-Man Island,,1,
671335,Igaram,Igaram,https://tcgplayer-cdn.tcgplayer.com/product/671335_200w.jpg,68,24537,https://cpt.tcgcsv.com/Kxn7,2026-01-16T05:10:17.13,1,0.01,0.1,4.0,0.06,,Normal,C,EB04-021,"[On Play] If your Leader is [Nefeltari Vivi], draw 2 cards and trash 1 card from your hand.<br>
[Activate: Main] [Once Per Turn] <strong>You may trash 1 card from your hand:</strong> Give up to 1 rested DON!! card to your Leader or 1 of your Characters.",Blue,Character,,4000,Alabasta,Wisdom,3,1000
671336,Issho - EB04-022,Issho EB04 022,https://tcgplayer-cdn.tcgplayer.com/product/671336_200w.jpg,68,24537,https://cpt.tcgcsv.com/Lxn7,2026-01-16T05:10:17.13,1,0.01,0.3,5.0,0.27,,Foil,R,EB04-022,"[On Play] <strong>You may trash 2 cards from your hand:</strong> If your opponent has 6 or more cards in their hand, your opponent places 2 cards from their hand at the bottom of their deck in any order.<br>
[DON!! x1] [When Attacking] <strong>You may trash 1 card from your hand:</strong> Give up to 1 of your opponent's Characters 2000 power during this turn.",Blue,Character,,7000,Navy;Dressrosa,Slash,5,
671337,Terracotta,Terracotta,https://tcgplayer-cdn.tcgplayer.com/product/671337_200w.jpg,68,24537,https://cpt.tcgcsv.com/Mxn7,2026-01-16T05:10:17.13,1,0.01,0.15,4.0,0.12,,Normal,C,EB04-024,"[Activate: Main] <strong>You may rest this Character and trash 1 card from your hand:</strong> Up to 1 of your {Alabasta} type Characters gains [Unblockable] during this turn.<br>
<em>(This card cannot be blocked.)</em>",Blue,Character,,,Alabasta,Wisdom,2,2000
671338,Bluegrass,Bluegrass,https://tcgplayer-cdn.tcgplayer.com/product/671338_200w.jpg,68,24537,https://cpt.tcgcsv.com/Nxn7,2026-01-16T05:10:17.13,1,0.01,0.15,4.0,0.1,,Normal,C,EB04-026,"[On Play] Place up to 1 of your opponent's Characters with a cost of 1 or less at the bottom of the owner's deck.<br>
[When Attacking] Draw 1 card and trash 1 card from your hand.",Blue,Character,,6000,Navy;Egghead,Special,4,
671339,Ice Time,Ice Time,https://tcgplayer-cdn.tcgplayer.com/product/671339_200w.jpg,68,24537,https://cpt.tcgcsv.com/Pxn7,2026-01-16T05:10:17.13,1,0.01,0.27,6.14,0.22,,Foil,R,EB04-028,"[Main] <strong>You may trash 1 card from your hand:</strong> If your Leader has the {Navy} type, up to 2 of your opponent's Characters with 10000 power or less cannot attack until the end of your opponent's next End Phase.<br>
<br>[Trigger] Return up to 1 Character with a cost of 5 or less to the owner's hand.",Blue,Event,,,Navy,,5,
671340,I Heard the Sound...of a Lady's Teardrops Falling,I Heard the Soundof a Ladys Teardrops Falling,https://tcgplayer-cdn.tcgplayer.com/product/671340_200w.jpg,68,24537,https://cpt.tcgcsv.com/Qxn7,2026-01-26T14:01:25.78,1,0.01,0.15,4.0,0.08,,Normal,C,EB04-029,"[Main] If your Leader is [Sanji], look at 3 cards from the top of your deck; reveal up to 1 [Sanji] or Event card and add it to your hand. Then, trash the rest.<br>
[Counter] <strong>You may trash 1 card from your hand:</strong> Up to 1 of your [Sanji] cards gains +4000 power during this battle.",Blue,Event,,,Straw Hat Crew;Punk Hazard,,1,
671341,King,King,https://tcgplayer-cdn.tcgplayer.com/product/671341_200w.jpg,68,24537,https://cpt.tcgcsv.com/Rxn7,2026-01-16T05:10:17.13,1,0.01,0.25,20.13,0.22,,Foil,R,EB04-031,"If this Character would be K.O.'d, you may return 1 DON!! card from your field to your DON!! deck instead.<br>
[Activate: Main] [Once Per Turn] If your Leader has the {Animal Kingdom Pirates} type and you have no other [King] Characters, add up to 1 DON!! card from your DON!! deck and set it as active, and add up to 1 additional DON!! card and rest it.",Purple,Character,,7000,Animal Kingdom Pirates;Lunarian,Special,6,
671342,Queen,Queen,https://tcgplayer-cdn.tcgplayer.com/product/671342_200w.jpg,68,24537,https://cpt.tcgcsv.com/Sxn7,2026-01-16T05:10:17.13,1,0.01,0.3,5.0,0.24,,Foil,R,EB04-032,"[On Play] <strong>You may trash 1 {Animal Kingdom Pirates} type card from your hand:</strong> Draw 2 cards.<br>
[Activate: Main] [Once Per Turn] <strong>You may rest 2 of your DON!! cards:</strong> If your Leader has the {Animal Kingdom Pirates} type, add up to 1 DON!! card from your DON!! deck and rest it.",Purple,Character,,1000,Animal Kingdom Pirates,Strike,1,1000
671343,Groggy Monsters,Groggy Monsters,https://tcgplayer-cdn.tcgplayer.com/product/671343_200w.jpg,68,24537,https://cpt.tcgcsv.com/Txn7,2026-01-16T05:10:17.13,1,0.01,0.11,1.58,0.07,,Normal,C,EB04-033,"[On Play] <strong>DON!! 1:</strong> If you have 3 or more {Foxy Pirates} type Characters, K.O. up to 1 of your opponent's Characters with 6000 base power or less.",Purple,Character,,6000,Fish-Man;Giant;Foxy Pirates,Strike,5,1000
671344,Charlotte Pudding,Charlotte Pudding,https://tcgplayer-cdn.tcgplayer.com/product/671344_200w.jpg,68,24537,https://cpt.tcgcsv.com/Vxn7,2026-01-16T05:10:17.13,1,0.01,0.15,3.1,0.12,,Normal,C,EB04-034,"[Blocker]<br>
[On Your Opponent's Attack] [Once Per Turn] <strong>You may trash 1 card from your hand:</strong> If you have 4 or more Events in your trash, up to 1 of your Leader or Character cards gains +2000 power during this battle.",Purple,Character,,1000,Big Mom Pirates,Wisdom,2,1000
671345,Hitokiri Kamazo,Hitokiri Kamazo,https://tcgplayer-cdn.tcgplayer.com/product/671345_200w.jpg,68,24537,https://cpt.tcgcsv.com/Wxn7,2026-01-16T05:10:17.13,1,0.01,0.1,3.0,0.06,,Normal,C,EB04-035,"[Blocker]<br>
[Your Turn] [Once Per Turn] When a DON!! card on your field is returned to your DON!! deck, if your Leader has the {Kid Pirates} type, add up to 1 DON!! card from your DON!! deck and rest it.",Purple,Character,,4000,Kid Pirates;Supernovas;SMILE,Slash,3,1000
671346,Porche,Porche,https://tcgplayer-cdn.tcgplayer.com/product/671346_200w.jpg,68,24537,https://cpt.tcgcsv.com/Xxn7,2026-01-16T05:10:17.13,1,0.01,0.14,3.0,0.1,,Normal,C,EB04-037,"[On Play] If your Leader has the {Foxy Pirates} type, look at 5 cards from the top of your deck; reveal up to 1 {Foxy Pirates} type card and add it to your hand. Then, place the rest at the bottom of your deck in any order.",Purple,Character,,2000,Foxy Pirates,Wisdom,1,1000
671347,"Eustass""Captain""Kid - EB04-039",EustassCaptainKid EB04 039,https://tcgplayer-cdn.tcgplayer.com/product/671347_200w.jpg,68,24537,https://cpt.tcgcsv.com/Zxn7,2026-01-16T05:10:17.13,1,0.02,0.2,5.0,0.15,,Foil,R,EB04-039,"[On Play] Add up to 1 DON!! card from your DON!! deck and set it as active.<br>
[Activate: Main] <strong>You may trash this Character:</strong> Play up to 1 {Kid Pirates} type Character card with a cost of 5 or less from your hand.",Purple,Character,,8000,Kid Pirates;Supernovas,Special,7,
671348,Flame Dragon Torch,Flame Dragon Torch,https://tcgplayer-cdn.tcgplayer.com/product/671348_200w.jpg,68,24537,https://cpt.tcgcsv.com/-xn7,2026-01-16T05:10:17.13,1,0.01,0.25,5.0,0.24,,Foil,R,EB04-040,"[Main] <strong>You may rest 6 of your DON!! cards:</strong> Up to 1 of your [Kaido] cards gains +3000 power during this turn. Then, rest up to 1 of your opponent's Characters.<br>
[Counter] <strong>DON!! 1:</strong> Your Leader gains +4000 power during this battle.",Purple,Event,,,Animal Kingdom Pirates;The Four Emperors,,1,
671349,Urouge,Urouge,https://tcgplayer-cdn.tcgplayer.com/product/671349_200w.jpg,68,24537,https://cpt.tcgcsv.com/_xn7,2026-01-16T05:10:17.13,1,0.01,0.15,3.0,0.07,,Normal,UC,OP14-002,"[When Attacking] If this Character has 5000 power or more, draw 1 card and K.O. up to 1 of your opponent's Characters with 3000 base power or less.",Red,Character,,2000,Fallen Monk Pirates;Supernovas,Strike,3,1000
671350,"Capone""Gang""Bege",CaponeGangBege,https://tcgplayer-cdn.tcgplayer.com/product/671350_200w.jpg,68,24537,https://cpt.tcgcsv.com/0zn7,2026-01-16T05:10:17.13,1,0.01,0.1,2.0,0.03,,Normal,C,OP14-003,This Character cannot be K.O.'d by effects of your opponent's Characters with 5000 base power or less.,Red,Character,,2000,Firetank Pirates;Supernovas,Ranged,1,1000
671351,Cavendish,Cavendish,https://tcgplayer-cdn.tcgplayer.com/product/671351_200w.jpg,68,24537,https://cpt.tcgcsv.com/2zn7,2026-01-16T05:10:17.13,1,0.01,0.15,3.0,0.07,,Normal,UC,OP14-004,"If this Character has 5000 power or more, this Character gains [Rush].<br>
<em>(This card can attack on the turn in which it is played.)</em>",Red,Character,,2000,Beautiful Pirates;Supernovas;Dressrosa,Slash,2,1000
671352,Killer,Killer,https://tcgplayer-cdn.tcgplayer.com/product/671352_200w.jpg,68,24537,https://cpt.tcgcsv.com/3zn7,2026-01-16T05:10:17.13,1,0.01,0.14,3.0,0.06,,Normal,C,OP14-005,[Activate: Main] [Once Per Turn] Give up to 1 rested DON!! card to your Leader or 1 of your Characters.,Red,Character,,1000,Kid Pirates;Supernovas,Slash,1,1000
671353,Shachi & Penguin,Shachi and Penguin,https://tcgplayer-cdn.tcgplayer.com/product/671353_200w.jpg,68,24537,https://cpt.tcgcsv.com/5zn7,2026-01-16T05:10:17.13,1,0.01,0.1,2.0,0.05,,Normal,C,OP14-006,"[When Attacking] If this Character has 5000 power or more, give up to 1 of your opponent's Characters 2000 power during this turn.",Red,Character,,2000,Heart Pirates,Ranged,2,1000
671354,Jewelry Bonney,Jewelry Bonney,https://tcgplayer-cdn.tcgplayer.com/product/671354_200w.jpg,68,24537,https://cpt.tcgcsv.com/6zn7,2026-01-16T05:10:17.13,1,0.01,0.13,3.0,0.1,,Normal,C,OP14-007,,Red,Character,,7000,Bonney Pirates;Supernovas,Special,6,2000
671355,Scratchmen Apoo,Scratchmen Apoo,https://tcgplayer-cdn.tcgplayer.com/product/671355_200w.jpg,68,24537,https://cpt.tcgcsv.com/7zn7,2026-01-16T05:10:17.13,1,0.01,0.1,3.0,0.04,,Normal,C,OP14-008,,Red,Character,,5000,On-Air Pirates;Supernovas,Special,3,1000
671356,Basil Hawkins,Basil Hawkins,https://tcgplayer-cdn.tcgplayer.com/product/671356_200w.jpg,68,24537,https://cpt.tcgcsv.com/8zn7,2026-01-16T05:10:17.13,1,0.01,0.15,2.0,0.07,,Normal,UC,OP14-010,"[On K.O.] Look at 5 cards from the top of your deck; play up to 1 {Supernovas} type Character card with 2000 power or less other than [Basil Hawkins]. Then, place the rest at the bottom of your deck in any order.",Red,Character,,2000,Hawkins Pirates;Supernovas,Slash,1,1000
671357,Bartolomeo,Bartolomeo,https://tcgplayer-cdn.tcgplayer.com/product/671357_200w.jpg,68,24537,https://cpt.tcgcsv.com/9zn7,2026-01-16T05:10:17.13,1,0.01,0.15,2.0,0.07,,Normal,UC,OP14-011,"[DON!! x2] This Character gains [Blocker].<br>
<em>(After your opponent declares an attack, you may rest this card to make it the new target of the attack.)</em>",Red,Character,,2000,Supernovas;Dressrosa;Barto Club,Special,2,2000
671358,Bepo,Bepo,https://tcgplayer-cdn.tcgplayer.com/product/671358_200w.jpg,68,24537,https://cpt.tcgcsv.com/bzn7,2026-01-16T05:10:17.13,1,0.01,0.1,3.02,0.05,,Normal,C,OP14-012,"[When Attacking] If this Character has 5000 power or more, give up to 2 rested DON!! cards to your Leader or 1 of your Characters.",Red,Character,,2000,Heart Pirates;Minks,Strike,2,1000
671359,"Eustass""Captain""Kid - OP14-014",EustassCaptainKid OP14 014,https://tcgplayer-cdn.tcgplayer.com/product/671359_200w.jpg,68,24537,https://cpt.tcgcsv.com/czn7,2026-01-16T05:10:17.13,1,0.01,0.2,9.88,0.14,,Foil,R,OP14-014,"[Blocker]<br>
[On Play] If your Leader has the {Supernovas} type, play up to 1 red Character card with 2000 power or less from your hand.",Red,Character,,5000,Kid Pirates;Supernovas,Special,4,1000
671360,X.Drake,XDrake,https://tcgplayer-cdn.tcgplayer.com/product/671360_200w.jpg,68,24537,https://cpt.tcgcsv.com/dzn7,2026-01-16T05:10:17.13,1,0.05,0.25,5.0,0.15,,Foil,R,OP14-016,"[Opponent's Turn] [Once Per Turn] If your {Supernovas} type Character would be removed from the field by your opponent's effect, you may give your Leader 2000 power during this turn instead.<br>
[DON!! x1] [When Attacking] Give up to 1 of your opponent's Characters 2000 power during this turn.",Red,Character,,7000,Drake Pirates;Navy;Supernovas,Slash,5,
671361,Chambres,Chambres,https://tcgplayer-cdn.tcgplayer.com/product/671361_200w.jpg,68,24537,https://cpt.tcgcsv.com/fzn7,2026-01-16T05:10:17.13,1,0.01,0.11,2.0,0.05,,Normal,C,OP14-017,[Main] Select 2 of your opponent's Characters with 9000 base power or less. Swap the base power of the selected Characters with each other during this turn.,Red,Event,,,Heart Pirates;Supernovas;The Seven Warlords of the Sea,,3,
671362,Time for the Counterattack,Time for the Counterattack,https://tcgplayer-cdn.tcgplayer.com/product/671362_200w.jpg,68,24537,https://cpt.tcgcsv.com/gzn7,2026-01-16T05:10:17.13,1,0.03,0.28,5.0,0.25,,Foil,R,OP14-018,"[Counter] If there is a Character with 8000 power or more, up to 1 of your Leader or Character cards gains +4000 power during this battle.<br>
[Trigger] Play up to 1 red Character card with 2000 power or less from your hand.",Red,Event,,,Heart Pirates;Supernovas;The Seven Warlords of the Sea,,1,
671363,I Have a Plan to Take Down One of the Four Emperors!!,I Have a Plan to Take Down One of the Four Emperors,https://tcgplayer-cdn.tcgplayer.com/product/671363_200w.jpg,68,24537,https://cpt.tcgcsv.com/hzn7,2026-01-16T05:10:17.13,1,0.01,0.15,2.0,0.13,,Normal,UC,OP14-019,"[Main] Look at 4 cards from the top of your deck; reveal up to 1 {Supernovas} or {Straw Hat Crew} type Character card and add it to your hand. Then, place the rest at the bottom of your deck in any order.<br>
[Trigger] Draw 1 card.",Red,Event,,,Heart Pirates;Supernovas;The Seven Warlords of the Sea,,4,
671364,Issho - OP14-021,Issho OP14 021,https://tcgplayer-cdn.tcgplayer.com/product/671364_200w.jpg,68,24537,https://cpt.tcgcsv.com/jzn7,2026-01-16T05:10:17.13,1,0.01,0.1,10.0,0.05,,Normal,C,OP14-021,"[Your Turn] When this Character becomes rested, you may add 1 card from the top of your Life cards to your hand. If you do, up to 1 of your opponent's rested Characters or Stages will not become active in your opponent's next Refresh Phase.",Green,Character,,7000,Navy;Dressrosa,Slash,6,1000
671365,Usopp,Usopp,https://tcgplayer-cdn.tcgplayer.com/product/671365_200w.jpg,68,24537,https://cpt.tcgcsv.com/kzn7,2026-01-16T05:10:17.13,1,0.02,0.19,20.0,0.15,,Normal,UC,OP14-022,"[End of Your Turn] If your Leader has the {FILM} or {Straw Hat Crew} type, set up to 2 of your DON!! cards as active.",Green,Character,,5000,FILM;Straw Hat Crew,Ranged,4,1000
671366,Kikunojo - OP14-023,Kikunojo OP14 023,https://tcgplayer-cdn.tcgplayer.com/product/671366_200w.jpg,68,24537,https://cpt.tcgcsv.com/lzn7,2026-01-22T16:16:36.63,1,0.05,0.4,9.95,0.32,,Foil,R,OP14-023,[End of Your Turn] Set this Character as active.,Green,Character,,2000,Land of Wano;The Akazaya Nine,Slash,1,2000
671367,Kin'emon,Kinemon,https://tcgplayer-cdn.tcgplayer.com/product/671367_200w.jpg,68,24537,https://cpt.tcgcsv.com/mzn7,2026-01-16T05:10:17.13,1,0.01,0.15,15.0,0.14,,Normal,C,OP14-024,"[On Play] Set up to 3 of your DON!! cards as active. Then, you cannot play Character cards during this turn.<br>
[On K.O.] Rest up to 1 of your opponent's cards.",Green,Character,,5000,Land of Wano;The Akazaya Nine,Slash,4,1000
671368,Kuro,Kuro,https://tcgplayer-cdn.tcgplayer.com/product/671368_200w.jpg,68,24537,https://cpt.tcgcsv.com/nzn7,2026-01-16T05:10:17.13,1,0.01,0.1,20.0,0.06,,Normal,C,OP14-025,"[On Play] If your Leader is [Kuro], play up to 1 {East Blue} type Character card with a cost of 6 or less from your hand.",Green,Character,,8000,East Blue;Black Cat Pirates,Slash,7,
671369,Kouzuki Oden,Kouzuki Oden,https://tcgplayer-cdn.tcgplayer.com/product/671369_200w.jpg,68,24537,https://cpt.tcgcsv.com/pzn7,2026-01-16T05:10:17.13,1,0.01,0.15,2.0,0.1,,Normal,UC,OP14-026,"[Opponent's Turn] If this Character is rested, this Character gains +2000 power.",Green,Character,,5000,Land of Wano;Kouzuki Clan,Slash,4,2000
671370,Shanks,Shanks,https://tcgplayer-cdn.tcgplayer.com/product/671370_200w.jpg,68,24537,https://cpt.tcgcsv.com/qzn7,2026-01-16T05:10:17.13,1,0.4,0.77,21.82,0.66,,Foil,R,OP14-027,"[Your Turn] When this Character becomes rested, rest up to 1 of your opponent's Characters with 7000 base power or less.<br>
[Opponent's Turn] If this Character is rested, give all of your opponent's Characters 1000 power.",Green,Character,,9000,The Four Emperors;Red-Haired Pirates;East Blue,Slash,7,
671371,Johnny,Johnny,https://tcgplayer-cdn.tcgplayer.com/product/671371_200w.jpg,68,24537,https://cpt.tcgcsv.com/rzn7,2026-01-16T05:10:17.13,1,0.01,0.1,3.5,0.04,,Normal,C,OP14-028,"[Your Turn] When this Character becomes rested, K.O. up to 1 of your opponent's rested Characters with a cost of 2 or less.",Green,Character,,2000,East Blue,Slash,2,1000
671372,Tashigi,Tashigi,https://tcgplayer-cdn.tcgplayer.com/product/671372_200w.jpg,68,24537,https://cpt.tcgcsv.com/szn7,2026-01-16T05:10:17.13,1,0.1,0.32,99.0,0.24,,Foil,R,OP14-029,"[Opponent's Turn] If this Character would be removed from the field by your opponent's effect, you may rest 1 of your cards instead.<br>
[Activate: Main] [Once Per Turn] <strong>You may rest 2 of your cards:</strong> This Character gains +2000 power until the end of your opponent's next End Phase.",Green,Character,,6000,Navy,Slash,5,1000
671373,Chaka & Pell - OP14-030,Chaka and Pell OP14 030,https://tcgplayer-cdn.tcgplayer.com/product/671373_200w.jpg,68,24537,https://cpt.tcgcsv.com/tzn7,2026-01-16T05:10:17.13,1,0.01,0.1,3.0,0.06,,Normal,C,OP14-030,,Green,Character,,7000,Alabasta,Slash,6,2000
671374,Humandrill,Humandrill,https://tcgplayer-cdn.tcgplayer.com/product/671374_200w.jpg,68,24537,https://cpt.tcgcsv.com/vzn7,2026-01-16T05:10:17.13,1,0.01,0.15,3.0,0.12,,Normal,UC,OP14-032,"[Your Turn] When this Character becomes rested, rest up to 1 of your opponent's Characters with a cost of 4 or less.",Green,Character,,4000,Animal;Muggy Kingdom,Slash,3,2000
671375,Monkey.D.Luffy - OP14-34,MonkeyDLuffy OP14 34,https://tcgplayer-cdn.tcgplayer.com/product/671375_200w.jpg,68,24537,https://cpt.tcgcsv.com/wzn7,2026-01-16T05:10:17.13,1,0.01,0.25,10.0,0.23,,Foil,R,OP14-034,"[Your Turn] All of your green {Straw Hat Crew} type Characters with a base cost of 4 or more gain +1000 power.<br>
[Once Per Turn] If your {Straw Hat Crew} type Character would be K.O.'d by your opponent's effect, you may rest 1 of your Characters instead.",Green,Character,,3000,FILM;Straw Hat Crew;Supernovas,Strike,3,1000
671376,Yosaku,Yosaku,https://tcgplayer-cdn.tcgplayer.com/product/671376_200w.jpg,68,24537,https://cpt.tcgcsv.com/xzn7,2026-01-16T05:10:17.13,1,0.01,0.1,1.58,0.05,,Normal,C,OP14-035,"[Your Turn] When this Character becomes rested, up to 1 of your opponent's rested Characters with a cost of 4 or less will not become active in your opponent's next Refresh Phase.",Green,Character,,2000,East Blue,Slash,2,1000
671377,"Strive to Surpass me, Roronoa Zoro!!!",Strive to Surpass me Roronoa Zoro,https://tcgplayer-cdn.tcgplayer.com/product/671377_200w.jpg,68,24537,https://cpt.tcgcsv.com/zzn7,2026-01-16T05:10:17.13,1,0.01,0.15,3.0,0.1,,Normal,C,OP14-036,"[Counter] <strong>You may rest 1 of your cards:</strong> Up to 1 of your Leader or Character cards gains +4000 power during this battle.<br>
[Trigger] <strong>You may rest 1 of your cards:</strong> Rest up to 1 of your opponent's Characters with 7000 base power or less.",Green,Event,,,The Seven Warlords of the Sea;East Blue,,1,
671378,For Fun,For Fun,https://tcgplayer-cdn.tcgplayer.com/product/671378_200w.jpg,68,24537,https://cpt.tcgcsv.com/Bzn7,2026-01-16T05:10:17.13,1,0.01,0.2,25.0,0.16,,Foil,R,OP14-037,"[Main] <strong>You may rest 3 of your cards:</strong> K.O. up to 1 of your opponent's rested Characters with 7000 base power or less.<br>
[Counter] Your Leader gains +3000 power during this battle.",Green,Event,,,The Seven Warlords of the Sea;East Blue,,1,
671379,I Never Bother to Remember the Faces of Trash,I Never Bother to Remember the Faces of Trash,https://tcgplayer-cdn.tcgplayer.com/product/671379_200w.jpg,68,24537,https://cpt.tcgcsv.com/Czn7,2026-01-16T05:10:17.13,1,0.01,0.15,3.0,0.1,,Normal,UC,OP14-038,"[Main] <strong>You may rest 2 of your cards:</strong> Draw 1 card and rest up to 1 of your opponent's Characters with 7000 base power or less.<br>
[Counter] Your Leader gains +3000 power during this battle.",Green,Event,,,The Seven Warlords of the Sea,,1,
671380,Coffin Boat,Coffin Boat,https://tcgplayer-cdn.tcgplayer.com/product/671380_200w.jpg,68,24537,https://cpt.tcgcsv.com/Dzn7,2026-01-16T05:10:17.13,1,0.01,0.15,2.5,0.1,,Normal,UC,OP14-039,"[On Play] If your Leader is [Dracule Mihawk], draw 1 card.<br>
[End of Your Turn] If your Leader is [Dracule Mihawk], set up to 1 of your DON!! cards as active.",Green,Stage,,,The Seven Warlords of the Sea;East Blue,,1,
671381,Arlong,Arlong,https://tcgplayer-cdn.tcgplayer.com/product/671381_200w.jpg,68,24537,https://cpt.tcgcsv.com/Fzn7,2026-01-16T05:10:17.13,1,0.01,0.2,20.0,0.14,,Foil,R,OP14-042,"[On Play] If your Leader has the {Fish-Man} type, look at 4 cards from the top of your deck; reveal up to 1 card with a cost of 2 or more and add it to your hand. Then, place the rest at the bottom of your deck in any order.",Blue,Character,,3000,Fish-Man;The Sun Pirates,Slash,1,
671382,Aladine,Aladine,https://tcgplayer-cdn.tcgplayer.com/product/671382_200w.jpg,68,24537,https://cpt.tcgcsv.com/Gzn7,2026-01-16T05:10:17.13,1,0.01,0.2,9.95,0.12,,Foil,R,OP14-043,"[On Play] Play up to 1 {Fish-Man} or {Merfolk} type Character card with a cost of 3 or less from your hand.<br>
[On K.O.] Draw 1 card.",Blue,Character,,5000,The Sun Pirates;Merfolk,Slash,4,1000
671383,Edward.Newgate,EdwardNewgate,https://tcgplayer-cdn.tcgplayer.com/product/671383_200w.jpg,68,24537,https://cpt.tcgcsv.com/Hzn7,2026-01-16T05:10:17.13,1,0.01,0.11,3.0,0.07,,Normal,C,OP14-044,"[Blocker]<br>
[On Play] Reveal 1 card from the top of your deck. If that card's type includes ""Whitebeard Pirates"", draw 2 cards and trash 1 card from your hand.",Blue,Character,,8000,The Four Emperors;Whitebeard Pirates,Special,8,1000
671384,Kuroobi,Kuroobi,https://tcgplayer-cdn.tcgplayer.com/product/671384_200w.jpg,68,24537,https://cpt.tcgcsv.com/Jzn7,2026-01-16T05:10:17.13,1,0.01,0.13,2.0,0.06,,Normal,UC,OP14-045,"When a card is trashed from your hand by an effect, this Character gains [Rush] during this turn.<br>
<em>(This card can attack on the turn in which it is played.)</em><br>
[On K.O.] Draw 1 card.",Blue,Character,,3000,Fish-Man;The Sun Pirates,Strike,3,1000
671385,Koala,Koala,https://tcgplayer-cdn.tcgplayer.com/product/671385_200w.jpg,68,24537,https://cpt.tcgcsv.com/Kzn7,2026-01-16T05:10:17.13,1,0.01,0.15,3.0,0.08,,Normal,UC,OP14-046,[Activate: Main] <strong>You may trash this Character:</strong> Up to 1 of your {Fish-Man} or {Merfolk} type Leader or Character cards gains +2000 power during this turn.,Blue,Character,,0,Foolshout Island,Wisdom,2,2000
671386,Shirahoshi,Shirahoshi,https://tcgplayer-cdn.tcgplayer.com/product/671386_200w.jpg,68,24537,https://cpt.tcgcsv.com/Lzn7,2026-01-16T05:10:17.13,1,0.01,0.25,10.0,0.14,,Foil,R,OP14-047,"[Blocker]<br>
[On Play] Draw 1 card and play up to 1 {Fish-Man} or {Merfolk} type Character card with a cost of 3 or less from your hand.",Blue,Character,,0,Merfolk;Fish-Man Island,Wisdom,4,1000
671387,Shiryu,Shiryu,https://tcgplayer-cdn.tcgplayer.com/product/671387_200w.jpg,68,24537,https://cpt.tcgcsv.com/Mzn7,2026-01-16T05:10:17.13,1,0.01,0.1,29.0,0.03,,Normal,C,OP14-048,"[On Play] Return up to 1 of your opponent's Characters to the owner's hand. Then, trash all cards from your hand.",Blue,Character,,10000,Impel Down,Slash,8,
671388,Chew,Chew,https://tcgplayer-cdn.tcgplayer.com/product/671388_200w.jpg,68,24537,https://cpt.tcgcsv.com/Nzn7,2026-01-16T05:10:17.13,1,0.01,0.17,5.0,0.1,,Normal,UC,OP14-050,"[On Play] If your Leader has the {Fish-Man} type, draw 1 card.",Blue,Character,,3000,Fish-Man;The Sun Pirates,Ranged,1,
671389,Hatchan,Hatchan,https://tcgplayer-cdn.tcgplayer.com/product/671389_200w.jpg,68,24537,https://cpt.tcgcsv.com/Pzn7,2026-01-16T05:10:17.13,1,0.01,0.11,3.0,0.04,,Normal,C,OP14-051,[DON!! x2] [On K.O.] Draw 1 card.,Blue,Character,,3000,Fish-Man;The Sun Pirates,Slash,1,
671390,Hannyabal,Hannyabal,https://tcgplayer-cdn.tcgplayer.com/product/671390_200w.jpg,68,24537,https://cpt.tcgcsv.com/Qzn7,2026-01-16T05:10:17.13,1,0.01,0.1,3.0,0.05,,Normal,C,OP14-052,"[Blocker]<br>
[On Play] <strong>You may trash 3 cards from your hand:</strong> Play up to 1 {Impel Down} type Character card with a cost of 6 or less from your hand.",Blue,Character,,6000,Impel Down,Slash,5,1000
671391,Vista,Vista,https://tcgplayer-cdn.tcgplayer.com/product/671391_200w.jpg,68,24537,https://cpt.tcgcsv.com/Rzn7,2026-01-16T05:10:17.13,1,0.01,0.1,3.0,0.03,,Normal,C,OP14-053,"[Blocker]<br>
[Opponent's Turn] If you have 7 or less cards in your hand, this Character's base power becomes the same as your Leader's base power.",Blue,Character,,4000,Whitebeard Pirates,Slash,3,1000
671392,Fisher Tiger,Fisher Tiger,https://tcgplayer-cdn.tcgplayer.com/product/671392_200w.jpg,68,24537,https://cpt.tcgcsv.com/Szn7,2026-01-16T05:10:17.13,1,0.01,0.15,3.0,0.09,,Normal,UC,OP14-054,"[On Play] If your Leader has the {Fish-Man} type, draw 3 cards.<br>
[End of Your Turn] Trash cards from your hand until you have 5 cards in your hand.",Blue,Character,,7000,Fish-Man;The Sun Pirates,Strike,4,1000
671393,The Macro Gang,The Macro Gang,https://tcgplayer-cdn.tcgplayer.com/product/671393_200w.jpg,68,24537,https://cpt.tcgcsv.com/Tzn7,2026-01-16T05:10:17.13,1,0.01,0.1,1.58,0.06,,Normal,C,OP14-055,,Blue,Character,,6000,Fish-Man;The Sun Pirates,Strike,5,2000
671394,Wadatsumi,Wadatsumi,https://tcgplayer-cdn.tcgplayer.com/product/671394_200w.jpg,68,24537,https://cpt.tcgcsv.com/Vzn7,2026-01-16T05:10:17.13,1,0.01,0.12,4.0,0.06,,Normal,C,OP14-056,"This Character cannot attack.<br>
When a card is trashed from your hand by an effect, this Character's effect is negated during this turn.",Blue,Character,,5000,Fish-Man;The Sun Pirates,Strike,3,2000
671395,Don't Worry!! I'm Here!!,Dont Worry Im Here,https://tcgplayer-cdn.tcgplayer.com/product/671395_200w.jpg,68,24537,https://cpt.tcgcsv.com/Wzn7,2026-01-16T05:10:17.13,1,0.01,0.12,5.0,0.05,,Normal,C,OP14-057,"[Main] All of your {Fish-Man} or {Merfolk} type Leader and Character cards gain +1000 power during this turn.<br>
[Trigger] Draw 2 cards.",Blue,Event,,,Fish-Man;The Seven Warlords of the Sea;The Sun Pirates,,2,
671396,Ocean Current Shoulder Throw,Ocean Current Shoulder Throw,https://tcgplayer-cdn.tcgplayer.com/product/671396_200w.jpg,68,24537,https://cpt.tcgcsv.com/Xzn7,2026-01-16T05:10:17.13,1,0.01,0.17,5.0,0.07,,Foil,R,OP14-058,"[Main] <strong>You may rest 3 of your DON!! cards:</strong> Play up to 1 {Fish-Man} type Character card with a cost of 3 or less from your hand. Then, return up to 1 Character with 6000 base power to the owner's hand.<br>
[Counter] Draw 1 card and your Leader gains +3000 power during this battle.",Blue,Event,,,Fish-Man;The Seven Warlords of the Sea;The Sun Pirates,,2,
671397,Please Take Me with You!! I Can Be of Great Help to You!!,Please Take Me with You I Can Be of Great Help to You,https://tcgplayer-cdn.tcgplayer.com/product/671397_200w.jpg,68,24537,https://cpt.tcgcsv.com/Zzn7,2026-01-16T05:10:17.13,1,0.01,0.12,3.0,0.07,,Normal,UC,OP14-059,"[Main] If your Leader is [Jinbe] and you have 2 or less cards in your hand, draw 2 cards.<br>
[Trigger] Return up to 1 Character with a cost of 4 or less to the owner's hand.",Blue,Event,,,Fish-Man;The Seven Warlords of the Sea;The Sun Pirates,,1,
671398,Vergo,Vergo,https://tcgplayer-cdn.tcgplayer.com/product/671398_200w.jpg,68,24537,https://cpt.tcgcsv.com/-zn7,2026-01-16T05:10:17.13,1,0.15,0.45,35.0,0.27,,Foil,R,OP14-061,"[Once Per Turn] If your {Donquixote Pirates} type Character would be removed from the field by your opponent's effect, you may return 1 DON!! card from your field to your DON!! deck instead.<br>
[When Attacking] <strong>DON!! 1:</strong> Give up to 1 of your opponent's Characters 2000 power during this turn.",Purple,Character,,7000,Donquixote Pirates;Navy;Punk Hazard,Strike,5,
671399,Gladius,Gladius,https://tcgplayer-cdn.tcgplayer.com/product/671399_200w.jpg,68,24537,https://cpt.tcgcsv.com/_zn7,2026-01-16T05:10:17.13,1,0.01,0.1,3.0,0.07,,Normal,C,OP14-062,[On K.O.] <strong>DON!! 1 <em>(You may return the specified number of DON!! cards from your field to your DON!! deck.)</em>:</strong> K.O. or rest up to 1 of your opponent's Characters with a base power of 6000 or less.,Purple,Character,,4000,Donquixote Pirates,Special,3,1000
671400,Giolla,Giolla,https://tcgplayer-cdn.tcgplayer.com/product/671400_200w.jpg,68,24537,https://cpt.tcgcsv.com/0Bn7,2026-01-16T05:10:17.13,1,0.01,0.1,3.0,0.05,,Normal,C,OP14-064,"[On K.O.] Add up to 1 DON!! card from your DON!! deck and rest it. Then, K.O. up to 1 of your opponent's Characters with a base power of 0.",Purple,Character,,1000,Donquixote Pirates,Special,3,1000
671401,Senor Pink,Senor Pink,https://tcgplayer-cdn.tcgplayer.com/product/671401_200w.jpg,68,24537,https://cpt.tcgcsv.com/2Bn7,2026-01-16T05:10:17.13,1,0.01,0.1,3.0,0.05,,Normal,C,OP14-065,[On K.O.] Your opponent returns 1 DON!! card from their field to their DON!! deck.,Purple,Character,,5000,Donquixote Pirates,Special,4,1000
671402,Diamante,Diamante,https://tcgplayer-cdn.tcgplayer.com/product/671402_200w.jpg,68,24537,https://cpt.tcgcsv.com/3Bn7,2026-01-16T05:10:17.13,1,0.01,0.1,1.58,0.03,,Normal,C,OP14-066,,Purple,Character,,8000,Donquixote Pirates,Slash,6,1000
671403,Dellinger,Dellinger,https://tcgplayer-cdn.tcgplayer.com/product/671403_200w.jpg,68,24537,https://cpt.tcgcsv.com/5Bn7,2026-01-16T05:10:17.13,1,0.01,0.16,3.0,0.11,,Normal,UC,OP14-067,"[On K.O.] Add up to 1 DON!! card from your DON!! deck and rest it, look at 5 cards from the top of your deck; reveal up to 1 {Donquixote Pirates} type card and add it to your hand. Then, place the rest at the bottom of your deck in any order.",Purple,Character,,2000,Donquixote Pirates,Strike,1,1000
671404,Trebol,Trebol,https://tcgplayer-cdn.tcgplayer.com/product/671404_200w.jpg,68,24537,https://cpt.tcgcsv.com/6Bn7,2026-01-16T05:10:17.13,1,0.02,0.16,2.0,0.1,,Normal,UC,OP14-068,"[Opponent's Turn] [Once Per Turn] When a DON!! card on your field is returned to your DON!! deck, if your Leader has the {Donquixote Pirates} type, add up to 1 DON!! card from your DON!! deck and rest it.",Purple,Character,,5000,Donquixote Pirates,Special,5,2000
671405,Buffalo,Buffalo,https://tcgplayer-cdn.tcgplayer.com/product/671405_200w.jpg,68,24537,https://cpt.tcgcsv.com/7Bn7,2026-01-16T05:10:17.13,1,0.01,0.1,3.0,0.03,,Normal,C,OP14-070,"When this Character becomes rested by your opponent's Character's effect, you may return 1 DON!! card from your field to your DON!! deck. If you do, set this Character as active.<br>
[Blocker]",Purple,Character,,1000,Donquixote Pirates,Strike,2,1000
671406,Pica,Pica,https://tcgplayer-cdn.tcgplayer.com/product/671406_200w.jpg,68,24537,https://cpt.tcgcsv.com/8Bn7,2026-01-16T05:10:17.13,1,0.01,0.15,3.0,0.09,,Normal,UC,OP14-071,"[End of Your Turn] If your Leader has the {Donquixote Pirates} type, add up to 1 DON!! card from your DON!! deck and set it as active.",Purple,Character,,6000,Donquixote Pirates,Strike,5,1000
671407,Baby 5,Baby 5,https://tcgplayer-cdn.tcgplayer.com/product/671407_200w.jpg,68,24537,https://cpt.tcgcsv.com/9Bn7,2026-01-16T05:10:17.13,1,0.1,0.25,3.0,0.19,,Normal,UC,OP14-072,"[On Play] Add up to 1 DON!! card from your DON!! deck and set it as active.<br>
[On K.O.] <strong>DON!! 1:</strong> Add up to 1 card from the top of your deck to the top of your Life cards.",Purple,Character,,1000,Donquixote Pirates,Special,4,1000
671408,Machvise,Machvise,https://tcgplayer-cdn.tcgplayer.com/product/671408_200w.jpg,68,24537,https://cpt.tcgcsv.com/bBn7,2026-01-16T05:10:17.13,1,0.01,0.1,3.0,0.04,,Normal,C,OP14-073,,Purple,Character,,7000,Donquixote Pirates,Strike,6,2000
671409,Monet,Monet,https://tcgplayer-cdn.tcgplayer.com/product/671409_200w.jpg,68,24537,https://cpt.tcgcsv.com/cBn7,2026-01-16T05:10:17.13,1,0.02,0.25,5.44,0.14,,Foil,R,OP14-074,"[On Play] If your Leader has the {Donquixote Pirates} type, add up to 1 DON!! card from your DON!! deck and set it as active.<br>
[On K.O.] Draw 2 cards and trash 1 card from your hand. Then, add up to 2 DON!! cards from your DON!! deck and rest them.",Purple,Character,,6000,Donquixote Pirates;Punk Hazard,Special,5,1000
671410,Lao.G,LaoG,https://tcgplayer-cdn.tcgplayer.com/product/671410_200w.jpg,68,24537,https://cpt.tcgcsv.com/dBn7,2026-01-16T05:10:17.13,1,0.01,0.1,3.0,0.04,,Normal,C,OP14-075,"[On K.O.] Add up to 1 DON!! card from your DON!! deck and rest it. Then, give up to 1 of your opponent's Characters 2000 power during this turn.",Purple,Character,,4000,Donquixote Pirates,Strike,3,1000
671411,Ever White,Ever White,https://tcgplayer-cdn.tcgplayer.com/product/671411_200w.jpg,68,24537,https://cpt.tcgcsv.com/fBn7,2026-01-16T05:10:17.13,1,0.01,0.2,5.99,0.11,,Foil,R,OP14-076,"[Main] <strong>You may rest 2 of your DON!! cards:</strong> If your Leader has the {Donquixote Pirates} type, add up to 1 DON!! card from your DON!! deck and rest it.<br>
[Counter] Your Leader gains +3000 power during this battle.",Purple,Event,,,Donquixote Pirates;The Seven Warlords of the Sea,,1,
671412,Penta-Chromatic String,Penta Chromatic String,https://tcgplayer-cdn.tcgplayer.com/product/671412_200w.jpg,68,24537,https://cpt.tcgcsv.com/gBn7,2026-01-16T05:10:17.13,1,0.01,0.18,5.0,0.16,,Normal,UC,OP14-077,"[Counter] Up to 1 of your Leader or Character cards gains +4000 power during this battle. Then, if your opponent has a Character with 6000 power or more, add up to 1 DON!! card from your DON!! deck and rest it.",Purple,Event,,,Donquixote Pirates;The Seven Warlords of the Sea,,2,
671413,Bullet String,Bullet String,https://tcgplayer-cdn.tcgplayer.com/product/671413_200w.jpg,68,24537,https://cpt.tcgcsv.com/hBn7,2026-01-16T05:10:17.13,1,0.01,0.15,3.0,0.07,,Normal,C,OP14-078,"[Counter] <strong>DON!! 1:</strong> If your Leader has the {Donquixote Pirates} type, up to 1 of your Leader or Character cards gains +2000 power during this battle. Then, that card gains an additional +2000 power during this turn.",Purple,Event,,,Donquixote Pirates;The Seven Warlords of the Sea,,2,
671414,Spider Mice,Spider Mice,https://tcgplayer-cdn.tcgplayer.com/product/671414_200w.jpg,68,24537,https://cpt.tcgcsv.com/jBn7,2026-01-16T05:10:17.13,1,0.01,0.11,3.0,0.11,,Normal,C,OP14-081,"[On Play] Trash 3 cards from the top of your deck.<br>
[On K.O.] K.O. up to 1 of your opponent's Characters with a base cost of 1.",Black,Character,,1000,Thriller Bark Pirates,Special,1,1000
671415,Oinkchuck,Oinkchuck,https://tcgplayer-cdn.tcgplayer.com/product/671415_200w.jpg,68,24537,https://cpt.tcgcsv.com/kBn7,2026-01-16T05:10:17.13,1,0.01,0.1,3.0,0.06,,Normal,C,OP14-082,[On K.O.] All of your {Thriller Bark Pirates} type Characters gain +4 cost until the end of your opponent's next End Phase.,Black,Character,,3000,Thriller Bark Pirates,Slash,2,1000
671416,Ms. Wednesday,Ms Wednesday,https://tcgplayer-cdn.tcgplayer.com/product/671416_200w.jpg,68,24537,https://cpt.tcgcsv.com/lBn7,2026-01-16T05:10:17.13,1,0.05,0.18,5.0,0.12,,Normal,UC,OP14-083,[Activate: Main] <strong>You may trash this Character:</strong> Give up to 1 of your opponent's 0 cost Characters 3000 power during this turn.,Black,Character,,1000,Baroque Works,Slash,1,2000
671417,Miss.Goldenweek(Marianne),MissGoldenweekMarianne,https://tcgplayer-cdn.tcgplayer.com/product/671417_200w.jpg,68,24537,https://cpt.tcgcsv.com/mBn7,2026-01-16T05:10:17.13,1,0.04,0.15,2.0,0.12,,Normal,UC,OP14-085,[On K.O.] Draw 2 cards and trash 2 cards from your hand.,Black,Character,,2000,Baroque Works,Wisdom,1,2000
671418,Miss Doublefinger(Zala),Miss DoublefingerZala,https://tcgplayer-cdn.tcgplayer.com/product/671418_200w.jpg,68,24537,https://cpt.tcgcsv.com/nBn7,2026-01-16T05:10:17.13,1,0.01,0.15,3.0,0.1,,Normal,C,OP14-086,"If you have 7 or more cards in your trash, this Character gains +1000 power, and all of your Characters with a type including ""Baroque Works"" gain +2 cost.",Black,Character,,6000,Baroque Works,Slash,5,1000
671419,Miss.Valentine(Mikita),MissValentineMikita,https://tcgplayer-cdn.tcgplayer.com/product/671419_200w.jpg,68,24537,https://cpt.tcgcsv.com/pBn7,2026-01-16T05:10:17.13,1,0.02,0.23,40.0,0.16,,Foil,R,OP14-087,"[On Play] If your Leader's type includes ""Baroque Works"", look at 4 cards from the top of your deck; reveal up to 1 card with a type including ""Baroque Works"" other than [Miss.Valentine(Mikita)] and add it to your hand. Then, trash the rest.",Black,Character,,2000,Baroque Works,Strike,1,1000
671420,Miss.MerryChristmas(Drophy),MissMerryChristmasDrophy,https://tcgplayer-cdn.tcgplayer.com/product/671420_200w.jpg,68,24537,https://cpt.tcgcsv.com/qBn7,2026-01-16T05:10:17.13,1,0.01,0.15,3.0,0.09,,Normal,C,OP14-088,"[On K.O.] If your Leader's type includes ""Baroque Works"", draw 1 card and K.O. up to 1 of your opponent's Stages with a cost of 1.",Black,Character,,2000,Baroque Works,Slash,1,2000
671421,Ryuma,Ryuma,https://tcgplayer-cdn.tcgplayer.com/product/671421_200w.jpg,68,24537,https://cpt.tcgcsv.com/rBn7,2026-01-16T05:10:17.13,1,0.01,0.15,3.0,0.1,,Normal,C,OP14-089,"[On K.O.] Draw 2 cards and trash 2 cards from your hand.<br>
[Trigger] Play up to 1 {Thriller Bark Pirates} type Character card with a cost of 4 or less from your trash rested.",Black,Character,,5000,Land of Wano;Thriller Bark Pirates,Slash,3,
671422,Mr.1(Daz.Bonez),Mr1DazBonez,https://tcgplayer-cdn.tcgplayer.com/product/671422_200w.jpg,68,24537,https://cpt.tcgcsv.com/sBn7,2026-01-16T05:10:17.13,1,0.23,0.37,10.0,0.28,,Foil,R,OP14-090,"If there is a Character with a cost of 0 or with a cost of 8 or more, this Character can attack Characters on the turn in which it is played.<br>
[On Play] Rest up to 1 of your opponent's Characters with a cost of 0.",Black,Character,,6000,Baroque Works,Slash,5,1000
671423,Mr.3(Galdino),Mr3Galdino,https://tcgplayer-cdn.tcgplayer.com/product/671423_200w.jpg,68,24537,https://cpt.tcgcsv.com/tBn7,2026-01-16T05:10:17.13,1,0.01,0.19,5.0,0.13,,Foil,R,OP14-092,"[Opponent's Turn] [Once Per Turn] If this Character would be K.O.'d, you may place 3 cards from your trash at the bottom of your deck in any order instead.",Black,Character,,6000,Baroque Works,Special,4,
671424,Mr.4(Babe),Mr4Babe,https://tcgplayer-cdn.tcgplayer.com/product/671424_200w.jpg,68,24537,https://cpt.tcgcsv.com/vBn7,2026-01-16T05:10:17.13,1,0.01,0.15,25.0,0.08,,Normal,C,OP14-093,"[Blocker]<br>
[On K.O.] Add up to 1 Character card with a type including ""Baroque Works"" and a cost of 8 or less from your trash to your hand.",Black,Character,,5000,Baroque Works,Strike,4,1000
671425,Mr.5(Gem),Mr5Gem,https://tcgplayer-cdn.tcgplayer.com/product/671425_200w.jpg,68,24537,https://cpt.tcgcsv.com/wBn7,2026-01-16T05:10:17.13,1,0.09,0.2,5.0,0.16,,Normal,UC,OP14-094,"[Blocker] <em>(After your opponent declares an attack, you may rest this card to make it the new target of the attack.)</em><br>
[On Play] If there is a Character with a cost of 0 or with a cost of 8 or more, draw 2 cards and trash 1 card from your hand.",Black,Character,,6000,Baroque Works,Strike,5,1000
671426,Mr.9,Mr9,https://tcgplayer-cdn.tcgplayer.com/product/671426_200w.jpg,68,24537,https://cpt.tcgcsv.com/xBn7,2026-01-16T05:10:17.13,1,0.01,0.11,3.0,0.05,,Normal,C,OP14-095,,Black,Character,,6000,Baroque Works,Strike,5,2000
671427,Ground Death,Ground Death,https://tcgplayer-cdn.tcgplayer.com/product/671427_200w.jpg,68,24537,https://cpt.tcgcsv.com/zBn7,2026-01-16T05:10:17.13,1,7.0,9.88,36.0,8.22,,Foil,R,OP14-096,"[Main] <strong>You may rest 2 of your DON!! cards:</strong> Negate the effect of up to 1 of your opponent's Characters with a cost of 5 or less during this turn.<br>
[Counter] If you have 10 or more cards in your trash, up to 1 of your Leader or Character cards gains +4000 power during this battle.",Black,Event,,,Baroque Works;The Seven Warlords of the Sea,,1,
671428,Hurry Up and Make Me the Pirate King!,Hurry Up and Make Me the Pirate King,https://tcgplayer-cdn.tcgplayer.com/product/671428_200w.jpg,68,24537,https://cpt.tcgcsv.com/BBn7,2026-01-16T05:10:17.13,1,0.01,0.15,3.0,0.11,,Normal,UC,OP14-097,"[Main] Look at 3 cards from the top of your deck; reveal up to 1 {Thriller Bark Pirates} type card other than [Hurry Up and Make Me the Pirate King!] and add it to your hand. Then, trash the rest.<br>
[Trigger] Activate this card's [Main] effect.",Black,Event,,,The Seven Warlords of the Sea;Thriller Bark Pirates,,1,
671429,Crescent Cutlass,Crescent Cutlass,https://tcgplayer-cdn.tcgplayer.com/product/671429_200w.jpg,68,24537,https://cpt.tcgcsv.com/CBn7,2026-01-16T05:10:17.13,1,0.01,0.12,3.0,0.05,,Normal,C,OP14-098,"[Main] If there is a Character with a cost of 0 or with a cost of 8 or more, all of your Characters with a type including ""Baroque Works"" gain +3 cost until the end of your opponent's next End Phase.<br>
[Counter] Your Leader gains +3000 power during this battle.",Black,Event,,,Impel Down;Former Baroque Works,,1,
671430,Disappointed?,Disappointed,https://tcgplayer-cdn.tcgplayer.com/product/671430_200w.jpg,68,24537,https://cpt.tcgcsv.com/DBn7,2026-01-16T05:10:17.13,1,0.1,0.25,5.0,0.16,,Normal,UC,OP14-099,"[Main] Look at 3 cards from the top of your deck; reveal up to 1 card with a type including ""Baroque Works"" other than [Disappointed?] and add it to your hand. Then, trash the rest.<br>
[Trigger] Activate this card's [Main] effect.",Black,Event,,,Baroque Works;The Seven Warlords of the Sea,,1,
671431,Absalom,Absalom,https://tcgplayer-cdn.tcgplayer.com/product/671431_200w.jpg,68,24537,https://cpt.tcgcsv.com/FBn7,2026-01-16T05:10:17.13,1,0.05,0.33,75.0,0.24,,Foil,R,OP14-100,"[On K.O.] Look at 3 cards from the top of your deck; reveal up to 1 {Thriller Bark Pirates} type card and add it to your hand. Then, place the rest at the bottom of your deck in any order.<br>
[Trigger] Play up to 1 {Thriller Bark Pirates} type Character card with a cost of 4 or less from your trash rested.",Yellow,Character,,5000,Thriller Bark Pirates,Ranged,3,
671432,Oars,Oars,https://tcgplayer-cdn.tcgplayer.com/product/671432_200w.jpg,68,24537,https://cpt.tcgcsv.com/GBn7,2026-01-16T05:10:17.13,1,0.01,0.1,3.0,0.05,,Normal,C,OP14-101,,Yellow,Character,,1000,Giant;Thriller Bark Pirates,Strike,8,1000
671433,Kumacy,Kumacy,https://tcgplayer-cdn.tcgplayer.com/product/671433_200w.jpg,68,24537,https://cpt.tcgcsv.com/HBn7,2026-01-16T05:10:17.13,1,0.07,0.2,2.0,0.14,,Normal,C,OP14-102,[Trigger] Play up to 1 {Thriller Bark Pirates} type Character card with a cost of 4 or less from your trash rested.,Yellow,Character,,2000,Thriller Bark Pirates,Strike,1,2000
671434,Gloriosa (Grandma Nyon),Gloriosa Grandma Nyon,https://tcgplayer-cdn.tcgplayer.com/product/671434_200w.jpg,68,24537,https://cpt.tcgcsv.com/JBn7,2026-01-16T05:10:17.13,1,0.01,0.15,1.58,0.14,,Normal,C,OP14-103,"[On Play] <strong>You may add 1 card from the top or bottom of your Life cards to your hand:</strong> Add up to 1 card from your hand to the top of your Life cards.<br>
[Trigger] Play this card.",Yellow,Character,,0,Amazon Lily,Wisdom,2,1000
671435,Gorgon Sisters,Gorgon Sisters,https://tcgplayer-cdn.tcgplayer.com/product/671435_200w.jpg,68,24537,https://cpt.tcgcsv.com/KBn7,2026-01-16T05:10:17.13,1,0.09,0.26,5.0,0.2,,Normal,UC,OP14-105,"[Activate: Main] [Once Per Turn] You may reveal 3 {Amazon Lily} or {Kuja Pirates} type cards from your hand: Give your Leader and all of your Characters up to 1 rested DON!! card each.<br>
[Trigger] If your Leader has the {Kuja Pirates} type, play this card.",Yellow,Character,,5000,Kuja Pirates;The Seven Warlords of the Sea,Slash;Special,6,2000
671436,Salome,Salome,https://tcgplayer-cdn.tcgplayer.com/product/671436_200w.jpg,68,24537,https://cpt.tcgcsv.com/LBn7,2026-01-16T05:10:17.13,1,0.01,0.12,1.58,0.09,,Normal,C,OP14-106,"[Blocker] <em>(After your opponent declares an attack, you may rest this card to make it the new target of the attack.)</em><br>
[Trigger] Play this card.",Yellow,Character,,1000,Animal;Amazon Lily,Strike,3,1000
671437,Shakuyaku,Shakuyaku,https://tcgplayer-cdn.tcgplayer.com/product/671437_200w.jpg,68,24537,https://cpt.tcgcsv.com/MBn7,2026-01-16T05:10:17.13,1,0.01,0.18,2.82,0.13,,Normal,UC,OP14-107,"[On Play] If your opponent has 3 or less Life cards, draw 2 cards and trash 2 cards from your hand.<br>
[Trigger] If your Leader has the {Kuja Pirates} type, play this card.",Yellow,Character,,5000,Amazon Lily,Wisdom,6,2000
671438,Silvers Rayleigh,Silvers Rayleigh,https://tcgplayer-cdn.tcgplayer.com/product/671438_200w.jpg,68,24537,https://cpt.tcgcsv.com/NBn7,2026-01-16T05:10:17.13,1,0.03,0.3,50.0,0.24,,Foil,R,OP14-108,"[On Play] If your Leader is multicolored and your opponent has 3 or less Life cards, K.O. up to 1 of your opponent's Characters with 7000 base power or less.<br>
[Trigger] Activate this card's [On Play] effect.",Yellow,Character,,6000,Former Roger Pirates,Slash,6,1000
671439,Victoria Cindry,Victoria Cindry,https://tcgplayer-cdn.tcgplayer.com/product/671439_200w.jpg,68,24537,https://cpt.tcgcsv.com/PBn7,2026-01-16T05:10:17.13,1,0.01,0.15,3.0,0.08,,Normal,C,OP14-109,"[Blocker]<br>
[Trigger] Play up to 1 {Thriller Bark Pirates} type Character card with a cost of 4 or less from your trash rested.",Yellow,Character,,1000,Thriller Bark Pirates,Slash,3,1000
671440,Dr. Hogback,Dr Hogback,https://tcgplayer-cdn.tcgplayer.com/product/671440_200w.jpg,68,24537,https://cpt.tcgcsv.com/QBn7,2026-01-16T05:10:17.13,1,0.99,1.94,25.0,1.69,,Foil,R,OP14-110,"[On K.O.] Play up to 1 Character card with a cost of 4 or less and a [Trigger] other than [Dr. Hogback] from your trash.<br>
[Trigger] Play up to 1 {Thriller Bark Pirates} type Character card with a cost of 4 or less from your trash rested.",Yellow,Character,,5000,Thriller Bark Pirates,Wisdom,4,1000
671441,Perona - OP14-111,Perona OP14 111,https://tcgplayer-cdn.tcgplayer.com/product/671441_200w.jpg,68,24537,https://cpt.tcgcsv.com/RBn7,2026-01-16T05:10:17.13,1,0.25,0.5,10.0,0.47,,Foil,R,OP14-111,"[On Play]/[On K.O.] Up to 1 of your opponent's Characters with a cost of 6 or less cannot attack until the end of your opponent's next End Phase.<br>
[Trigger] Play up to 1 {Thriller Bark Pirates} type Character card with a cost of 4 or less from your trash rested.",Yellow,Character,,5000,Thriller Bark Pirates,Special,4,1000
671442,Marguerite,Marguerite,https://tcgplayer-cdn.tcgplayer.com/product/671442_200w.jpg,68,24537,https://cpt.tcgcsv.com/SBn7,2026-01-16T05:10:17.13,1,0.01,0.16,4.0,0.15,,Normal,UC,OP14-113,"[On Play] Look at 5 cards from the top of your deck; reveal up to 1 {Amazon Lily} or {Kuja Pirates} type card and add it to your hand. Then, place the rest at the bottom of your deck in any order and trash 1 card from your hand.<br>
[Trigger] If your Leader has the {Kuja Pirates} type, play this card.",Yellow,Character,,5000,Amazon Lily,Wisdom,3,
671443,Ran,Ran,https://tcgplayer-cdn.tcgplayer.com/product/671443_200w.jpg,68,24537,https://cpt.tcgcsv.com/TBn7,2026-01-16T05:10:17.13,1,0.03,0.25,60.0,0.16,,Normal,UC,OP14-114,"[Activate: Main] [Once Per Turn] Give up to 1 rested DON!! card to 1 of your {Kuja Pirates} type Leader or Character cards.<br>
[Trigger] If your Leader has the {Kuja Pirates} type, play this card.",Yellow,Character,,5000,Kuja Pirates,Ranged,4,1000
671444,Rindo,Rindo,https://tcgplayer-cdn.tcgplayer.com/product/671444_200w.jpg,68,24537,https://cpt.tcgcsv.com/VBn7,2026-01-16T05:10:17.13,1,0.01,0.13,20.0,0.08,,Normal,C,OP14-115,"[Opponent's Turn] [On K.O.] Add up to 1 card from the top of your deck to the top of your Life cards. Then, you take 1 damage.<br>
[Trigger] If your Leader has the {Kuja Pirates} type, play this card.",Yellow,Character,,5000,Kuja Pirates,Ranged,5,1000
671445,Salamander,Salamander,https://tcgplayer-cdn.tcgplayer.com/product/671445_200w.jpg,68,24537,https://cpt.tcgcsv.com/WBn7,2026-01-16T05:10:17.13,1,0.01,0.11,3.0,0.04,,Normal,C,OP14-116,"[Counter] Up to 1 of your Leader or Character cards gains +2000 power during this battle. Then, play up to 1 {Amazon Lily} or {Kuja Pirates} type Character card with a cost of 4 or less from your hand.<br>
[Trigger] Draw 1 card.",Yellow,Event,,,Kuja Pirates,,4,
671446,Brick Bat,Brick Bat,https://tcgplayer-cdn.tcgplayer.com/product/671446_200w.jpg,68,24537,https://cpt.tcgcsv.com/XBn7,2026-01-16T05:10:17.13,1,0.01,0.14,2.0,0.09,,Normal,UC,OP14-117,"[Counter] Up to 1 of your {Thriller Bark Pirates} type Leader or Character cards gains +3000 power during this battle.<br>
[Trigger] Play up to 1 {Thriller Bark Pirates} type Character card with a cost of 4 or less from your trash rested.",Yellow,Event,,,Thriller Bark Pirates,,1,
671447,You'll Frighten Me...,Youll Frighten Me,https://tcgplayer-cdn.tcgplayer.com/product/671447_200w.jpg,68,24537,https://cpt.tcgcsv.com/ZBn7,2026-01-16T05:10:17.13,1,0.09,0.5,30.0,0.4,,Foil,R,OP14-118,"[Counter] If you have 2 or less Life cards, up to 1 of your opponent's active Characters cannot attack during this turn.<br>
[Trigger] Play up to 1 Character card with 6000 power or less and a [Trigger] from your hand.",Yellow,Event,,,Kuja Pirates;The Seven Warlords of the Sea,,1,
671448,Dracule Mihawk (Manga),Dracule Mihawk Manga,https://tcgplayer-cdn.tcgplayer.com/product/671448_200w.jpg,68,24537,https://cpt.tcgcsv.com/-Bn7,2026-01-16T05:10:17.13,1,625.0,859.5,2499.99,724.53,,Foil,SEC,OP14-119,"[Your Turn] When this Character becomes rested, up to 1 of your opponent's Characters with a cost of 9 or less cannot be rested until the end of your opponent's next End Phase.<br>
[On Your Opponent's Attack] [Once Per Turn] <strong>You may trash 1 card from your hand:</strong> Up to 1 of your Leader or Character cards gains +2000 power during this battle.",Green,Character,,10000,The Seven Warlords of the Sea,Slash,9,
671449,Kid & Killer - EB01-003 (SP),Kid and Killer EB01 003 SP,https://tcgplayer-cdn.tcgplayer.com/product/671449_200w.jpg,68,24537,https://cpt.tcgcsv.com/_Bn7,2026-01-16T05:10:17.13,1,79.0,99.48,240.98,82.84,,Foil,R,EB01-003,"[Rush] <em>(This card can attack on the turn in which it is played.)</em><br>
<br>[When Attacking] If your opponent has 2 or less Life cards, this Character gains +2000 power during this turn.",Red,Character,,5000,Kid Pirates;Supernovas,Slash;Special,4,
671450,"Eustass""Captain""Kid - EB04-039 (SP)",EustassCaptainKid EB04 039 SP,https://tcgplayer-cdn.tcgplayer.com/product/671450_200w.jpg,68,24537,https://cpt.tcgcsv.com/0Cn7,2026-01-16T05:10:17.13,1,85.91,97.83,250.0,90.46,,Foil,R,EB04-039,"[On Play] Add up to 1 DON!! card from your DON!! deck and set it as active.<br>
[Activate: Main] <strong>You may trash this Character:</strong> Play up to 1 {Kid Pirates} type Character card with a cost of 5 or less from your hand.",Purple,Character,,8000,Kid Pirates;Supernovas,Special,7,
671451,Perona - OP06-093 (SP),Perona OP06 093 SP,https://tcgplayer-cdn.tcgplayer.com/product/671451_200w.jpg,68,24537,https://cpt.tcgcsv.com/2Cn7,2026-01-16T05:10:17.13,1,150.99,300.0,1000.0,151.6,,Foil,SR,OP06-093,"[On Play] If your opponent has 5 or more cards in their hand, choose one:<br>
• Your opponent trashes 1 card from their hand.<br>
• Give up to 1 of your opponent's Characters 3 cost during this turn.",Black,Character,,5000,Thriller Bark Pirates,Special,4,2000
671452,Sengoku - OP07-046 (SP),Sengoku OP07 046 SP,https://tcgplayer-cdn.tcgplayer.com/product/671452_200w.jpg,68,24537,https://cpt.tcgcsv.com/3Cn7,2026-01-16T05:10:17.13,1,62.0,71.02,450.0,67.53,,Foil,R,OP07-046,"[On Play] Look at 5 cards from the top of your deck; reveal up to 1 {The Seven Warlords of the Sea} type card and add it to your hand. Then, place the rest at the bottom of your deck in any order.",Blue,Character,,2000,Navy,Wisdom,1,1000
671453,Buggy - OP09-051 (SP) (Gold),Buggy OP09 051 SP Gold,https://tcgplayer-cdn.tcgplayer.com/product/671453_200w.jpg,68,24537,https://cpt.tcgcsv.com/5Cn7,2026-01-16T05:10:17.13,1,1499.99,1784.91,5000.0,1769.82,,Foil,R,OP09-051,"[On Play] Place up to 1 of your opponent's Characters at the bottom of the owner's deck. Then, if you do not have 5 Characters with a cost of 5 or more, place this Character at the bottom of the owner's deck.",Blue,Character,,12000,The Four Emperors;Cross Guild,Slash,10,
671454,Buggy - OP09-051 (SP),Buggy OP09 051 SP,https://tcgplayer-cdn.tcgplayer.com/product/671454_200w.jpg,68,24537,https://cpt.tcgcsv.com/6Cn7,2026-01-16T05:10:17.13,1,890.0,1015.99,1400.99,932.12,,Foil,R,OP09-051,"[On Play] Place up to 1 of your opponent's Characters at the bottom of the owner's deck. Then, if you do not have 5 Characters with a cost of 5 or more, place this Character at the bottom of the owner's deck.",Blue,Character,,12000,The Four Emperors;Cross Guild,Slash,10,
671455,Sugar - OP10-065 (SP),Sugar OP10 065 SP,https://tcgplayer-cdn.tcgplayer.com/product/671455_200w.jpg,68,24537,https://cpt.tcgcsv.com/7Cn7,2026-01-16T05:10:17.13,1,91.0,113.82,295.0,108.38,,Foil,R,OP10-065,"[Activate: Main] <strong>Rest 1 of your DON!! cards and you may rest this Character:</strong> Look at 5 cards from the top of your deck; reveal up to 1 {Donquixote Pirates} type card and add it to your hand. Then, place the rest at the bottom of your deck in any order.",Purple,Character,,1000,Donquixote Pirates,Special,1,1000
671456,Dracule Mihawk - OP12-030 (SP),Dracule Mihawk OP12 030 SP,https://tcgplayer-cdn.tcgplayer.com/product/671456_200w.jpg,68,24537,https://cpt.tcgcsv.com/8Cn7,2026-01-16T05:10:17.13,1,139.75,158.11,274.99,148.77,,Foil,SR,OP12-030,"[Blocker]<br>
[On Play] Set up to 4 of your DON!! cards as active. Then, you cannot play Character cards with a base cost of 7 or more during this turn.",Green,Character,,8000,The Seven Warlords of the Sea;Muggy Kingdom,Slash,8,
671457,Boa Hancock - OP14-112 (SP),Boa Hancock OP14 112 SP,https://tcgplayer-cdn.tcgplayer.com/product/671457_200w.jpg,68,24537,https://cpt.tcgcsv.com/9Cn7,2026-01-16T05:10:17.13,1,457.76,648.34,1250.0,536.18,,Foil,SR,OP14-112,"[On Play] If your Leader has the {The Seven Warlords of the Sea} type, add up to 1 card from the top of your deck to the top of your Life cards. Then, add up to 1 card from the top of your opponent's Life cards to the owner's hand.<br>
[Trigger] Play up to 1 Character card with 6000 power or less and a [Trigger] from your hand.",Yellow,Character,,10000,Kuja Pirates;The Seven Warlords of the Sea,Special,9,
672111,Roronoa Zoro - OP14-015,Roronoa Zoro OP14 015,https://tcgplayer-cdn.tcgplayer.com/product/672111_200w.jpg,68,24537,https://cpt.tcgcsv.com/fSn7,2026-02-17T12:39:35.647,1,0.06,0.25,14.5,0.24,,Foil,R,OP14-015,"[Rush] <em>(This card can attack on the turn in which it is played.)</em>
<br>[When Attacking] Give up to 1 of your opponent's Characters -1000 power during this turn.",Red,Character,,8000,Straw Hat Crew;Supernovas,Slash,7,
672185,DON!! Card (Dracule Mihawk),DON Card Dracule Mihawk,https://tcgplayer-cdn.tcgplayer.com/product/672185_200w.jpg,68,24537,https://cpt.tcgcsv.com/KTn7,2026-03-09T12:50:14.607,1,0.1,0.5,10.0,0.51,,Foil,DON!!,,Your Turn +1000,,DON!!,,,,,,
672186,DON!! Card (Dracule Mihawk) (Gold),DON Card Dracule Mihawk Gold,https://tcgplayer-cdn.tcgplayer.com/product/672186_200w.jpg,68,24537,https://cpt.tcgcsv.com/LTn7,2026-01-16T05:10:17.13,1,13.79,18.24,80.0,15.68,,Foil,DON!!,,Your Turn +1000,,DON!!,,,,,,
672188,DON!! Card (Egghead),DON Card Egghead,https://tcgplayer-cdn.tcgplayer.com/product/672188_200w.jpg,68,24537,https://cpt.tcgcsv.com/NTn7,2026-03-09T12:48:40.527,1,0.11,0.53,10.0,0.53,,Foil,DON!!,,Your Turn +1000,,DON!!,,,,,,
672190,DON!! Card (Egghead) (Gold),DON Card Egghead Gold,https://tcgplayer-cdn.tcgplayer.com/product/672190_200w.jpg,68,24537,https://cpt.tcgcsv.com/QTn7,2026-01-16T05:10:17.13,1,9.72,12.62,99.9,12.02,,Foil,DON!!,,Your Turn +1000,,DON!!,,,,,,
672372,The Azure Sea's Seven - Dash Pack,The Azure Seas Seven Dash Pack,https://tcgplayer-cdn.tcgplayer.com/product/672372_200w.jpg,68,24537,https://cpt.tcgcsv.com/sZn7,2026-01-16T05:10:17.13,1,2.47,3.0,20.0,2.62,,Normal,,,,,,,,,,,
672373,"Eustass""Captain""Kid - OP14-014 (Dash Pack)",EustassCaptainKid OP14 014 Dash Pack,https://tcgplayer-cdn.tcgplayer.com/product/672373_200w.jpg,68,24537,https://cpt.tcgcsv.com/tZn7,2026-01-16T05:10:17.13,1,0.5,1.15,48.0,0.84,,Foil,R,OP14-014,"[Blocker]<br>
[On Play] If your Leader has the {Supernovas} type, play up to 1 red Character card with 2000 power or less from your hand.",Red,Character,,5000,Kid Pirates;Supernovas,Special,4,1000
672374,Tashigi (Dash Pack),Tashigi Dash Pack,https://tcgplayer-cdn.tcgplayer.com/product/672374_200w.jpg,68,24537,https://cpt.tcgcsv.com/vZn7,2026-01-16T05:10:17.13,1,1.0,2.73,19.95,1.66,,Foil,R,OP14-029,"[Opponent's Turn] If this Character would be removed from the field by your opponent's effect, you may rest 1 of your cards instead.<br>
[Activate: Main] [Once Per Turn] <strong>You may rest 2 of your cards:</strong> This Character gains +2000 power until the end of your opponent's next End Phase.",Green,Character,,6000,Navy,Slash,5,1000
672375,Aladine (Dash Pack),Aladine Dash Pack,https://tcgplayer-cdn.tcgplayer.com/product/672375_200w.jpg,68,24537,https://cpt.tcgcsv.com/wZn7,2026-01-16T05:10:17.13,1,0.15,0.62,10.0,0.48,,Foil,R,OP14-043,"[On Play] Play up to 1 {Fish-Man} or {Merfolk} type Character card with a cost of 3 or less from your hand.<br>
[On K.O.] Draw 1 card.",Blue,Character,,5000,The Sun Pirates;Merfolk,Slash,4,1000
672376,Monet (Dash Pack),Monet Dash Pack,https://tcgplayer-cdn.tcgplayer.com/product/672376_200w.jpg,68,24537,https://cpt.tcgcsv.com/xZn7,2026-01-16T05:10:17.13,1,1.0,2.7,15.0,1.78,,Foil,R,OP14-074,"[On Play] If your Leader has the {Donquixote Pirates} type, add up to 1 DON!! card from your DON!! deck and set it as active.<br>
[On K.O.] Draw 2 cards and trash 1 card from your hand. Then, add up to 2 DON!! cards from your DON!! deck and rest them.",Purple,Character,,6000,Donquixote Pirates;Punk Hazard,Special,5,1000
672377,Miss.Valentine(Mikita) (Dash Pack),MissValentineMikita Dash Pack,https://tcgplayer-cdn.tcgplayer.com/product/672377_200w.jpg,68,24537,https://cpt.tcgcsv.com/zZn7,2026-01-16T05:10:17.13,1,1.17,3.0,19.99,2.48,,Foil,R,OP14-087,"[On Play] If your Leader's type includes ""Baroque Works"", look at 4 cards from the top of your deck; reveal up to 1 card with a type including ""Baroque Works"" other than [Miss.Valentine(Mikita)] and add it to your hand. Then, trash the rest.",Black,Character,,2000,Baroque Works,Strike,1,1000
672378,Silvers Rayleigh (Dash Pack),Silvers Rayleigh Dash Pack,https://tcgplayer-cdn.tcgplayer.com/product/672378_200w.jpg,68,24537,https://cpt.tcgcsv.com/BZn7,2026-01-16T05:10:17.13,1,3.4,4.72,20.0,3.84,,Foil,R,OP14-108,"[On Play] If your Leader is multicolored and your opponent has 3 or less Life cards, K.O. up to 1 of your opponent's Characters with 7000 base power or less.<br>
[Trigger] Activate this card's [On Play] effect.",Yellow,Character,,6000,Former Roger Pirates,Slash,6,1000
672736,DON!! Card (Donquixote Doflamingo) (Double Pack Set Vol. 9),DON Card Donquixote Doflamingo Double Pack Set Vol 9,https://tcgplayer-cdn.tcgplayer.com/product/672736_200w.jpg,68,24537,https://cpt.tcgcsv.com/L6p7,2026-01-30T13:01:09.647,1,1.25,2.84,24.99,1.79,,Foil,DON!!,,Your Turn +1000,,DON!!,,,,,,
672738,DON!! Card (Crocodile) (Double Pack Set Vol. 9),DON Card Crocodile Double Pack Set Vol 9,https://tcgplayer-cdn.tcgplayer.com/product/672738_200w.jpg,68,24537,https://cpt.tcgcsv.com/N6p7,2026-01-30T13:02:07.27,1,1.91,3.0,40.0,2.24,,Foil,DON!!,,Your Turn +1000,,DON!!,,,,,,
675812,Special DON!! Card Pack DP-09,Special DON Card Pack DP 09,https://tcgplayer-cdn.tcgplayer.com/product/675812_200w.jpg,68,24537,https://cpt.tcgcsv.com/glq7,2026-01-30T13:20:20.76,1,3.64,6.56,10.0,4.21,,Normal,,,,,,,,,,,
